code;name;calories;protein;fat;carbo;fiber
1001;Mentega, asin;717;0,85;81,11;0,06;-
1002;Mentega, kocok, dengan garam;718;0,49;78,3;2,87;-
1003;Minyak mentega, tidak mengandung air;876;0,28;99,48;-;-
1004;Keju, biru;353;21,4;28,74;2,34;-
1005;Keju, batu bata;371;23,24;29,68;2,79;-
1006;Keju, brie;334;20,75;27,68;0,45;-
1007;Keju, camembert;300;19,8;24,26;0,46;-
1008;Keju, jintan;376;25,18;29,2;3,06;-
1009;Keju, cheddar;404;22,87;33,31;3,09;-
1010;Keju, Cheshire;387;23,37;30,6;4,78;-
1011;Keju, colby;394;23,76;32,11;2,57;-
1012;Keju, cottage, krim, dadih besar atau kecil;98;11,12;4,3;3,38;-
1013;Keju, cottage, krim, dengan buah;97;10,69;3,85;4,61;0,2
1014;Keju, cottage, tanpa lemak, tanpa dadih, dikeringkan, besar atau kecil;72;10,34;0,29;6,66;-
1015;Keju, cottage, lemak rendah, lemak susu 2%;81;10,45;2,27;4,76;-
1016;Keju, cottage, lemak rendah, lemak susu 1%;72;12,39;1,02;2,72;-
1017;Keju, krim;350;6,15;34,44;5,52;-
1018;Keju, edam;357;24,99;27,8;1,43;-
1019;Keju, feta;264;14,21;21,28;4,09;-
1020;Keju, fontina;389;25,6;31,14;1,55;-
1021;Keju, gjetost;466;9,65;29,51;42,65;-
1022;Keju, gouda;356;24,94;27,44;2,22;-
1023;Keju, gruyere;413;29,81;32,34;0,36;-
1024;Keju, limburger;327;20,05;27,25;0,49;-
1025;Keju, monterey;373;24,48;30,28;0,68;-
1026;Keju, mozzarella, susu murni;300;22,17;22,35;2,19;-
1027;Keju, mozzarella, susu murni, kelembaban rendah;318;21,6;24,64;2,47;-
1028;Keju, mozzarella, sebagian susu skim;254;24,26;15,92;2,77;-
1029;Keju, mozzarella, kelembaban rendah, sebagian skim;295;23,75;19,78;5,58;-
1030;Keju, muenster;368;23,41;30,04;1,12;-
1031;Keju, neufchatel;253;9,15;22,78;3,59;-
1032;Keju, parmesan, parut;420;28,42;27,84;13,91;-
1033;Keju, parmesan, keras;392;35,75;25,83;3,22;-
1034;Keju, port de salut;352;23,78;28,2;0,57;-
1035;Keju, provolon;351;25,58;26,62;2,14;-
1036;Keju, ricotta, susu murni;174;11,26;12,98;3,04;-
1037;Keju, ricotta, sebagian susu skim;138;11,39;7,91;5,14;-
1038;Keju, romano;387;31,8;26,94;3,63;-
1039;Keju, roquefort;369;21,54;30,64;2;-
1040;Keju, swiss;393;26,96;30,99;1,44;-
1041;Keju, tilsit;340;24,41;25,98;1,88;-
1042;Keju, proses pasteurisasi, Amerika, diperkaya dengan vitamin D;366;18,13;30,71;4,78;-
1043;Keju, proses pasteurisasi, bumbu cengkeh;375;22,13;31,2;1,73;0,1
1044;Keju, proses pasteurisasi, swiss;334;24,73;25,01;2,1;-
1045;Makanan keju, paket dingin, Amerika;331;19,66;24,46;8,32;-
1046;Makanan keju, proses pasteurisasi, Amerika, vitamin D diperkaya;330;16,86;25,63;8,56;-
1047;Makanan keju, proses pasteurisasi, swiss;323;21,92;24,14;4,5;-
1048;Penyebaran keju, proses pasteurisasi, Amerika;290;16,41;21,23;8,73;-
1049;Krim, cairan, setengah dan setengah;123;3,13;10,39;4,73;-
1050;Krim, cairan, cahaya (krim kopi atau krim meja);191;2,96;19,1;2,82;-
1052;Krim, cairan, cambuk ringan;292;2,17;30,91;2,96;-
1053;Krim, cairan, cambuk berat;340;2,84;36,08;2,74;-
1054;Krim, dikocok, topping krim, bertekanan;257;3,2;22,22;12,49;-
1055;Krim, asam, lemak berkurang, dikultur;135;2,94;12;4,26;-
1056;Krim, asam, berbudaya;198;2,44;19,35;4,63;-
1057;Minuman telur kopyok;88;4,55;4,19;8,05;-
1058;Saus asam, non-butterfat, berbudaya, jenis krim diisi;178;3,25;16,57;4,68;-
1059;Susu, diisi, cairan, dengan campuran minyak sayur terhidrogenasi;63;3,33;3,46;4,74;-
1060;Susu, diisi, cairan, dengan minyak asam laurat;63;3,33;3,4;4,74;-
1061;Keju, Amerika, tanpa lemak atau bebas lemak;126;21,05;-;10,53;-
1067;Pengganti krim, cair, dengan minyak sayur terhidrogenasi dan protein kedelai;136;1;9,97;11,38;-
1068;Pengganti krim, cair, dengan minyak asam laurat dan natrium kaseinat;136;1;9,97;11,38;-
1069;Pengganti krim, bubuk;529;2,48;32,92;59,29;-
1070;Topping makanan penutup, bubuk;577;4,9;39,92;52,54;-
1071;Topping makanan penutup, bubuk, 1,5 ons disiapkan dengan 1/2 gelas susu;194;3,61;12,72;17,13;-
1072;Topping makanan penutup, bertekanan;264;0,98;22,3;16,07;-
1073;Topping makanan penutup, semi padat, beku;318;1,25;25,31;23,05;-
1074;Krim asam, imitasi, berbudaya;208;2,4;19,52;6,63;-
1076;Pengganti susu, cairan, dengan minyak asam laurat;61;1,75;3,41;6,16;-
1077;Susu, utuh, 3,25% lemak susu, dengan tambahan vitamin D;61;3,15;3,25;4,8;-
1078;Susu, produsen, cairan, 3,7% lemak susu;64;3,28;3,66;4,65;-
1079;Susu, mengurangi lemak, cairan, lemak susu 2%, dengan tambahan vitamin A dan vitamin D;50;3,3;1,98;4,8;-
1080;Susu, mengurangi lemak, cairan, lemak susu 2%, dengan tambahan susu tanpa lemak dan vitamin A dan vitamin D;51;3,48;1,92;4,97;-
1081;Susu, mengurangi lemak, cairan, lemak susu 2%, protein yang diperkaya, dengan tambahan vitamin A dan vitamin D;56;3,95;1,98;5,49;-
1082;Susu, lemak rendah, cairan, lemak susu 1%, dengan tambahan vitamin A dan vitamin D;42;3,37;0,97;4,99;-
1083;Susu, lemak rendah, cairan, lemak susu 1%, dengan tambahan padatan susu tanpa lemak, vitamin A dan vitamin D;43;3,48;0,97;4,97;-
1084;Susu, lemak rendah, cairan, lemak susu 1%, protein yang diperkaya, dengan tambahan vitamin A dan vitamin D;48;3,93;1,17;5,52;-
1085;Susu, tanpa lemak, cairan, dengan tambahan vitamin A dan vitamin D (bebas lemak atau skim);34;3,37;0,08;4,96;-
1086;Susu, tanpa lemak, cairan, dengan menambahkan padatan susu tanpa lemak, vitamin A dan vitamin D (bebas lemak atau skim);37;3,57;0,25;5,02;-
1087;Susu, tanpa lemak, cairan, protein yang diperkaya, dengan tambahan vitamin A dan vitamin D (bebas lemak dan skim);41;3,96;0,25;5,56;-
1088;Susu, susu, cairan, dikultur, rendah lemak;40;3,31;0,88;4,79;-
1089;Susu, natrium rendah, cairan;61;3,1;3,46;4,46;-
1090;Susu, dikeringkan, utuh, dengan tambahan vitamin D;496;26,32;26,71;38,42;-
1091;Susu, dikeringkan, tanpa lemak, teratur, tanpa tambahan vitamin A dan vitamin D;362;36,16;0,77;51,98;-
1092;Susu, dikeringkan, tanpa lemak, instan, dengan tambahan vitamin A dan vitamin D;358;35,1;0,72;52,19;-
1093;Susu, dikeringkan, tanpa lemak, kalsium berkurang;354;35,5;0,2;51,8;-
1094;Susu, susu, kering;387;34,3;5,78;49;-
1095;Susu, kaleng, kental, manis;321;7,91;8,7;54,4;-
1096;Susu, kaleng, diuapkan, dengan tambahan vitamin D dan tanpa tambahan vitamin A;134;6,81;7,56;10,04;-
1097;Susu, kaleng, diuapkan, tanpa lemak, dengan tambahan vitamin A dan vitamin D;78;7,55;0,2;11,35;-
1102;Susu, coklat, cairan, komersial, utuh, dengan tambahan vitamin A dan vitamin D;83;3,17;3,39;10,34;0,8
1103;Susu, coklat, cairan, komersial, lemak berkurang, dengan tambahan vitamin A dan vitamin D;76;2,99;1,9;12,13;0,7
1104;Susu, cokelat, rendah lemak, dengan tambahan vitamin A dan vitamin D;62;3,46;1;9,86;0,1
1105;Susu, minuman cokelat, cokelat panas, buatan sendiri;77;3,52;2,34;10,74;1
1106;Susu, kambing, cairan, dengan tambahan vitamin D;69;3,56;4,14;4,45;-
1107;Susu, manusia, dewasa, cairan;70;1,03;4,38;6,89;-
1108;Susu, kerbau India, cairan;97;3,75;6,89;5,18;-
1109;Susu, domba, cairan;108;5,98;7;5,36;-
1110;Susu kocok, cokelat kental;119;3,05;2,7;21,15;0,3
1111;Susu kocok, vanilla kental;112;3,86;3,03;17,75;-
1112;Whey, asam, cairan;24;0,76;0,09;5,12;-
1113;Whey, asam, kering;339;11,73;0,54;73,45;-
1114;Whey, manis, cair;27;0,85;0,36;5,14;-
1115;Whey, manis, kering;353;12,93;1,07;74,46;-
1116;Yogurt, tawar, susu murni, 8 gram protein per 8 ons;61;3,47;3,25;4,66;-
1117;Yogurt, tawar, rendah lemak, protein 12 gram per 8 ons;63;5,25;1,55;7,04;-
1118;Yoghurt, polos, susu skim, 13 gram protein per 8 ons;56;5,73;0,18;7,68;-
1119;Yogurt, vanila, rendah lemak, 11 gram protein per 8 ons;85;4,93;1,25;13,8;-
1120;Yogurt, buah, rendah lemak, 9 gram protein per 8 ons;99;3,98;1,15;18,64;-
1121;Yogurt, buah, rendah lemak, 10 gram protein per 8 ons;102;4,37;1,08;19,05;-
1122;Yogurt, buah, rendah lemak, 11 gram protein per 8 ons;105;4,86;1,41;18,6;-
1123;Telur, utuh, mentah, segar;143;12,56;9,51;0,72;-
1124;Telur, putih, mentah, segar;52;10,9;0,17;0,73;-
1125;Telur, kuning telur, mentah, segar;322;15,86;26,54;3,59;-
1126;Telur, kuning telur, mentah, beku, dipasteurisasi;296;15,53;25,6;0,81;-
1127;Telur, kuning telur, mentah, beku, gula, dipasteurisasi;307;13,87;22,82;10,95;-
1128;Telur, utuh, dimasak, digoreng;196;13,61;14,84;0,83;-
1129;Telur, utuh, matang, rebus-keras;155;12,58;10,61;1,12;-
1130;Telur, utuh, matang, telur dadar;154;10,57;11,66;0,64;-
1131;Telur, utuh, matang, rebus;143;12,51;9,47;0,71;-
1132;Telur, utuh, dimasak, diaduk;149;9,99;10,98;1,61;-
1133;Telur, utuh, kering;592;48,05;43,9;1,13;-
1134;Telur, utuh, dikeringkan, stabil, glukosa berkurang;615;48,17;43,95;2,38;-
1135;Telur, putih, dikeringkan, serpih, distabilkan, glukosa berkurang;351;76,92;0,04;4,17;-
1136;Telur, putih, dikeringkan, bubuk, stabil, glukosa berkurang;376;82,4;0,04;4,47;-
1137;Telur, kuning telur, kering;669;33,63;59,13;0,66;-
1138;Telur, bebek, utuh, segar, mentah;185;12,81;13,77;1,45;-
1139;Telur, angsa, utuh, segar, mentah;185;13,87;13,27;1,35;-
1140;Telur, puyuh, utuh, segar, mentah;158;13,05;11,09;0,41;-
1141;Telur, kalkun, utuh, segar, mentah;171;13,68;11,88;1,15;-
1144;Pengganti telur, bubuk;444;55,5;13;21,8;-
1145;Mentega, tanpa garam;717;0,85;81,11;0,06;-
1146;Keju, parmesan, iris;415;37,86;27,34;3,41;-
1151;Susu, tanpa lemak, cairan, tanpa tambahan vitamin A dan vitamin D (bebas lemak atau skim);34;3,37;0,08;4,96;-
1152;Susu, mengurangi lemak, cairan, lemak susu 2%, dengan menambahkan padatan susu tanpa lemak, tanpa tambahan vitamin A;56;3,95;1,98;5,49;-
1153;Susu, kaleng, diuapkan, dengan tambahan vitamin A;134;6,81;7,56;10,04;-
1154;Susu, dikeringkan, tanpa lemak, teratur, dengan tambahan vitamin A dan vitamin D;362;36,16;0,77;51,98;-
1155;Susu, dikeringkan, tanpa lemak, instan, tanpa tambahan vitamin A dan vitamin D;358;35,1;0,72;52,19;-
1156;Keju, kambing, tipe keras;452;30,52;35,59;2,17;-
1157;Keju, kambing, jenis semisoft;364;21,58;29,84;0,12;-
1159;Keju, kambing, tipe lunak;264;18,52;21,08;-;-
1160;Telur, kuning telur, mentah, beku, asin, dipasteurisasi;275;14,07;22,93;1,77;-
1161;Pengganti keju, mozzarella;248;11,47;12,22;23,67;-
1164;Saus keju, dibuat dari resep;197;10,33;14,92;5,48;0,1
1165;Keju, meksiko, queso anejo;373;21,44;29,98;4,63;-
1166;Keju, meksiko, queso asadero;356;22,6;28,26;2,87;-
1167;Keju, meksiko, queso chihuahua;374;21,56;29,68;5,56;-
1168;Keju, rendah lemak, cheddar atau colby;173;24,35;7;1,91;-
1169;Keju, rendah sodium, cheddar atau colby;398;24,35;32,62;1,91;-
1171;Telur, utuh, mentah, beku, dipasteurisasi;147;12,33;9,95;1,01;-
1172;Telur, putih, mentah, beku, dipasteurisasi;48;10,2;-;1,04;-
1173;Telur, putih, kering;382;81,1;-;7,8;-
1174;Susu, mengurangi lemak, cairan, lemak susu 2%, tanpa tambahan vitamin A dan vitamin D;50;3,3;1,98;4,8;-
1175;Susu, cairan, 1% lemak, tanpa tambahan vitamin A dan vitamin D;42;3,37;0,97;4,99;-
1178;Krim asam, mengurangi lemak;181;7;14,1;7;-
1179;Krim asam, ringan;136;3,5;10,6;7,1;-
1180;Krim asam, bebas lemak;74;3,1;-;15,6;-
1182;Komoditas USDA, keju, cheddar, lemak berkurang;282;27,2;18,3;2;-
1184;Yogurt, rasa vanila atau lemon, susu tanpa lemak, dimaniskan dengan pemanis rendah kalori;43;3,86;0,18;7,5;-
1185;Topping keju parmesan, bebas lemak;370;40;5;40;-
1186;Keju, krim, bebas lemak;105;15,69;1;7,66;-
1187;Yogurt, cokelat, susu tanpa lemak;112;3,53;-;23,53;1,2
1188;Kraft Cheez Whiz Proses Keju Saus Yang Dipasteurisasi;276;12;21;9,2;0,3
1189;Kraft Cheez Whiz Light Produk Keju Yang Dipasteurisasi;215;16,3;9,5;16,2;0,2
1190;Kraft Gratis Single Produk Keju Pasteur Nonfat Dari Amerika;148;22,7;1;11,7;0,2
1191;Kraft Velveeta Proses Keju Yang Dipasteurisasi;303;16,3;22;9,8;-
1192;Kraft Velveeta Light Produk Keju Lemak Yang Dipasteurisasi Diproses;222;19,6;10,6;11,8;-
1193;Krim Asam Lemak Berkurang Breakstone Kraft;152;4,5;12;6,5;0,1
1194;Krim Asam Bebas Lemak Gratis Kraft Breakstone;91;4,7;1,3;15,1;-
1199;Krim, setengah dan setengah, bebas lemak;59;2,6;1,4;9;-
1200;Reddi Wip Topping Kocok Bebas Lemak;149;3;5;25;0,4
1202;Susu, coklat, cairan, komersial, lemak berkurang, dengan tambahan kalsium;78;2,99;1,9;12,13;0,7
1203;Yogurt, buah, rendah lemak, dengan pemanis rendah kalori;105;4,86;1,41;18,6;-
1204;Keju, parmesan, parut kering, lemak berkurang;265;20;20;1,37;-
1205;Pengganti krim, rasa, cair;251;0,69;13,5;35,07;1,1
1206;Pengganti krim, rasa, bubuk;482;0,68;21,47;75,42;1,2
1208;Keju, provolon, lemak berkurang;274;24,7;17,6;3,5;-
1209;Keju, meksiko, campuran, lemak berkurang;282;24,69;19,4;3,41;-
1210;Campuran Telur, Komoditas USDA;555;35,6;34,5;23,97;-
1211;Susu, utuh, lemak susu 3,25%, tanpa tambahan vitamin A dan vitamin D;61;3,15;3,27;4,78;-
1212;Susu, dikeringkan, utuh, tanpa tambahan vitamin D;496;26,32;26,71;38,42;-
1214;Susu, kaleng, diuapkan, tanpa tambahan vitamin A dan vitamin D;135;6,81;7,56;10,04;-
1215;Produk keju, proses pasteurisasi, Amerika, mengurangi lemak, diperkaya dengan vitamin D;240;17,6;14,1;10,6;-
1216;Yogurt, buah, rendah lemak, 9 gram protein per 8 ons, diperkaya dengan vitamin D;99;3,98;1,15;18,64;-
1217;Yogurt, buah, rendah lemak, 10 gram protein per 8 ons, diperkaya dengan vitamin D;102;4,37;1,08;19,05;-
1218;Yogurt, varietas buah, tanpa lemak, diperkaya dengan vitamin D;95;4,4;0,2;19;-
1219;Yogurt, buah, rendah lemak, dengan pemanis rendah kalori, diperkaya dengan vitamin D;105;4,86;1,41;18,6;-
1220;Yogurt, vanila, rendah lemak, 11 gram protein per 8 ons, diperkaya dengan vitamin D;85;4,93;1,25;13,8;-
1221;Yogurt, rasa vanila atau lemon, susu tanpa lemak, dimaniskan dengan pemanis rendah kalori, diperkaya dengan vitamin D;43;3,86;0,18;7,5;-
1222;Yogurt, cokelat, susu tanpa lemak, diperkaya dengan vitamin D;112;3,53;-;23,53;1,2
1223;Suplemen protein, berbasis susu, Susu Otot, bubuk;411;45,71;17,14;18,5;7,1
1224;Suplemen protein, berbasis susu, Muscle Milk Light, bubuk;396;50;12;22;2
1225;Dulce de Leche;315;6,84;7,35;55,35;-
1226;Pengganti telur, cair atau beku, bebas lemak;48;10;-;2;-
1227;Keju, putih kering, seco queso;325;24,51;24,35;2,04;-
1228;Keju, segar, lukisan fresco;299;18,09;23,82;2,98;-
1229;Keju, putih, queso blanco;310;20,38;24,31;2,53;-
1230;Susu, susu, cairan, utuh;62;3,21;3,31;4,88;-
1231;Yogurt, rasa vanila, susu rendah lemak, dimaniskan dengan pemanis rendah kalori;86;4,93;1,25;13,8;-
1235;Yoghurt, beku, bukan citarasa cokelat, susu tanpa lemak, dengan pemanis rendah kalori;104;4,4;0,8;19,7;2
1236;Es krim, sajian lembut, cokelat;222;4,1;13;22,2;0,7
1237;Es krim, batang atau batang, dilapisi cokelat;331;4,1;24,1;24,5;0,8
1238;Sandwich es krim;237;4,29;8,57;37,14;-
1239;Sandwich kue es krim;240;3,7;7,4;39,6;1,2
1240;Kerucut es krim, dilapisi cokelat, dengan kacang, rasa selain cokelat;354;5,21;21,88;34,38;1
1241;Sandwich es krim, dibuat dengan es krim ringan, vanilla;186;4,29;3,04;39,64;-
1242;Sandwich es krim, vanila, ringan, tanpa gula ditambahkan;200;5,71;2,86;42,86;7,1
1243;Es krim bebas lemak, tanpa gula ditambahkan, rasa selain cokelat;129;4,41;-;27,94;7,4
1244;Pencuci mulut susu, beku, terbuat dari susu rendah lemak;147;4,41;1,47;33,09;6,6
1250;Suplemen nutrisi untuk penderita diabetes, cair;88;4,4;3,08;11,88;2,2
1251;Keju, campuran Meksiko;358;23,54;28,51;1,75;-
1252;Produk keju, proses pasteurisasi, Amerika, vitamin D yang diperkaya;307;16,09;23,06;8,85;-
1253;Keju, proses pasteurisasi, Amerika, tanpa tambahan vitamin D;371;18,13;31,79;3,7;-
1254;Makanan keju, proses pasteurisasi, Amerika, tanpa tambahan vitamin D;330;16,86;25,63;8,56;-
1255;Telur, utuh, mentah, beku, asin, dipasteurisasi;138;10,97;10,07;0,83;-
1256;Yogurt, Yunani, polos, tanpa lemak;59;10,19;0,39;3,6;-
1258;Telur, putih, dikeringkan, stabil, glukosa berkurang;357;84,08;0,32;4,51;-
1259;Penyebaran keju, keju Amerika atau keju Cheddar, mengurangi lemak;176;13,41;8,88;10,71;-
1260;Keju, cheddar, lemak berkurang;309;27,35;20,41;4,06;-
1263;Es krim, ringan, sajian lembut, cokelat;141;3,36;3,69;23,15;-
1264;Ice cream bar, stick atau nugget, dengan lapisan crunch;358;2,11;25,26;37,12;1,1
1265;Keju, cheddar, tanpa lemak atau bebas lemak;157;32,14;-;7,14;-
1266;Keju, Swiss, tanpa lemak atau bebas lemak;127;28,4;-;3,4;-
1267;Keju, meksiko, queso cotija;366;20;30;3,97;-
1270;Keju, cheddar, tajam, diiris;410;24,25;33,82;2,13;-
1271;Keju, mozzarella, kelembaban rendah, sebagian skim, parut;304;23,63;19,72;8,06;-
1275;Yogurt, Yunani, Tanpa Lemak, Vanila, Chobani;71;9,07;0,22;8,09;0,3
1276;Yogurt, Yunani, Stroberi, Dannon Oikos;106;8,25;2,92;11,67;1
1278;Yogurt, Yunani, Tanpa Lemak, Vanila, Dannon Oikos;85;8,12;0,14;12,72;0,5
1280;Yogurt, Yunani, Tanpa Lemak, Stroberi, Dannon Oikos;84;8,03;0,22;12,53;0,4
1281;Yogurt, Yunani, Tanpa Lemak, Stroberi, Chobani;80;8,03;0,12;11,62;0,7
1284;Yogurt, Yunani, stroberi, lemak rendah;103;8,17;2,57;11,89;1
1285;Yogurt, Yunani, stroberi, tanpa lemak;82;8,05;0,15;12,07;0,6
1286;Yogurt, Yunani, vanila, tanpa lemak;78;8,64;0,18;10,37;0,5
1287;Yogurt, Yunani, polos, rendah lemak;73;9,95;1,92;3,94;-
1289;Kefir, Rendah Lemak, Polos, Lifeway;41;3,79;0,93;4,48;-
1290;Kefir, Rendah Lemak, Stroberi, Lifeway;62;3,39;0,9;10,2;-
1291;Susu, diuapkan, 2% lemak, dengan tambahan vitamin A dan vitamin D;107;6,67;2;15,74;-
1292;Susu, coklat, bebas lemak, dengan tambahan vitamin A dan vitamin D;67;3,39;-;13,46;-
1293;Yogurt, Yunani, polos, susu murni;97;9;5;3,98;-
1294;Yogurt, Yunani, buah, susu murni;106;7,33;3;12,29;-
1295;Yogurt, vanila, tidak berlemak;78;2,94;-;17,04;-
1297;Yogurt, Yunani, vanila, rendah lemak;95;8,64;2,5;9,54;-
1298;Yogurt, beku, rasa selain cokelat, rendah lemak;139;8;2,5;21;-
1300;Es krim, ditutup dengan cokelat dan kacang;303;5,62;25,84;11,89;1,1
1301;Kerucut es krim sundae;254;3;14;28,89;1
1302;Es krim ringan, Krim;165;1,54;3,08;32,75;-
1303;Krim, setengah dan setengah, rendah lemak;72;3,33;5;3,33;-
1305;Susu, cokelat, lemak rendah, gula berkurang;54;3,43;1,04;7,68;-
1306;Es krim, lemak rendah, tanpa gula ditambahkan, kerucut, tambahkan kacang dan saus cokelat;265;5,33;9,33;40,01;9,3
2001;Rempah-rempah, tanah;263;6,09;8,69;72,12;21,6
2002;Biji adas manis;337;17,6;15,9;50,02;14,6
2003;Seladih (Basil), rempah-rempah, kering;233;22,98;4,07;47,75;37,7
2004;Bumbu, daun salam;313;7,61;8,36;74,97;26,3
2005;Biji jintan hitam (caraway seed);333;19,77;14,59;49,9;38
2006;Rempah-rempah, kapulaga;311;10,76;6,7;68,47;28
2007;Biji seledri;392;18,07;25,27;41,35;11,8
2008;Bumbu, chervil, dikeringkan;237;23,2;3,9;49,1;11,3
2009;Bumbu, bubuk cabai;282;13,46;14,28;49,7;34,8
2010;Rempah-rempah, kayu manis, tanah;247;3,99;1,24;80,59;53,1
2011;Bumbu, cengkeh, ditumbuk;274;5,97;13;65,53;33,9
2012;Daun ketumbar, dikeringkan;279;21,93;4,78;52,1;10,4
2013;Biji ketumbar;298;12,37;17,77;54,99;41,9
2014;Biji jinten putih (cumin seed);375;17,81;22,27;44,24;10,5
2015;Bumbu, bubuk kari;325;14,29;14,01;55,83;53,2
2016;Biji adas sowa (dill);305;15,98;14,54;55,17;21,1
2017;Daun adas sowa (dill), dikeringkan;253;19,96;4,36;55,82;13,6
2018;Biji adas fennel;345;15,8;14,87;52,29;39,8
2019;Biji Kelabat (Klabet);323;23;6,41;58,35;24,6
2020;Bumbu, bubuk bawang putih;331;16,55;0,73;72,73;9
2021;Bumbu, jahe, tanah;335;8,98;4,24;71,62;14,1
2022;Bumbu, rempah, tanah;475;6,71;32,38;50,5;20,2
2023;Marjoram, dikeringkan;271;12,66;7,04;60,56;40,3
2024;Biji Mustard, tanah;508;26,08;36,24;28,09;12,2
2025;Bumbu, pala, ditumbuk;525;5,84;36,31;49,29;20,8
2026;Bubuk Bawang Bombay;341;10,41;1,04;79,12;15,2
2027;Oregano, dikeringkan;265;9;4,28;68,92;42,5
2028;Rempah-rempah, paprika;282;14,14;12,89;53,99;34,9
2029;Peterseli, kering;292;26,63;5,48;50,64;26,7
2030;Lada/Merica Hitam;251;10,39;3,26;63,95;25,3
2031;Bumbu, lada, merah atau cabai;318;12,01;17,27;56,63;27,2
2032;Lada/Merica Putih;296;10,4;2,12;68,61;26,2
2033;Rempah-rempah, biji poppy;525;17,99;41,56;28,13;19,5
2034;Rempah-rempah, bumbu unggas;307;9,59;7,53;65,59;11,3
2035;Rempah-rempah, bumbu pai labu;342;5,76;12,6;69,28;14,8
2036;Rosemary, dikeringkan;331;4,88;15,22;64,06;42,6
2037;Rempah-rempah, kunyit;310;11,43;5,85;65,37;3,9
2038;Sage, tanah;315;10,63;12,75;60,73;40,3
2039;Savory, sayuran, tanah;272;6,73;5,91;68,73;45,7
2041;Tarragon, rempah-rempah, kering;295;22,77;7,24;50,22;7,4
2042;Thyme, kering;276;9,11;7,43;63,94;37
2043;Bumbu, kunyit, tanah;312;9,68;3,25;67,14;22,7
2044;Selasih (Basil), segar;23;3,15;0,64;2,65;1,6
2045;Daun adas sowa (dill), segar;43;3,46;1,12;7,02;2,1
2046;Mustard, siap, kuning;60;3,74;3,34;5,83;4
2047;Garam, meja;-;-;-;-;-
2048;Cuka, sari buah apel;21;-;-;0,93;-
2049;Thyme, segar;101;5,56;1,68;24,45;14
2050;Ekstrak vanili;288;0,06;0,06;12,65;-
2051;Ekstrak vanila, imitasi, alkohol;237;0,05;-;2,41;-
2052;Ekstrak vanila, imitasi, tanpa alkohol;56;0,03;-;14,4;-
2053;Cuka, disuling;18;-;-;0,04;-
2054;Caper, kalengan;23;2,36;0,86;4,89;3,2
2055;Kelor, sudah dipersiapkan;48;1,18;0,69;11,29;3,3
2063;Rosemary, segar;131;3,31;5,86;20,7;14,1
2064;Peppermint, segar;70;3,75;0,94;14,89;8
2065;Spearmint, segar;44;3,29;0,73;8,41;6,8
2066;Spearmint, kering;285;19,93;6,03;52,04;29,8
2068;Cuka, anggur merah;19;0,04;-;0,27;-
2069;Cuka, balsamik;88;0,49;-;17,03;-
2073;Pace, Campuran Bumbu Taco Kering;188;-;-;56,29;18,8
2074;Campur bumbu, dikeringkan, sazon, ketumbar & annatto;-;-;-;-;-
2075;Campuran bumbu, dikeringkan, taco, asli;322;4,5;-;58;13,3
2076;Campuran bumbu, dikeringkan, cabai, asli;335;10,82;7,3;56,56;10,8
3000;Clif Z bar;409;5,55;9,72;74,72;8,3
3001;Makanan bayi, jus, medley buah, balita;347;-;0,02;86,68;-
3002;Makanan bayi, daging, daging sapi, disaring;81;12,03;2,52;2,43;-
3003;Makanan bayi, daging, daging sapi, junior;81;12,03;2,52;2,43;-
3005;Makanan bayi, daging, daging sapi muda, disaring;81;13,12;2,45;1,51;-
3007;Makanan bayi, daging, babi, disaring;124;14;7,1;-;-
3008;Makanan bayi, daging, ham, tegang;97;11,3;3,8;3,7;-
3009;Makanan bayi, daging, ham, junior;97;11,3;3,8;3,7;-
3010;Makanan bayi, daging, domba, disaring;87;14,07;3,41;0,85;-
3011;Makanan bayi, daging, domba, junior;112;15,2;5,2;-;-
3012;Makanan bayi, daging, ayam, disaring;130;13,7;7,9;0,1;-
3013;Makanan bayi, daging, ayam, junior;146;14;9,6;-;-
3014;Makanan bayi, daging, sticks ayam, junior;188;14,6;14,4;1,5;0,2
3015;Makanan bayi, daging, kalkun, tegang;111;11,5;6,2;1,4;-
3016;Makanan bayi, daging, kalkun, junior;111;11,5;6,2;1,4;-
3017;Makanan bayi, daging, sticks kalkun, junior;188;13,7;14,2;1,4;0,2
3019;Makanan bayi, Camilan, Gerber Graduate Fruit Strips, Real Fruit Bars;330;0,82;2,24;76,61;2
3021;Makanan bayi, daging, daging, junior;184;13,4;14,6;1,1;0,2
3022;Makanan bayi, Gerber, 2Nd Foods, Apel, Wortel dan Labu, Organik;64;1,1;-;14,82;1,2
3023;Makanan bayi, Makanan Ringan Jari, Gerber, Lulusan, Puffs, Apel dan Kayu Manis;389;6,19;2,3;85,79;3,8
3024;Makanan bayi, Air, Botol, Gerber, Tanpa Tambahan Fluoride.;-;-;-;-;-
3025;Makanan bayi, Gerber, Makanan Ke-3, Apel, Mangga, dan Kiwi;53;0,47;-;12,88;2
3026;Makanan bayi, medley buah tropis;51;0,31;0,14;12,22;1,3
3041;Makanan bayi, makan malam, sayur dan kue dan daging sapi, disaring;48;2;0,9;7,7;-
3042;Makanan bayi, makan malam, sayur dan kue dan daging sapi, junior;48;2,1;0,8;8;-
3043;Makanan bayi, makan malam, lasagna daging sapi, balita;77;4,2;2,1;10;-
3044;Makanan bayi, makan malam, makaroni, tomat, dan daging sapi, disaring;61;2,36;1,47;9,45;1,2
3045;Makanan bayi, makan malam, makaroni, tomat, dan daging sapi, junior;59;2,5;1,1;9,4;1,1
3046;Makanan bayi, ravioli, diisi keju, dengan saus tomat;99;3,6;2,2;16,3;0,1
3047;Makanan bayi, makan malam, mie sapi, tegang;63;2,44;2,26;8,18;1,3
3048;Makanan bayi, makaroni dan keju, balita;82;3,5;2,6;11,2;0,5
3049;Makanan bayi, makan malam, daging sapi dan nasi, balita;82;5;2,9;8,8;-
3050;Makanan bayi, makan malam, spageti, tomat, dan daging, junior;68;2,57;1,37;11,42;1,1
3051;Makanan bayi, makan malam, spageti dan tomat dan daging, balita;75;5,3;1;10,8;-
3052;Makanan bayi, makan malam, sup daging sapi, balita;51;5,1;1,2;5,5;1,1
3053;Makanan bayi, makan malam, sayuran dan daging sapi, tegang;77;2,21;3,6;8,84;1,3
3054;Makanan bayi, makan malam, sayur dan daging sapi, junior;77;2,21;3,6;8,84;1,3
3055;Makanan bayi, makan malam, daging sapi dengan sayuran;96;2,03;6,93;6,36;1,8
3059;Makanan bayi, makan malam, sayuran, dan daging asap, disaring;69;1,92;2,95;8,81;1,7
3061;Makanan bayi, makan malam, sayur dan ham, tegang;59;2,19;2,14;7,8;1,6
3062;Makanan bayi, makan malam, sayur dan ham, junior;60;2,02;1,89;8,64;1
3066;Makanan bayi, makan malam, sayuran dan domba, disaring;52;2;2;6,9;1,1
3067;Makanan bayi, makan malam, sayur dan domba, junior;51;2,1;1,7;7,1;1,1
3068;Makanan bayi, makan malam, mie ayam, tegang;66;2,69;2,06;9,08;2,1
3069;Makanan bayi, makan malam, mie ayam, junior;55;2,37;1,18;8,79;0,9
3070;Makanan bayi, makan malam, sup ayam, tegang;50;1,6;1,7;7,2;1,1
3072;Makanan bayi, makan malam, sup ayam, balita;78;5,2;3,7;6,4;0,6
3073;Makanan bayi, makan malam, sayuran ayam, tegang;59;2,47;1,73;8,42;2,1
3075;Makanan bayi, makan malam, sayuran, mie dan ayam, tegang;63;2;2,5;7,9;1,1
3076;Makanan bayi, makan malam, sayuran, mie dan ayam, junior;64;1,7;2,2;9,1;1,1
3077;Makanan bayi, makan malam, pasta dengan sayuran;60;1,7;2,1;8,4;1,5
3079;Makanan bayi, makan malam, sayur dan mie dan kalkun, tegang;44;1,2;1,2;6,8;1,1
3081;Makanan bayi, makan malam, sayur dan mie dan kalkun, junior;52;1,8;1,5;7,6;1,1
3082;Makanan bayi, makan malam, kalkun dan nasi, tegang;52;2,27;1,24;7,94;0,9
3083;Makanan bayi, makan malam, kalkun dan nasi, junior;56;2,37;0,92;9,57;1
3084;Makanan bayi, makan malam, sayuran dan kalkun, tegang;48;2,32;0,9;7,62;1,5
3085;Makanan bayi, makan malam, sayur dan kalkun, junior;53;1,72;1,74;7,55;0,9
3089;Makanan bayi, makan malam, makaroni, dan keju, disaring;67;3,14;2,11;8,95;0,7
3090;Makanan bayi, makan malam, makaroni dan keju, junior;61;2,6;2;8,2;0,3
3091;Makanan bayi, sayuran, kacang hijau, tegang;27;1,2;0,17;6,29;2,2
3092;Makanan bayi, sayuran, kacang hijau, junior;24;1,2;0,1;5,8;1,9
3093;Makanan bayi, kacang hijau, dadu, balita;29;1,2;0,2;5,7;1,3
3096;Makanan bayi, sayuran, kacang hijau dan kentang;62;2,2;1,9;9;1,4
3098;Makanan bayi, sayuran, bit, tegang;34;1,3;0,1;7,7;1,9
3099;Makanan bayi, sayuran, wortel, tegang;26;0,8;0,1;6;1,7
3100;Makanan bayi, sayuran, wortel, junior;32;0,8;0,2;7,2;1,7
3104;Makanan bayi, sayuran, labu, tegang;28;0,81;0,2;5,73;0,9
3105;Makanan bayi, sayuran, labu, junior;24;0,81;0,2;5,73;0,9
3108;Makanan bayi, sayuran, ubi jalar tegang;57;1,1;0,1;13,2;1,5
3109;Makanan bayi, sayuran, ubi jalar, junior;60;1,1;0,1;14;1,5
3112;Makanan bayi, kentang, balita;52;1;0,1;11,73;0,9
3114;Makanan bayi, sayur, labu dan jagung butternut;50;2;0,6;9,26;2
3115;Makanan bayi, apel, dadu, balita;51;0,2;0,1;12,1;0,9
3116;Makanan bayi, buah, saus apel, disaring;41;0,2;0,2;10,8;1,7
3117;Makanan bayi, buah, saus apel, junior;37;-;-;10,3;1,7
3118;Makanan bayi, buah, aprikot dengan tapioka, disaring;60;0,3;-;16,3;1,5
3119;Makanan bayi, sayuran, jagung, krim, disaring;57;1,4;0,4;14,1;2,1
3120;Makanan bayi, sayuran, jagung, krim, junior;65;1,4;0,4;16,25;2,1
3121;Makanan bayi, sayuran, kacang polong, tegang;50;3,27;0,43;8,36;2
3122;Makanan bayi, kacang polong, dadu, balita;64;3,9;0,8;10,3;3,9
3127;Makanan bayi, sayuran, bayam, krim, disaring;37;2,5;1,3;5,7;1,8
3128;Makanan bayi, buah, aprikot dengan tapioka, junior;63;0,3;-;17,3;1,5
3129;Makanan bayi, buah, pisang dengan tapioka, disaring;56;0,4;0,1;15,3;1,6
3130;Makanan bayi, buah, buah persik, tegang;65;0,94;0,33;14,48;1,3
3131;Makanan bayi, buah, buah persik, junior;65;0,94;0,33;14,48;1,3
3132;Makanan bayi, buah, pir, tegang;42;0,3;0,2;10,8;2,8
3133;Makanan bayi, buah, pir, junior;44;0,3;0,1;11,6;2,8
3134;Makanan bayi, buah, prem dengan tapioka, tanpa asam askorbat, disaring;71;0,1;-;19,7;1,2
3135;Makanan bayi, buah, prem dengan tapioka, tanpa asam askorbat, junior;74;0,1;-;20,5;1,2
3136;Makanan bayi, buah, prem dengan tapioka, tanpa asam askorbat, disaring;69;0,6;0,1;18,5;2,7
3137;Makanan bayi, buah, prem dengan tapioka, tanpa asam askorbat, junior;70;0,6;0,1;18,7;2,7
3139;Makanan bayi, prem, tanpa vitamin c, tegang;100;1;0,2;23,52;2,7
3140;Makanan bayi, makanan penutup buah, mangga dengan tapioka;70;0,3;0,2;19;1,1
3141;Makanan bayi, pir, dadu, balita;57;0,3;0,1;13,6;1,2
3142;Makanan bayi, buah, saus apel dan aprikot, tegang;44;0,2;0,2;11,64;1,8
3143;Makanan bayi, buah, saus apel dan aprikot, junior;47;0,2;0,2;12,4;1,8
3144;Makanan bayi, buah, saus apel dan ceri, disaring;51;-;-;14,1;1,1
3145;Makanan bayi, buah, saus apel dan ceri, junior;51;-;-;14,1;1,1
3147;Makanan bayi, buah, saus apel dengan pisang, junior;66;0,37;0,1;16,16;1,6
3150;Makanan bayi, buah, saus apel dan nanas, disaring;37;0,1;0,1;10,1;1,5
3151;Makanan bayi, buah, saus apel dan nanas, junior;39;0,1;0,1;10,5;1,5
3152;Makanan bayi, buah, apel dan raspberry, disaring;58;0,2;0,2;15,6;2,1
3153;Makanan bayi, buah, apel dan raspberry, junior;58;0,2;0,2;15,4;2,1
3154;Makanan bayi, buah dan sayuran, apel dan ubi jalar;64;0,3;0,22;15,3;1,4
3156;Makanan bayi, buah, pisang dan nanas dengan tapioka, junior;68;0,2;0,1;18,4;1,6
3157;Makanan bayi, buah, pisang, dan nanas dengan tapioka, disaring;65;0,2;-;17,8;1,6
3158;Makanan bayi, buah, pir dan nanas, disaring;41;0,3;0,1;10,9;2,6
3159;Makanan bayi, buah, pir dan nanas, junior;44;0,3;0,2;11,4;2,6
3160;Makanan bayi, buah, jambu dan pepaya dengan tapioka, disaring;63;0,2;0,1;17;-
3161;Makanan bayi, buah persik, dadu, balita;51;0,5;0,2;11,8;0,8
3162;Makanan bayi, buah, pepaya dan saus apel dengan tapioka, disaring;70;0,2;0,1;18,9;1,4
3163;Makanan bayi, buah, pisang dengan apel dan pir, disaring;83;0,9;0,22;19,31;1,4
3164;Makanan bayi, buah, apel dan blueberry, disaring;61;0,2;0,2;16,3;1,8
3165;Makanan bayi, buah, apel dan blueberry, junior;62;0,2;0,2;16,6;1,8
3166;Makanan bayi, jus, apel;47;-;0,1;11,7;0,1
3167;Makanan bayi, jus apel-pisang;51;0,2;0,1;12,3;0,2
3168;Makanan bayi, jus, apel dan buah persik;43;0,2;0,1;10,5;0,1
3169;Makanan bayi, jus apel-cranberry;46;-;0,02;11,49;-
3170;Makanan bayi, jus, apel dan prem;49;0,1;-;12,3;0,1
3171;Makanan bayi, jus, apel dan pangkas;72;0,2;0,1;18,1;0,1
3172;Makanan bayi, jus, jeruk;45;0,6;0,3;10,2;0,1
3173;Makanan bayi, jus, jeruk dan apel;43;0,4;0,2;10,1;-
3174;Makanan bayi, jus, jeruk, apel, dan pisang;47;0,4;0,1;11,5;0,1
3175;Makanan bayi, jus, jeruk, dan aprikot;46;0,8;0,1;10,9;0,1
3176;Makanan bayi, jus, jeruk, dan pisang;50;0,7;0,1;11,9;-
3177;Makanan bayi, jus, jeruk dan nanas;48;0,5;0,1;11,7;0,1
3178;Makanan bayi, jus, pangkas dan jeruk;70;0,6;0,3;16,8;-
3179;Makanan bayi, jus, buah campuran;47;0,1;0,1;11,7;0,1
3181;Makanan bayi, sereal, gandum, dikeringkan, dibentengi;376;13,2;6,6;69,4;6,6
3184;Makanan bayi, sereal, gandum utuh, dengan apel, dikeringkan, diperkaya;402;6,6;4,8;83,2;6,7
3185;Makanan bayi, sereal, campuran, dikeringkan, diperkaya;399;6,66;6,66;78,21;6,7
3186;Makanan bayi, sereal, dicampur, dengan pisang, kering;391;10,7;4,6;77,1;7,8
3187;Makanan bayi, sereal, dicampur, dengan saus apel dan pisang, disaring;82;0,71;0,51;18,38;1
3188;Makanan bayi, sereal, dicampur, dengan saus apel dan pisang, junior, dibentengi;84;0,71;0,51;18,79;1
3189;Makanan bayi, sereal, oatmeal, dikeringkan, diperkaya;394;10,99;6,36;73,48;7,3
3190;Makanan bayi, sereal, oatmeal, dengan pisang, kering;399;6,67;6,67;78,07;5,2
3191;Makanan bayi, sereal, oatmeal, dengan saus apel dan pisang, disaring;75;0,89;0,89;15,62;0,9
3192;Makanan bayi, sereal, oatmeal, dengan saus apel dan pisang, junior, dibentengi;76;0,89;0,89;16,03;0,9
3193;Makanan bayi, sereal, oatmeal, dengan madu, kering;391;13,5;7;69,3;-
3194;Makanan bayi, sereal, beras, dikeringkan, dibentengi;390;6,65;2,19;83,14;1,3
3195;Makanan bayi, sereal, nasi, dengan saus apel dan pisang, disaring;80;1,2;0,4;17,1;1
3197;Makanan bayi, sereal, dengan kuning telur, disaring;51;1,9;1,8;7;0,9
3198;Makanan bayi, sereal, dengan kuning telur, junior;52;1,9;1,8;7,1;0,9
3199;Makanan bayi, sereal, dengan telur, disaring;58;2,2;1,5;8;-
3201;Makanan bayi, sereal, kuning telur dan bacon, junior;79;2,5;5;6,2;0,9
3205;Makanan bayi, sereal gandum dengan buah, dikeringkan, instan, balita diperkaya;402;10,5;7,05;74,1;7,8
3206;Makanan bayi, kue, buah, bayi;435;6,8;12,6;73,7;3,4
3209;Makanan bayi, kerupuk, sayur;477;8,4;19,6;66,85;4
3211;Makanan bayi, sereal, protein tinggi, dengan apel dan jeruk, kering;374;25,4;6,5;57,6;7,1
3212;Makanan bayi, sereal, nasi, dengan pisang, kering;404;8,7;4,2;79,9;1
3213;Makanan bayi, kue;433;11,8;13,2;67,1;0,2
3214;Makanan bayi, kue, garut;424;7,6;10;75,4;0,2
3215;Makanan bayi, pretzel;397;10,8;2;82,2;2,3
3216;Makanan bayi, biskuit tumbuh gigi;392;10,7;4,2;76,4;1,4
3217;Kue kering;426;10,1;9,7;74,2;2,5
3220;Makanan bayi, makanan penutup, apel belanda, tegang;75;0,2;0,4;19,74;1,4
3221;Makanan bayi, hidangan penutup, apel belanda, junior;79;0,2;0,16;19,18;1,4
3222;Makanan bayi, tukang roti ceri, junior;78;0,3;0,1;19,2;0,2
3224;Makanan bayi, hidangan penutup, puding vanilla ceri, disaring;68;0,2;0,3;17,8;0,3
3225;Makanan bayi, hidangan penutup, puding vanilla ceri, junior;69;0,2;0,2;18,4;0,3
3226;Makanan bayi, makanan penutup, puding buah, oranye, tegang;80;1,1;0,9;17,7;0,6
3227;Makanan bayi, hidangan penutup, tukang sepatu persik, tegang;65;0,3;-;17,8;0,7
3228;Makanan bayi, hidangan penutup, tukang sepatu persik, junior;67;0,3;-;18,3;0,7
3229;Makanan bayi, makanan penutup, persik, disaring;60;0,2;-;16,5;-
3230;Makanan bayi, hidangan penutup, persik, junior;60;0,3;-;16,4;-
3233;Makanan bayi, hidangan penutup, puding buah, nanas, disaring;81;1,3;0,3;20,3;0,7
3235;Makanan bayi, makanan penutup, makanan penutup buah, tanpa asam askorbat, tegang;59;0,3;-;16;0,6
3236;Makanan bayi, pencuci mulut, pencuci mulut buah, tanpa asam askorbat, junior;63;0,3;-;17,2;0,6
3238;Makanan bayi, makanan penutup, buah tropis, junior;60;0,2;-;16,4;-
3245;Makanan bayi, hidangan penutup, puding custard, vanilla, tegang;85;1,6;2;16;-
3246;Makanan bayi, hidangan penutup, puding custard, vanilla, junior;86;1,76;0,98;17,58;0,2
3265;Makanan bayi, jus, apel, dan anggur;46;0,1;0,2;11,34;0,1
3267;Makanan bayi, jus, punch buah, dengan kalsium;52;0,2;0,1;12,7;0,4
3268;Makanan bayi, jus, apel dan ceri;41;0,1;0,2;9,9;0,1
3269;Makanan bayi, jus, apel, dengan kalsium;46;0,06;0,1;11,1;0,4
3274;Makanan bayi, makan malam, sayur dan ayam, junior;53;2,04;1,12;8,66;1,1
3278;Makanan bayi, makan malam, sayur campur, disaring;41;1,2;0,1;9,5;-
3279;Makanan bayi, makan malam, sayur campur, junior;34;1,01;0,11;7,88;1
3280;Makanan bayi, buah, pisang dengan tapioka, junior;67;0,4;0,2;17,8;1,6
3282;Makanan bayi, sayuran, campuran sayuran junior;36;1,4;0,4;8,2;1,5
3283;Makanan bayi, sayuran, sayuran kebun, tegang;32;2,3;0,2;6,8;1,5
3286;Makanan bayi, sayuran, campuran sayuran tegang;36;1;0,5;8,25;1,5
3287;Makanan bayi, makan malam, mie sapi, junior;57;2,5;1,9;7,3;1,1
3289;Makanan bayi, apel dengan ham, disaring;62;2,6;0,9;10,9;1,8
3290;Makanan bayi, wortel, dan daging sapi, disaring;59;3,4;2,5;5,7;2,6
3293;Makanan bayi, prem, pisang, dan nasi, disaring;57;1,1;0,3;12,7;1,3
3296;Makanan bayi, makan malam, kalkun, nasi, dan sayuran, balita;60;3,8;1,6;7,5;0,8
3297;Makanan bayi, makan malam, apel dan ayam, tegang;65;2,16;1,38;10,88;1,8
3298;Makanan bayi, makan malam, brokoli dan ayam, junior;62;3,59;2,48;6,34;1,4
3301;Makanan bayi, Minuman, Splasher Buah Gerber Graduate;31;-;-;7,4;-
3302;Makanan bayi, Camilan, Gerber, Lulusan, Yogurt Melts;380;14,29;4;71,82;2,3
3303;Makanan bayi, makan malam, kentang manis dan ayam, tegang;74;2,51;2,17;11,04;1,3
3304;Makanan bayi, makan malam, kentang dengan keju dan ham, balita;78;3,5;2;11,97;1,2
3681;Makanan bayi, sereal, gandum, disiapkan dengan susu murni;84;3,73;3,26;9,94;0,6
3682;Makanan bayi, sereal, protein tinggi, disiapkan dengan susu murni;111;8,7;3,8;11,6;-
3685;Makanan bayi, sereal, dicampur, disiapkan dengan susu murni;96;4,14;3,38;12,3;0,8
3686;Makanan bayi, sereal, dicampur, dengan pisang, disiapkan dengan susu murni;86;3,82;3,46;10;0,4
3689;Makanan bayi, sereal, oatmeal, disiapkan dengan susu murni;116;5;4,1;15,3;1,1
3690;Makanan bayi, sereal, oatmeal, dengan pisang, disiapkan dengan susu murni;86;3,82;3,46;10;0,4
3693;Makanan bayi, sereal, oatmeal, dengan madu, disiapkan dengan susu murni;115;5;3,9;15,3;-
3694;Makanan bayi, sereal, nasi, disiapkan dengan susu murni;85;3,45;3,38;10,31;-
3696;Makanan bayi, sereal, nasi, dengan madu, disiapkan dengan susu murni;115;3,9;3,3;17,1;-
3704;Makanan bayi, sereal, dicampur, dengan madu, disiapkan dengan susu murni;115;5;3,6;15,9;-
3711;Makanan bayi, sereal, protein tinggi, dengan apel dan jeruk, disiapkan dengan susu murni;112;6,9;3,9;13,4;-
3712;Makanan bayi, sereal, nasi, dengan pisang, disiapkan dengan susu murni;86;3,57;3,32;10,49;0,1
3800;Susu Formula Bayi, Nestle, Mulai Baik Supreme, dengan Zat Besi, Siap Makan;66;1,45;3,37;7,39;-
3801;Susu Formula Bayi, Nestle, Goart Start Supreme, dengan Zat Besi, Konsentrat Cair, Tidak Dilarutkan;127;2,79;6,5;14,2;-
3802;Susu Formula Bayi, Nestle, Mulai Baik Supreme, dengan Besi, Bubuk;509;11,3;26,1;57,32;-
3803;Susu Formula Bayi, Mead Johnson, Enfamil, dengan Zat Besi, Siap Makan;63;1,38;3,5;7,2;-
3805;Susu Formula Bayi, Mead Johnson, Enfamil, dengan Besi, Bubuk;520;10,8;27;56,2;-
3806;Susu Formula Bayi, Mead Johnson, Enfamil, Zat Besi Rendah, Siap Makan;63;1,38;3,5;7,18;-
3808;Susu Formula Bayi, Mead Johnson, Enfamil, Lipil, dengan Besi, Bubuk, dengan Ara dan Dha;511;10,8;27;56,2;-
3809;Susu Formula Bayi, Mead Johnson, Enfamil, Zat Besi Rendah, Serbuk, Tidak Dilarutkan;511;10,8;27;56,2;-
3812;Susu Formula Bayi, Mead Johnson, Enfamil, Lipil, dengan Zat Besi, Konsentrat Cair, dengan Ara dan Dha;131;2,76;6,96;14,34;-
3813;Susu Formula Bayi, Mead Johnson, Enfamil, Nutramigen, dengan Zat Besi, Siap Makan;66;1,83;3,5;6,81;-
3814;Susu Formula Bayi, Mead Johnson, Enfamil, Nutramigen, dengan Besi, Bubuk, Tidak Dilarutkan;502;14,2;25;55;-
3815;Susu Formula Bayi, Mead Johnson, Enfamil Lipil, dengan Zat Besi, Siap Makan, dengan Ara dan Dha;64;1,38;3,5;7,1;-
3816;Susu Formula Bayi, Mead Johnson, Enfamil, Nutramigen, dengan Besi, Konsentrat Cair, Tidak Dilarutkan;127;3,53;6,73;13,12;-
3818;Susu Formula Bayi, Mead Johnson, Enfamil, Lipil, Zat Besi Rendah, Konsentrat Cair, dengan Ara dan Dha;131;2,76;7,16;14,24;-
3819;Susu formula anak, Mead Johnson, Portagen, dengan Besi, Bubuk, Tidak Dilarutkan;483;16,5;22;54,8;-
3820;Susu formula anak, Mead Johnson, Portagen, dengan Besi, Dibuat Dari Bubuk;88;3,33;4,48;8,57;-
3821;Susu Formula Bayi, Mead Johnson, Pregestimil, dengan Besi, Bubuk, Tidak Dilarutkan;519;14;28;52,8;-
3822;Susu Formula Bayi, Mead Johnson, Pregestimil, dengan Besi, Dibuat Dari Bubuk;67;1,82;3,65;6,63;-
3823;Susu Formula Bayi, Mead Johnson, Prosobee, dengan Zat Besi, Siap Makan;63;1,64;3,5;6,11;-
3824;Susu Formula Bayi, Mead Johnson, Prosobee, dengan Zat Besi, Konsentrat Cair, Tidak Dilarutkan;131;3,19;7,13;13,58;-
3825;Susu Formula Bayi, Mead Johnson, Enfamil, Lipil, Zat Besi Rendah, Siap Untuk Diberi Makan, dengan Ara dan Dha;64;1,38;3,5;7,18;-
3826;Susu Formula Bayi, Mead Johnson, Enfamil, Prosobee, dengan Besi, Bubuk, Tidak Dilarutkan;510;12,5;27;54,3;-
3827;Susu Formula Bayi, Mead Johnson, Enfamil, Lactofree Lipil, dengan Besi, Bubuk, dengan Ara dan Dha;521;10,9;28;56,3;-
3830;Susu Formula Bayi, Mead Johnson, Enfamil, Lactofree, Lipil, dengan Besi, Konsentrat Cair, Tidak Dilarutkan, dengan Ara dan Dha;132;2,68;7,11;14,42;-
3832;Susu Formula Bayi, Mead Johnson, Enfamil, Lipil, Siap Makan, dengan Ara dan Dha;66;1,38;3,5;6,44;-
3837;Susu Formula Bayi, Nutrisi Abbott, Similac, Pm 60/40, Bubuk Tidak Dilarutkan;524;11,4;28,71;54,94;-
3838;Susu Formula Bayi, Mead Johnson, Enfamil, Nutramigen Lipil, dengan Besi, Bubuk, Tidak Dilarutkan, dengan Ara dan Dha;494;13,9;26;51;-
3839;Susu Formula Bayi, Nutrisi Abbott, Similac, Care Alam, Advance, Siap Makan, dengan Ara dan Dha;78;2,12;4,24;8,2;-
3840;Susu Formula Bayi, Nutrisi Abbott, Similac, Perawatan Khusus, Advance 24, dengan Zat Besi, Siap Makan, dengan Ara dan Dha;71;1,8;3,26;8,73;-
3841;Susu Formula Bayi, Nutrisi Abbott, Similac, Isomil, dengan Zat Besi, Siap Makan;66;1,61;3,59;6,7;-
3842;Susu Formula Bayi, Nutrisi Abbott, Similac, Isomil, dengan Zat Besi, Konsentrat Cair;128;3,13;6,98;13,21;-
3843;Susu Formula Bayi, Nutrisi Abbott, Similac, Isomil, dengan Besi, Bubuk, Tidak Dilarutkan;517;12,6;28,09;53,57;-
3844;Susu Formula Bayi, Mead Johnson, Enfamil, Nutramigen, Lipil, dengan Besi, Konsentrat Cair Tidak Dilarutkan, dengan Ara dan Dha;126;3,53;6,73;13,12;-
3845;Susu Formula Bayi, Mead Johnson, Enfamil, Nutramigen, Lipil, dengan Zat Besi, Siap Makan, dengan Ara dan Dha;66;1,83;3,5;6,81;-
3846;Susu Formula Bayi, Nutrisi Abbott, Similac, Alimentum, dengan Zat Besi, Siap Makan;66;1,8;3,63;6,77;-
3849;Susu Formula Bayi, Mead Johnson, Enfamil, Enfacare Lipil, dengan Besi, Bubuk, dengan Ara dan Dha;514;12,5;27;56;-
3850;Susu Formula Bayi, Nutrisi Abbott, Similac, dengan Zat Besi, Siap Makan;65;1,36;3,55;6,92;-
3851;Susu Formula Bayi, Nutrisi Abbott, Similac, dengan Zat Besi, Konsentrat Cair, Tidak Dilarutkan;127;2,64;6,89;13,76;-
3852;Susu Formula Bayi, Mead Johnson, Enfamil, Prosobee Lipil, dengan Besi, Bubuk, Tidak Dilarutkan, dengan Ara dan Dha;510;12,5;27;53;-
3853;Susu Formula Bayi, Nutrisi Abbott, Similac, dengan Zat Besi, Bubuk, Tidak Dilarutkan;522;10,89;28,87;54,73;-
3854;Susu Formula Bayi, Mead Johnson, Enfamil, Prosobee, Lipil, Konsentrat Cair, Tidak Dilarutkan, dengan Ara dan Dha;131;3,19;7,11;13,58;-
3855;Susu Formula Bayi, Nutrisi Abbott, Similac, Zat Besi Rendah, Siap Makan;65;1,36;3,55;6,93;-
3856;Susu Formula Bayi, Nutrisi Abbott, Similac, Zat Besi Rendah, Konsentrat Cair, Tidak Dilarutkan;127;2,64;6,89;13,76;-
3857;Susu Formula Bayi, Mead Johnson, Prosobee Lipil, dengan Zat Besi, Siap Makan, dengan Ara dan Dha;64;1,64;3,5;6,11;-
3858;Susu Formula Bayi, Nutrisi Abbott, Similac, Zat Besi Rendah, Bubuk, Tidak Dilarutkan;522;10,85;28,87;54,78;-
3859;Susu Formula Bayi, Nestle, Goy Start Soy, dengan Dha dan Ara, Siap Makan;64;1,6;3,28;7,13;-
3860;Susu formula anak, Nutrisi Abbott, Pediasure, Siap Makan;99;2,86;4,77;11,15;-
3861;Susu Formula Bayi, Mead Johnson, Langkah Selanjutnya, Lipil Prosobi, Bubuk, dengan Ara dan Dha;480;15,6;21;57,1;-
3864;Susu Formula Bayi, Mead Johnson, Langkah Selanjutnya, Prosobee, Lipil, Siap Disusui, dengan Ara dan Dha;67;2,14;2,91;8,09;-
3867;Susu Formula Bayi, Nestle, Goy Start Soy, dengan Ara dan Dha, Bubuk;503;12,5;25,6;55,6;-
3868;Susu Formula Bayi, Mead Johnson, Enfamil, Lactofree, Siap Untuk Disusui;63;1,38;3,5;7,18;-
3869;Susu Formula Bayi, Mead Johnson, Enfamil, Lactofree, dengan Besi, Bubuk, Tidak Dilarutkan;521;10,85;28;57;-
3870;Susu Formula Anak, Nutrisi Abbott, Pediasure, Siap Makan, dengan Zat Besi dan Serat;99;2,8;4,7;11,28;0,5
3900;Susu Formula Bayi, Nestle, Goart Start 2 Essentials, dengan Zat Besi, Siap Makan;65;1,7;2,7;8,54;-
3901;Susu Formula Bayi, Nestle, Baik Mulai 2 Esensial, dengan Zat Besi, Konsentrat Cair, Tidak Dilarutkan;125;3,25;5,13;16,5;-
3913;Susu Formula Bayi, Nestle, Baik Mulai 2 Penting, dengan Besi, Bubuk;471;12,2;19,3;62,23;-
3925;Susu Formula Bayi, Nestle, Baik Mulai Penting Soy, dengan Zat Besi, Siap Makan;65;1,63;3,3;7,17;-
3926;Susu Formula Bayi, Nestle, Baik Mulai Penting Soy, dengan Zat Besi, Konsentrat Cair, Tidak Dilarutkan;128;3,2;6,5;14,1;-
3928;Susu Formula Bayi, Nestle, Baik Mulai Penting Soy, dengan Besi, Bubuk;502;12,5;25,5;55,7;-
3929;Susu Formula Bayi, Mead Johnson, Prosobee Langkah Selanjutnya, Bubuk, Tidak Dilarutkan;480;15,6;21;57,1;-
3930;Susu Formula Bayi, Mead Johnson, Prosobee Langkah Selanjutnya, Dibuat Dari Bubuk;67;2,14;2,91;8,08;-
3934;Makanan bayi, jagung dan ubi jalar, tegang;68;1,26;0,28;15,23;1,8
3935;Susu Formula Bayi, Nutrisi Abbott, Similac, Alimentum, Advance, Siap Makan, dengan Ara dan Dha;67;1,8;3,63;6,77;-
3936;Susu Formula Bayi, Produk Pbm, Merek Toko, Makanan Siap Saji;63;1,4;3,5;6,39;-
3937;Susu Formula Bayi, Produk Pbm, Merek Toko, Konsentrat Cair, Tidak Dilarutkan;130;2,9;7;13,9;-
3938;Susu Formula Bayi, Produk Pbm, Merek Toko, Bubuk;524;12;28;56;-
3939;Susu Formula Bayi, Produk Pbm, Merek Toko, Kedelai, Siap Makan;63;1,8;3,5;6,09;-
3940;Susu Formula Bayi, Produk Pbm, Merek Toko, Kedelai, Konsentrat Cair, Tidak Dilarutkan;126;3,6;7;12,18;-
3941;Susu Formula Bayi, Produk Pbm, Merek Toko, Kedelai, Bubuk;508;13,6;27,2;52,2;-
3942;Susu Formula Bayi, Mead Johnson, Enfamil, Ar Lipil, Siap Makan, dengan Ara dan Dha;68;1,71;3,49;7,53;-
3943;Susu Formula Bayi, Mead Johnson, Enfamil, Ar Lipil, Bubuk, dengan Ara dan Dha;509;12,73;25,97;56,03;-
3944;Susu Formula Bayi, Nutrisi Abbott, Kelembaban Similac, Siap Makan, dengan Ara dan Dha;69;1,92;3,77;6,94;-
3945;Susu Formula Bayi, Nutrisi Abbott, Similac, Neosure, Bubuk, dengan Ara dan Dha;520;14,42;28,33;51,75;-
3946;Susu Formula, Gizi Abbott, Similac, Sensitif (Gratis Lactose), Siap Pakai, dengan Ara dan Dha;68;1,48;3,74;7,4;-
3947;Susu Formula Bayi, Nutrisi Abbott, Similac, Sensitif, (Gratis Lactose), Konsentrat Cair, dengan Ara dan Dha;128;2,73;6,95;13,64;-
3948;Susu Formula Bayi, Nutrisi Abbott, Similac, Sensitif, (Gratis Lactose), Bubuk, dengan Ara dan Dha;520;11,13;28,14;55,67;-
3949;Susu Formula Bayi, Nutrisi Abbott, Similac, Advance, dengan Zat Besi, Siap Makan;66;1,36;3,7;6,77;-
3950;Susu Formula Bayi, Abbott Nutrisi, Similac, Advance, dengan Besi, Bubuk, Tidak Dilarutkan;522;10,89;28,87;54,73;-
3951;Susu Formula Bayi, Nutrisi Abbott, Similac, Advance, dengan Zat Besi, Konsentrat Cair, Tidak Dilarutkan;127;2,64;6,89;13,52;-
3952;Susu Formula Bayi, Nutrisi Abbott, Similac, Isomil, Advance dengan Zat Besi, Konsentrat Cair;128;3,13;6,98;13,21;-
3953;Susu Formula Bayi, Nutrisi Abbott, Similac, Isomil, Advance dengan Zat Besi, Siap Makan;66;1,61;3,59;6,7;-
3954;Susu Formula Bayi, Nutrisi Abbott, Similac, Isomil, Advance dengan Zat Besi, Bubuk, Tidak Dilarutkan;517;12,6;28,09;53,57;-
3955;Susu Formula Bayi, Mead Johnson, Enfamil, Enfacare Lipil, Siap Makan, dengan Ara dan Dha;71;2;3,8;7,4;-
3956;Makanan bayi, yogurt, susu murni, dengan buah, sereal multigrain, dan ditambahkan DHA yang diperkaya;98;3,4;3,53;13,22;0,3
3957;Susu Formula Bayi, Nutrisi Abbott, Advensi Alimentum, dengan Zat Besi, Bubuk, Tidak Dilarutkan, dengan Dha dan Ara;517;13,99;28,19;51,91;-
3959;Makanan bayi, kentang cheddar tumbuk dan brokoli, balita;48;1,11;1,47;7,47;1,2
3960;Susu Formula Bayi, Nestle, Mulai Baik Supreme, dengan Zat Besi, Dha dan Ara, Siap Makan;66;1,45;3,37;7,39;-
3961;Susu Formula Bayi, Nestle, Mulai Baik Supreme, dengan Zat Besi, Dha dan Ara, Dibuat Dari Konsentrat Cair;66;1,45;3,37;7,39;-
3963;Susu Formula Bayi, Mead Johnson, Enfamil Gentlease Lipil, dengan Besi, Dibuat Dari Bubuk;63;1,52;3,5;6,39;-
3964;Makanan bayi, bar sereal yang diperkaya, isian buah;344;5,43;5,3;68,63;1,7
3965;Makanan bayi, yogurt, susu murni, dengan buah, sereal multigrain dan tambahan zat besi;92;3,05;3,08;13;0,6
3966;Susu Formula Bayi, Nestle, Goy Start Soy, dengan Dha dan Ara, Konsentrat Cair;132;3,31;6,67;14,71;-
3967;Susu formula balita, Mead Johnson, Enfagrow, Premium (Sebelumnya Enfamil, Lipil, Langkah Selanjutnya), Bubuk;501;13;26,9;56;-
3968;Susu formula balita, Mead Johnson, Enfagrow Premium (Sebelumnya Enfamil, Lipil, Langkah Selanjutnya), Siap Makan;64;1,78;3,63;7,18;-
3980;Susu Formula Bayi, Mead Johnson, Enfamil, Gentlease, Bubuk;514;11,8;27;56;-
3981;Susu Formula Bayi, Mead Johnson, Enfamil, Enfagrow, Gentlease, Balita, Siap Makan;66;1,71;3,5;6,9;-
3982;Susu Formula, Mead Johnson, Enfamil, Enfagrow, Soy, Balita Siap Makan;65;2,17;2,89;7,64;-
3983;Susu Formula Bayi, Mead Johnson, Enfamil, Nutramigen Aa, Siap Untuk Disusui;66;1,84;3,48;6,76;-
3984;Susu Formula Bayi, Mead Johnson, Enfamil, Prematur, 20 Kalori Yang Siap Disusui;66;1,97;3,34;7,21;-
3985;Susu Formula Bayi, Mead Johnson, Enfamil, Premature, 24-Calo Siap Makan;67;1,97;3,34;7,19;-
3986;Susu Formula Bayi, Mead Johnson, Enfamil, Premium, Baru Lahir, Siap Untuk Disusui;66;1,38;3,48;7,39;-
3987;Susu Formula Bayi, Gerber, Baik Mulai 2 Kedelai, dengan Zat Besi, Siap Makan;65;1,84;3,28;7,15;-
3988;Susu Formula Bayi, Gerber, Mulai Baik, Protect Plus, Siap-Untuk-Makan;65;1,44;3,36;7,17;-
3989;Susu Formula Bayi, Gerber Baik Mulai 2, Gentle Plus, Siap-Untuk-Makan;66;1,44;3,34;7,61;-
3990;Susu Formula Bayi, Gerber, Baik Mulai 2, Protect Plus, Siap Untuk Disusui;66;1,44;3,37;7,39;-
3991;Susu Formula Bayi, Nutrisi Abbott, Similac, Pergi dan Tumbuh, Siap Makan, dengan Ara dan Dha;66;1,97;3,54;6,69;-
3992;Susu Formula Bayi, Nutrisi Abbott, Similac, Perawatan Pakar, Diare, Makanan Siap Pakai dengan Ara dan Dha;66;1,76;3,6;6,67;0,7
3993;Susu Formula Bayi, Nutrisi Abbott, Similac, Untuk Meludah, Siap Makan, dengan Ara dan Dha;66;1,4;3,54;7,19;-
3994;Makanan bayi, buah, pisang dan stroberi, junior;109;0,71;0,37;25,78;1,4
3995;Makanan bayi, pisang dengan campuran beri, disaring;92;1,01;0,36;21,31;1
3996;Makanan bayi, Multigrain sereal gandum utuh, kering diperkaya;407;6,67;6,67;80,06;6,7
3997;Makanan bayi, Baby Mum Mum Biskuit Beras;391;12,5;0,87;83,21;-
3998;Makanan bayi, Snack, Gerber, Graduates, Lil Crunchies, Camilan Jagung Gandum Utuh;503;-;28,57;61,59;-
3999;Susu Formula Bayi, Nutrisi Abbott, Similac, Untuk Meludah, Bedak, dengan Ara dan Dha;514;11;27,75;55;-
4001;Lemak sapi;902;-;100;-;-
4002;Lemak babi;902;-;100;-;-
4011;Saus Salad, Kraft Mayo Light Mayonnaise;334;0,6;32,9;8,5;0,1
4013;Saus salad, Kraft Mayo Fat Mayonnaise Dressing Gratis;64;0,2;-;15,8;2
4014;Saus salad, Kraft Miracle Whip Free Nonfat Dressing;84;0,2;2,7;15,5;1,9
4015;Saus salad, saus rusia;355;0,69;26,18;31,9;0,7
4016;Saus salad, saus biji wijen, teratur;443;3,1;45,2;8,6;1
4017;Saus salad, ribuan pulau, komersial, reguler;379;1,09;35,06;14,64;0,8
4018;Saus salad, jenis mayones, teratur, dengan garam;250;0,65;21,6;14,78;-
4020;Saus salad, saus prancis, mengurangi lemak;222;0,58;11,52;31,22;1,5
4021;Saus salad, saus Italia, komersial, mengurangi lemak;102;0,39;6,68;9,99;-
4022;Saus salad, saus rusia, rendah kalori;141;0,5;4;27,6;0,3
4023;Saus salad, saus seribu pulau, mengurangi lemak;195;0,83;11,32;24,06;1,2
4025;Saus salad, mayones, teratur;680;0,96;74,85;0,57;-
4026;Saus salad, mayones, kedelai, dan minyak safflower, dengan garam;717;1,1;79,4;2,7;-
4027;Saus salad, mayones, imitasi, kedelai;232;0,3;19,2;16;-
4028;Saus salad, mayones, imitasi, krim susu;97;2,1;5,1;11,1;-
4029;Saus salad, mayones, tiruan, kedelai tanpa kolesterol;482;0,1;47,7;15,8;-
4030;Sandwich menyebar, dengan acar cincang, minyak biasa, tidak ditentukan;389;0,9;34;22,4;0,4
4031;Shortening, rumah tangga, kedelai (terhidrogenasi sebagian) - biji kapas (terhidrogenasi parsial);884;-;100;-;-
4034;Minyak, kedelai, salad atau masakan, (terhidrogenasi sebagian);884;-;100;-;-
4037;Minyak bekatul;884;-;100;-;-
4038;Minyak biji gandum;884;-;100;-;-
4042;Minyak kacang, salad atau masakan;884;-;100;-;-
4044;Minyak, kedelai, salad atau masakan;884;-;100;-;-
4047;Minyak kelapa;892;-;99,06;-;-
4053;Minyak zaitun, salad atau masakan;884;-;100;-;-
4055;Minyak Kelapa sawit;884;-;100;-;-
4058;Minyak wijen, salad atau masakan;884;-;100;-;-
4060;Minyak, bunga matahari, linoleat (kurang dari 60%);884;-;100;-;-
4073;Margarin, teratur, keras, kedelai (terhidrogenasi);719;0,9;80,5;0,9;-
4114;Saus salad, saus italia, komersial, reguler;240;0,41;21,12;12,12;-
4120;Saus salad, saus prancis, komersial, reguler;457;0,77;44,81;15,58;-
4128;Seperti margarin, minyak sayur menyebar, minyak tidak spesifik, sekitar 37% lemak, dengan garam;339;0,51;37,77;0,66;-
4133;Saus salad, perancis, resep rumah;631;0,1;70,2;3,4;-
4135;Saus salad, resep rumah, cuka dan minyak;449;-;50,1;2,5;-
4141;Saus salad, saus prancis, komersial, reguler, tanpa garam;459;0,77;44,81;15,58;-
4142;Saus salad, saus prancis, mengurangi lemak, tanpa garam;233;0,58;13,46;29,28;1,1
4143;Saus salad, saus italia, komersial, reguler, tanpa garam;292;0,38;28,37;10,43;-
4144;Saus salad, saus Italia, lemak berkurang, tanpa garam;76;0,47;6,38;4,57;-
4145;Saus salad, mayones, minyak kedelai, tanpa garam;717;1,1;79,4;2,7;-
4146;Saus salad, perancis, biji kapas, minyak, resep rumah;631;0,1;70,2;3,4;-
4367;Saus salad, saus prancis, bebas lemak;132;0,2;0,27;32,14;2,2
4501;Minyak cocoa butter;884;-;100;-;-
4502;Minyak, biji kapas, salad atau masakan;884;-;100;-;-
4506;Minyak, bunga matahari, linoleat, (sekitar 65%);884;-;100;-;-
4510;Minyak safflower, salad atau masakan, linoleat, (lebih dari 70%);884;-;100;-;-
4511;Minyak safflower, salad atau masakan, oleat tinggi (minyak safflower utama dari perdagangan);884;-;100;-;-
4513;Minyak sayur, inti sawit;862;-;100;-;-
4514;Minyak biji poppyseed;884;-;100;-;-
4515;Minyak tomat;884;-;100;-;-
4516;Minyak teaseed;884;-;100;-;-
4517;Minyak, biji anggur;884;-;100;-;-
4518;Minyak, jagung, industri, dan eceran, semua salad atau masakan serbaguna;900;-;100;-;-
4520;Lemak kambing;902;-;100;-;-
4528;Minyak kenari;884;-;100;-;-
4529;Minyak almond;884;-;100;-;-
4530;Minyak kernel aprikot;884;-;100;-;-
4531;Minyak, lesitin kedelai;763;-;100;-;-
4532;Minyak, kemiri;884;-;100;-;-
4534;Minyak babassu;884;-;100;-;-
4536;Minyak kacang;884;-;100;-;-
4539;Saus salad, saus keju biru atau roquefort, komersial, reguler;484;1,37;51,1;4,77;0,4
4541;Minyak cupu assu;884;-;100;-;-
4542;Lemak ayam;900;-;99,8;-;-
4543;Minyak, kedelai, salad atau masakan, (sebagian terhidrogenasi) dan biji kapas;884;-;100;-;-
4544;Minyak shortening, rumah tangga, lemak babi dan minyak sayur;900;-;100;-;-
4545;Minyak, bunga matahari, linoleat, (terhidrogenasi sebagian);884;-;100;-;-
4546;Roti shortening, kedelai (terhidrogenasi) dan biji kapas;884;-;100;-;-
4548;Campuran kue shortening, kedelai (terhidrogenasi) dan biji kapas (terhidrogenasi);884;-;100;-;-
4549;Minyak pemendekan industri, lemak babi dan minyak sayur;900;-;100;-;-
4550;Shortening frying (heavy duty), lemak sapi dan biji kapas;900;-;100;-;-
4551;Kembang gula pendek, kelapa (terhidrogenasi) dan atau inti sawit (terhidrogenasi);884;-;100;-;-
4554;Pemendekan industri, kedelai dan biji kapas;884;-;100;-;-
4556;Shortening frying (heavy duty), kelapa sawit (terhidrogenasi);884;-;100;-;-
4559;Pemendekan kedelai rumah tangga dan kelapa sawit;884;-;100;-;-
4560;Shortening frying (heavy duty), kedelai (terhidrogenasi), linoleat (kurang dari 1%);884;-;100;-;-
4570;Shortening, gula-gula, fraksinasi sawit;884;-;100;-;-
4572;Minyak mentega pala;884;-;100;-;-
4573;Minyak mentega ucuhuba;884;-;100;-;-
4574;Lemak bebek;882;-;99,8;-;-
4575;Lemak kalkun;900;-;99,8;-;-
4576;Lemak angsa;900;-;99,8;-;-
4581;Minyak alpukat;884;-;100;-;-
4582;Minyak kanola;884;-;100;-;-
4583;Minyak mustard;884;-;100;-;-
4584;Minyak, bunga matahari, oleat tinggi (70% dan lebih);884;-;100;-;-
4585;Seperti margarin, campuran mentega, minyak kedelai dan mentega;727;0,31;80,32;0,77;-
4586;Shortening, tujuan khusus untuk kue dan hiasan, kedelai (terhidrogenasi);884;-;100;-;-
4587;Shortening, tujuan khusus untuk memanggang, kedelai (terhidrogenasi), dan biji kapas;884;-;100;-;-
4588;Minyak oat;884;-;100;-;-
4589;Minyak ikan, hati ikan kod;902;-;100;-;-
4590;Minyak ikan, ikan haring;902;-;100;-;-
4591;Minyak ikan, menhaden;902;-;100;-;-
4592;Minyak ikan, menhaden, terhidrogenasi penuh;902;-;100;-;-
4593;Minyak ikan, salmon;902;-;100;-;-
4594;Minyak ikan, ikan sarden;902;-;100;-;-
4595;Shortening, multiguna, kedelai (terhidrogenasi) dan sawit (terhidrogenasi);884;-;100;-;-
4600;Seperti margarin, olesan mentega minyak sayur, bak, dengan garam;362;1;40;1;-
4601;Mentega, ringan, lengket, dengan garam;499;3,3;55,1;-;-
4602;Mentega, ringan, lengket, tanpa garam;499;3,3;55,1;-;-
4606;Tetes daging (lemak babi, lemak sapi, lemak kambing);889;-;98,59;-;-
4609;Lemak hewani, lemak bacon;897;-;99,5;-;-
4610;Margarin, teratur, 80% lemak, komposit, lengket, dengan garam;717;0,16;80,71;0,7;-
4611;Margarin, teratur, 80% lemak, komposit, bak, dengan garam;713;0,22;80,17;0,75;-
4612;Seperti margarin, minyak sayur menyebar, 60% lemak, lengket, dengan garam;537;0,12;60,39;0,69;-
4613;Seperti margarin, minyak sayur menyebar, 60% lemak, bak, dengan garam;533;0,17;59,81;0,86;-
4614;Seperti margarin, minyak sayur menyebar, 60% lemak, lengket / bak / botol, dengan garam;526;0,6;59,17;-;-
4615;Shortening, sayur, rumah tangga, komposit;884;-;99,97;-;-
4617;Margarin, teratur, 80% lemak, komposit, lengket, tanpa garam;717;0,16;80,71;0,7;-
4618;Margarin, teratur, 80% lemak, komposit, bak, tanpa garam;713;0,22;80,17;0,75;-
4620;Seperti margarin, minyak sayur, 60% lemak, lengket / bak / botol, tanpa garam;533;0,17;59,81;0,86;-
4624;Seperti margarin, minyak sayur menyebar, bebas lemak, cair, dengan garam;43;1,5;3;2,5;-
4626;Olesan seperti margarin dengan yogurt, 70% lemak, lengket, dng garam;630;0,3;70;0,5;-
4627;Olesan seperti margarin dengan yogurt, 40% lemak, dengan garam;330;2;35;2;-
4628;Margarin, 80% lemak, lengket, termasuk minyak jagung dan kedelai biasa dan terhidrogenasi;717;0,16;80,71;0,7;-
4629;Margarin, minyak sayur jenis margarin, 70% lemak, kedelai dan kedelai terhidrogenasi sebagian, menempel;628;0,26;70,22;1,53;-
4630;Margarine Spread, sekitar 48% lemak, tub;424;0,2;47,53;0,86;-
4631;Seperti margarin, minyak sayur menyebar, bebas lemak, bak mandi;44;0,1;3,04;4,34;-
4633;Seperti margarin, minyak sayur menyebar, 20% lemak, dengan garam;175;-;19,5;0,4;-
4634;Seperti margarin, minyak sayur menyebar, 20% lemak, tanpa garam;175;-;19,5;0,4;-
4635;Saus salad, saus seribu pulau, bebas lemak;132;0,55;1,45;29,27;3,3
4636;Saus salad, saus Italia, bebas lemak;47;0,97;0,87;8,75;0,6
4638;Saus salad, saus peternakan, bebas lemak;119;0,25;1,92;26,51;0,1
4639;Saus salad, saus peternakan, teratur;430;1,32;44,54;5,9;-
4640;Saus salad, saus peternakan, mengurangi lemak;196;1,25;12,42;21,33;1,1
4641;Saus salad, mayones, ringan;238;0,37;22,22;9,23;-
4642;Minyak, industri, oleat menengah, bunga matahari;884;-;100;-;-
4643;Minyak, industri, kanola dengan agen antifoaming, prinsipal menggunakan salad, wajan dan penggorengan ringan;884;-;100;-;-
4644;Minyak, industri, kanola untuk salad, wajan, dan penggorengan ringan;884;-;100;-;-
4645;Minyak, industri, minyak kanola (sebagian terhidrogenasi) untuk menggoreng lemak dalam;884;-;100;-;-
4646;Minyak, industri, kelapa, prinsipal menggunakan pelapis permen, semprotan minyak, memanggang kacang;884;-;100;-;-
4648;Minyak, industri, kedelai (dihidrogenasi parsial), untuk popcorn dan sayuran penyedap;884;-;100;-;-
4649;Shortening, industri, kedelai (sebagian terhidrogenasi), shortening goreng cair yang bisa dituang;884;-;100;-;-
4650;Minyak, industri, kedelai, halus, untuk wajan dan penggorengan ringan;884;-;100;-;-
4651;Minyak, industri, kedelai (dihidrogenasi parsial), untuk rasa mentega non-susu;884;-;100;-;-
4652;Minyak, industri, kedelai (dihidrogenasi parsial), semua tujuan;884;-;100;-;-
4653;Minyak, industri, kedelai (terhidrogenasi parsial) dan kedelai, benih yang bisa dituang;884;-;100;-;-
4654;Minyak, industri, kedelai (sebagian terhidrogenasi) dan biji kapas, digunakan utama sebagai pemendekan tortilla;884;-;100;-;-
4655;Mentega seperti margarin, industri, kedelai (sebagian terhidrogenasi), biji kapas, dan kedelai, penggunaan utama kue kering bersisik;628;-;71;-;-
4656;Minyak, industri, inti sawit, lemak confection, menggunakan mirip dengan cocoa butter berkualitas tinggi;884;-;100;-;-
4657;Minyak, industri, inti sawit (terhidrogenasi), lemak confection, menggunakan mirip dengan mentega keras 95 derajat;884;-;100;-;-
4658;Minyak, industri, inti sawit (terhidrogenasi), confection fat, produk kelas menengah;884;-;100;-;-
4659;Minyak, industri, kelapa, konpeksi lemak, dasar khas untuk pelapis es krim;884;-;100;-;-
4660;Minyak, industri, inti sawit (terhidrogenasi), digunakan untuk topping kocok, non-susu;884;-;100;-;-
4661;Minyak, industri, kelapa (terhidrogenasi), digunakan untuk topping kocok dan pemutih kopi;880;-;99,5;-;-
4662;Minyak, industri, kelapa sawit dan inti sawit, mengisi lemak (tidak terhidrogenasi);880;-;99,5;-;-
4663;Minyak, industri, inti sawit (terhidrogenasi), mengisi lemak;884;-;100;-;-
4664;Minyak, industri, kedelai (parthydr), kelapa sawit, es dan tambalan;884;-;100;-;-
4665;Margarin, industri, non-susu, biji kapas, minyak kedelai (terhidrogenasi sebagian), untuk kue kering;714;1,9;80,2;-;-
4666;Shortening, industri, kedelai (terhidrogenasi sebagian) dan jagung untuk digoreng;884;-;100;-;-
4667;Shortening, industri, kedelai (dihidrogenasi sebagian) untuk dipanggang dan permen;884;-;100;-;-
4668;Margarin, industri, kedelai, dan minyak kedelai yang dihidrogenasi sebagian, digunakan untuk memanggang, saus, dan permen;714;0,18;80;0,71;-
4669;Makanan komoditas USDA, minyak, sayuran, kedelai, halus;884;-;100;-;-
4670;Komoditas USDA Makanan, minyak, sayur, lemak jenuh rendah;884;-;100;-;-
4673;Olesan seperti margarin, Smart Balance Buttery Biasa Sebarkan dengan Minyak Rami;583;0,14;64,63;0,14;-
4674;Margarin seperti spread, Smart Balance Light Buttery Spread;337;0,02;36,41;1,98;-
4675;Olesan seperti margarin, Smart Beat Super Light Tanpa Lemak Jenuh;158;-;17,1;-;-
4676;Olesan seperti margarin, Smart Beat Smart Squeeze;47;-;2,1;7,1;-
4677;Olesan seperti margarin, Balance Pandai Omega Plus Spread (dengan Sterol & Minyak Ikan);605;0,13;70,95;0,16;-
4678;Minyak sayur, Natreon canola, stabilitas tinggi, non trans, oleat tinggi (70%);884;-;100;-;-
4679;Minyak, Semprotan Memasak Pam, Asli;792;0,26;78,69;20,69;-
4683;Margarin, minyak sayur seperti margarin, 67-70% lemak, bak;606;0,07;68,29;0,59;-
4684;Margarin, 80% Lemak, Tub, Canola Harvest Soft Spread (Minyak Kanola, Kelapa Sawit dan Inti Sawit);730;0,41;80,32;1,39;-
4685;Minyak, Memasak, dan Salad, Enova, 80% Digliserida;884;-;100;-;-
4686;Saus salad, saus mustard madu, mengurangi kalori;207;0,98;10;28,26;0,8
4687;Olesan seperti margarin, Benecol Light Spread;357;-;38,71;5,71;-
4688;Saus salad, saus ala semprotan, berbagai macam rasa;165;0,16;10,75;16,6;0,3
4689;Saus salad, Mayones, Cahaya, Saldo Smart, Lampu Omega Plus;333;1,53;34,18;9,39;0,2
4690;Seperti margarin, minyak sayur, sekitar 37% lemak, minyak tidak spesifik, dengan garam, ditambah vitamin D;339;0,51;37,77;0,66;-
4691;Margarin, teratur, 80% lemak, komposit, lengket, dengan garam, ditambah vitamin D;717;0,16;80,71;0,7;-
4692;Margarin, teratur, 80% lemak, komposit, bak, dengan garam, ditambah vitamin D;713;0,22;80,17;0,75;-
4693;Seperti margarin, minyak sayur menyebar, 60% lemak, lengket, dengan garam, ditambah vitamin D;537;0,12;60,39;0,69;-
4694;Seperti margarin, minyak sayur menyebar, 60% lemak, bak, dengan garam, dengan tambahan vitamin D;533;0,17;59,81;0,86;-
4695;Seperti margarin, minyak sayur, stik / bak / botol, 60% lemak, dengan tambahan vitamin D;535;0,6;59,17;-;-
4696;Margarin, teratur, 80% lemak, komposit, lengket, tanpa garam, dengan tambahan vitamin D;717;0,16;80,71;0,7;-
4697;Seperti margarin, minyak sayur menyebar, 60% lemak, sticks / bak / botol, tanpa garam, dengan tambahan vitamin D;542;0,17;59,81;0,86;-
4698;Minyak, industri, kanola, oleat tinggi;900;-;100;-;-
4699;Minyak, industri, kedelai, linolenat rendah;900;-;100;-;-
4700;Minyak, industri, kedelai, linolenat sangat rendah;884;-;100;-;-
4701;Minyak, industri, kedelai, sepenuhnya terhidrogenasi;884;-;100;-;-
4702;Minyak, industri, biji kapas, sepenuhnya terhidrogenasi;884;-;100;-;-
4703;Saus salad, mustard madu, teratur;464;0,87;40,83;23,33;0,4
4704;Saus salad, poppyseed, creamy;399;0,92;33,33;23,73;0,3
4705;Saus salad, caesar, bebas lemak;131;1,47;0,23;30,73;0,2
4706;Kemasan, mustard madu, bebas lemak;169;1,07;1,47;38,43;1,2
4707;Minyak biji rami, mengandung biji rami iris yang ditambahkan;878;0,37;99,01;0,39;-
4708;Mayones, berkurang lemaknya, dengan minyak zaitun;361;0,37;40;-;-
4709;Saus salad, jenis mayones, ringan;158;0,65;10;16,4;-
5000;Ayam broiler, rotisserie, BBQ, hanya daging dada;144;28,04;3,57;-;-
5001;Ayam broilers atau fryers, daging dan kulit serta jeroan dan leher, mentah;213;18,33;14,83;0,13;-
5002;Ayam broilers atau fryers, daging dan kulit serta jeroan dan leher, dimasak, digoreng, adonan;291;22,84;17,53;9,03;-
5003;Ayam broilers atau fryers, daging dan kulit serta jeroan dan leher, dimasak, digoreng, tepung;272;28,57;15,27;3,27;-
5004;Ayam broilers atau fryers, daging dan kulit serta jeroan dan leher, dipanggang;234;26,78;13,27;0,06;-
5005;Ayam broilers atau fryers, daging dan kulit serta jeroan dan leher, direbus;216;24,49;12,37;0,06;-
5006;Ayam broilers atau fryers, daging dan kulit, mentah;215;18,6;15,06;-;-
5007;Ayam broilers atau fryers, daging dan kulit, dimasak, digoreng, adonan;289;22,54;17,35;9,42;0,3
5008;Ayam broilers atau fryers, daging dan kulit, dimasak, digoreng, tepung;269;28,56;14,92;3,15;0,1
5009;Ayam broilers atau fryers, daging dan kulit, dimasak, dipanggang;239;27,3;13,6;-;-
5010;Ayam broilers atau fryers, daging dan kulit, dimasak, direbus;219;24,68;12,56;-;-
5011;Ayam broilers atau fryers, hanya daging, mentah;119;21,39;3,08;-;-
5012;Ayam broilers atau fryers, hanya daging, dimasak, digoreng;219;30,57;9,12;1,69;0,1
5013;Ayam broilers atau fryers, hanya daging, dipanggang;190;28,93;7,41;-;-
5014;Ayam broilers atau fryers, daging saja, direbus;177;27,29;6,71;-;-
5015;Ayam broilers atau fryers, hanya kulit, mentah;349;13,33;32,35;-;-
5016;Ayam broilers atau fryers, hanya kulit, dimasak, digoreng, adonan;394;10,32;28,83;23,15;-
5017;Ayam broilers atau fryers, hanya kulit, dimasak, digoreng, tepung;502;19,09;42,58;9,34;-
5018;Ayam broilers atau fryers, hanya kulit, dimasak, dipanggang;454;20,36;40,68;-;-
5019;Ayam broilers atau fryers, hanya kulit, dimasak, direbus;363;15,22;33,04;-;-
5020;Ayam broilers atau fryers, jeroan, mentah;124;17,88;4,47;1,8;-
5021;Ayam broilers atau fryers, jeroan, dimasak, digoreng;277;32,54;13,46;4,35;-
5022;Ayam broilers atau fryers, jeroan, dimasak, direbus;157;27,15;4,5;-;-
5023;Ayam, ampela, semua kelas, mentah;94;17,66;2,06;-;-
5024;Ayam, ampela, semua kelas, dimasak, dididihkan;154;30,39;2,68;-;-
5025;Ayam, jantung, semua kelas, mentah;153;15,55;9,33;0,71;-
5026;Ayam, jantung, semua kelas, dimasak, didihkan;185;26,41;7,92;0,1;-
5027;Ayam, hati, semua kelas, mentah;119;16,92;4,83;0,73;-
5028;Ayam, hati, semua kelas, dimasak, didihkan;167;24,46;6,51;0,87;-
5029;Ayam broilers atau fryers, daging ringan, daging dan kulit, mentah;186;20,27;11,07;-;-
5030;Ayam broilers atau fryers, daging ringan, daging dan kulit, dimasak, digoreng, adonan;277;23,55;15,44;9,5;-
5031;Ayam broilers atau fryers, daging ringan, daging dan kulit, dimasak, digoreng, tepung;246;30,45;12,09;1,82;0,1
5032;Ayam broilers atau fryers, daging ringan, daging dan kulit, dimasak, dipanggang;222;29,02;10,85;-;-
5033;Ayam broilers atau fryers, daging ringan, daging dan kulit, dimasak, direbus;201;26,14;9,97;-;-
5034;Ayam broilers atau fryers, daging gelap, daging dan kulit, mentah;237;16,69;18,34;-;-
5035;Ayam broilers atau fryers, daging gelap, daging dan kulit, dimasak, digoreng, adonan;298;21,85;18,64;9,38;-
5036;Ayam broilers atau fryers, daging gelap, daging dan kulit, dimasak, digoreng, tepung;285;27,22;16,91;4,08;-
5037;Ayam broilers atau fryers, daging gelap, daging dan kulit, dimasak, dipanggang;253;25,97;15,78;-;-
5038;Ayam broilers atau fryers, daging gelap, daging dan kulit, dimasak, direbus;233;23,5;14,66;-;-
5039;Ayam broilers atau fryers, daging ringan, hanya daging, mentah;114;23,2;1,65;-;-
5040;Ayam broilers atau fryers, daging ringan, hanya daging, dimasak, digoreng;192;32,82;5,54;0,42;-
5041;Ayam broilers atau fryers, daging ringan, hanya daging, dimasak, dipanggang;173;30,91;4,51;-;-
5042;Ayam broilers atau fryers, daging ringan, hanya daging, dimasak, direbus;159;28,88;3,99;-;-
5043;Ayam broilers atau fryers, daging gelap, hanya daging, mentah;125;20,08;4,31;-;-
5044;Ayam broilers atau fryers, daging gelap, daging saja, dimasak, digoreng;239;28,99;11,62;2,59;-
5045;Ayam broilers atau fryers, daging gelap, hanya daging, dimasak, dipanggang;205;27,37;9,73;-;-
5046;Ayam broilers atau fryers, daging gelap, daging saja, dimasak, direbus;192;25,97;8,98;-;-
5047;Ayam broilers atau fryers, lemak terpisah, mentah;629;3,73;67,95;-;-
5048;Ayam broilers atau fryers, punggung, daging dan kulit, mentah;319;14,05;28,74;-;-
5049;Ayam broilers atau fryers, punggung, daging dan kulit, dimasak, digoreng, adonan;331;21,97;21,91;10,25;-
5050;Ayam broilers atau fryers, punggung, daging dan kulit, dimasak, digoreng, tepung;331;27,79;20,74;6,5;-
5051;Ayam broilers atau fryers, punggung, daging dan kulit, dimasak, dipanggang;300;25,95;20,97;-;-
5052;Ayam broilers atau fryers, punggung, daging dan kulit, dimasak, direbus;258;22,18;18,14;-;-
5053;Ayam broilers atau fryers, punggung, daging saja, mentah;137;19,56;5,92;-;-
5054;Ayam broilers atau fryers, punggung, hanya daging, dimasak, digoreng;288;29,99;15,32;5,68;-
5055;Ayam broilers atau fryers, hanya daging, dimasak, dipanggang;239;28,19;13,16;-;-
5056;Ayam broilers atau fryers, punggung, hanya daging, dimasak, direbus;209;25,31;11,19;-;-
5057;Ayam broilers atau fryers, dada, daging dan kulit, mentah;172;20,85;9,25;-;-
5058;Ayam broilers atau fryers, dada, daging dan kulit, dimasak, digoreng, adonan;260;24,84;13,2;8,99;0,3
5059;Ayam broilers atau fryers, dada, daging dan kulit, dimasak, digoreng, tepung;222;31,84;8,87;1,64;0,1
5060;Ayam broilers atau fryers, dada, daging dan kulit, dimasak, dipanggang;197;29,8;7,78;-;-
5061;Ayam broilers atau fryers, dada, daging dan kulit, dimasak, direbus;184;27,39;7,42;-;-
5062;Ayam broilers atau fryers, dada, tanpa kulit, tanpa tulang, hanya daging, mentah;120;22,5;2,62;-;-
5063;Ayam broilers atau fryers, hanya dada, daging, dimasak, digoreng;187;33,44;4,71;0,51;-
5064;Ayam broilers atau fryers, hanya dada, daging, dimasak, dipanggang;165;31,02;3,57;-;-
5065;Ayam broilers atau fryers, hanya dada, daging, dimasak, direbus;151;28,98;3,03;-;-
5066;Ayam broilers atau fryers, drumstick, daging dan kulit, mentah;161;18,08;9,2;0,11;-
5067;Ayam broilers atau fryers, paha, daging dan kulit, dimasak, digoreng, adonan;268;21,95;15,75;8,28;0,3
5068;Ayam broilers atau fryers, paha, daging dan kulit, dimasak, digoreng, tepung;245;26,96;13,72;1,63;0,1
5069;Ayam broilers atau fryers, paha, daging dan kulit, dimasak, dipanggang;191;23,35;10,15;-;-
5070;Ayam broilers atau fryers, drumstick, daging dan kulit, dimasak, direbus;204;25,32;10,64;-;-
5071;Ayam broilers atau fryers, daging gelap, drumstick, hanya daging, mentah;116;19,41;3,71;-;-
5072;Ayam broilers atau fryers, drumstick, paha, daging, dimasak, digoreng;195;28,62;8,08;-;-
5073;Ayam broilers atau fryers, daging gelap, paha, hanya daging, dimasak, dipanggang;155;24,24;5,7;-;-
5074;Ayam broilers atau fryers, drumstick, hanya daging, dimasak, direbus;169;27,5;5,71;-;-
5075;Ayam broilers atau fryers, kaki, daging dan kulit, mentah;214;16,37;15,95;0,17;-
5076;Ayam broilers atau fryers, kaki, daging dan kulit, dimasak, digoreng, adonan;273;21,77;16,17;8,72;0,3
5077;Ayam broilers atau fryers, kaki, daging dan kulit, dimasak, digoreng, tepung;254;26,84;14,43;2,5;0,1
5078;Ayam broilers atau fryers, kaki, daging dan kulit, dimasak, dipanggang;184;24,03;8,99;-;-
5079;Ayam broilers atau fryers, kaki, daging dan kulit, dimasak, direbus;220;24,17;12,92;-;-
5080;Ayam broilers atau fryers, kaki, hanya daging, mentah;120;19,16;4,22;-;-
5081;Ayam broilers atau fryers, kaki, hanya daging, dimasak, digoreng;208;28,38;9,32;0,65;-
5082;Ayam broilers atau fryers, kaki, hanya daging, dimasak, dipanggang;174;24,22;7,8;-;-
5083;Ayam broilers atau fryers, kaki, hanya daging, dimasak, direbus;185;26,26;8,06;-;-
5084;Ayam broilers atau fryers, leher, daging dan kulit, mentah;297;14,07;26,24;-;-
5085;Ayam broilers atau fryers, leher, daging dan kulit, dimasak, digoreng, adonan;330;19,82;23,52;8,7;-
5086;Ayam broilers atau fryers, leher, daging dan kulit, dimasak, digoreng, tepung;332;24,01;23,61;4,24;-
5087;Ayam broilers atau fryers, leher, daging dan kulit, dimasak secara mendidih;247;19,61;18,1;-;-
5088;Ayam broilers atau fryers, hanya leher, daging, mentah;154;17,55;8,78;-;-
5089;Ayam broilers atau fryers, hanya leher, daging, dimasak, digoreng;229;26,87;11,88;1,77;-
5090;Ayam broilers atau fryers, hanya leher, daging, dimasak, didihkan;179;24,56;8,18;-;-
5091;Ayam broilers atau fryers, paha, daging dan kulit, mentah;221;16,52;16,61;0,25;-
5092;Ayam broilers atau fryers, paha, daging dan kulit, dimasak, digoreng, adonan;277;21,61;16,53;9,08;0,3
5093;Ayam broilers atau fryers, paha, daging dan kulit, dimasak, digoreng, tepung;262;26,75;14,98;3,18;0,1
5094;Ayam broilers atau fryers, paha, daging dan kulit, dimasak, dipanggang;232;23,26;14,71;-;-
5095;Ayam broilers atau fryers, paha, daging dan kulit, dimasak, direbus;232;23,26;14,74;-;-
5096;Ayam broilers atau fryers, daging gelap, paha, hanya daging, mentah;121;19,66;4,12;-;-
5097;Ayam broilers atau fryers, paha, hanya daging, dimasak, digoreng;218;28,18;10,3;1,18;-
5098;Ayam broilers atau fryers, paha, hanya daging, dimasak, dipanggang;179;24,76;8,15;-;-
5099;Ayam broilers atau fryers, paha, hanya daging, dimasak, direbus;195;25;9,79;-;-
5100;Ayam broilers atau fryers, sayap, daging dan kulit, mentah;191;17,52;12,85;-;-
5101;Ayam broilers atau fryers, sayap, daging dan kulit, dimasak, digoreng, adonan;324;19,87;21,81;10,94;0,3
5102;Ayam broilers atau fryers, sayap, daging dan kulit, dimasak, digoreng, tepung;321;26,11;22,16;2,39;0,1
5103;Ayam broilers atau fryers, sayap, daging dan kulit, dimasak, dipanggang;254;23,79;16,87;-;-
5104;Ayam broilers atau fryers, sayap, daging dan kulit, dimasak, direbus;249;22,78;16,82;-;-
5105;Ayam broilers atau fryers, hanya sayap, daging, mentah;126;21,97;3,54;-;-
5106;Ayam broilers atau fryers, hanya sayap, daging, dimasak, digoreng;211;30,15;9,15;-;-
5107;Ayam broilers atau fryers, hanya sayap, daging, dimasak, dipanggang;203;30,46;8,13;-;-
5108;Ayam broilers atau fryers, hanya sayap, daging, dimasak, direbus;181;27,18;7,18;-;-
5109;Ayam, daging panggang, daging dan kulit dan jeroan dan leher, mentah;213;17,09;15,46;0,09;-
5110;Ayam, panggang, daging dan kulit dan jeroan dan leher, dimasak, dipanggang;220;23,96;13,07;0,05;-
5111;Angsa Kanada, daging dada, tanpa kulit, mentah;133;24,31;4,02;-;-
5112;Ayam, panggang, daging dan kulit, dimasak, dipanggang;223;23,97;13,39;-;-
5113;Ayam, panggang, hanya daging, mentah;111;20,33;2,7;-;-
5114;Ayam, panggang, hanya daging, dimasak, dipanggang;167;25,01;6,63;-;-
5115;Ayam, panggang, jeroan, mentah;127;18,14;5,04;1,14;-
5116;Ayam, panggang, jeroan, dimasak, didihkan;165;26,77;5,22;0,86;-
5117;Ayam, panggang, daging ringan, hanya daging, mentah;109;22,2;1,63;-;-
5118;Ayam, panggang, daging ringan, hanya daging, dimasak, dipanggang;153;27,13;4,07;-;-
5119;Ayam, panggang, daging gelap, hanya daging, mentah;113;18,74;3,61;-;-
5120;Ayam, panggang, daging gelap, hanya daging, dimasak, dipanggang;178;23,25;8,75;-;-
5121;Ayam, stewing, daging dan kulit, dan jeroan dan leher, mentah;251;17,48;19,52;0,19;-
5122;Ayam, semur, daging dan kulit, dan jeroan dan leher, dimasak, direbus;214;24,88;11,91;-;-
5123;Ayam, sup, daging dan kulit, mentah;258;17,55;20,33;-;-
5124;Ayam, stewing, daging dan kulit, dimasak, direbus;285;26,88;18,87;-;-
5125;Ayam, stewing, hanya daging, mentah;148;21,26;6,32;-;-
5126;Ayam, direbus, hanya daging, dimasak, direbus;237;30,42;11,89;-;-
5127;Ayam, stewing, jeroan, mentah;168;17,89;9,21;2,13;-
5128;Ayam, sup, jeroan, dimasak, didihkan;194;25,73;9,3;0,11;-
5129;Ayam, stewing, daging ringan, hanya daging, mentah;137;23,1;4,21;-;-
5130;Ayam, stewing, daging ringan, hanya daging, dimasak, direbus;213;33,04;7,98;-;-
5131;Ayam, stewing, daging gelap, hanya daging, mentah;157;19,7;8,12;-;-
5132;Ayam, stewing, daging gelap, hanya daging, dimasak, direbus;258;28,14;15,28;-;-
5133;Ayam, capon, daging dan kulit dan jeroan dan leher, mentah;232;18,51;16,9;0,08;-
5134;Ayam, capon, daging dan kulit dan jeroan dan leher, dimasak, dipanggang;226;28,35;11,67;0,04;-
5135;Ayam, kapon, daging dan kulit, mentah;234;18,77;17,07;-;-
5136;Ayam, kapon, daging dan kulit, dimasak, dipanggang;229;28,96;11,65;-;-
5137;Ayam, capon, jeroan, mentah;130;18,28;5,18;1,42;-
5138;Ayam, capon, jeroan, dimasak, dididihkan;164;26,39;5,4;0,76;-
5139;Bebek, jinak, daging dan kulit, mentah;404;11,49;39,34;-;-
5140;Bebek, jinak, daging dan kulit, dimasak, dipanggang;337;18,99;28,35;-;-
5141;Bebek, jinak, hanya daging, mentah;135;18,28;5,95;0,94;-
5142;Bebek, jinak, hanya daging, dimasak, dipanggang;201;23,48;11,2;-;-
5143;Bebek, jinak, hati, mentah;136;18,74;4,64;3,53;-
5144;Bebek, liar, daging dan kulit, mentah;211;17,42;15,2;-;-
5145;Bebek, liar, Dada, hanya daging, mentah;123;19,85;4,25;-;-
5146;Angsa, jinak, daging dan kulit, mentah;371;15,86;33,62;-;-
5147;Angsa, jinak, daging dan kulit, dimasak, dipanggang;305;25,16;21,92;-;-
5148;Angsa, jinak, hanya daging, mentah;161;22,75;7,13;-;-
5149;Angsa, jinak, hanya daging, dimasak, dipanggang;238;28,97;12,67;-;-
5150;Angsa, hati, mentah;133;16,37;4,28;6,32;-
5151;Ayam Guinea, daging dan kulit, mentah;158;23,4;6,45;-;-
5152;Ayam Guinea, hanya daging, mentah;110;20,64;2,47;-;-
5153;Burung, mentah, daging dan kulit;181;22,7;9,29;-;-
5154;Burung, mentah, hanya daging;133;23,57;3,64;-;-
5155;Burung, Dada, hanya daging, mentah;133;24,37;3,25;-;-
5156;Burung, kaki, hanya daging, mentah;134;22,2;4,3;-;-
5157;Puyuh, daging dan kulit, mentah;192;19,63;12,05;-;-
5158;Puyuh, hanya daging, mentah;134;21,76;4,53;-;-
5159;Puyuh, Dada, hanya daging, mentah;123;22,59;2,99;-;-
5160;Merpati muda, daging dan kulit, mentah;294;18,47;23,8;-;-
5161;Merpati muda, hanya daging, mentah;142;17,5;7,5;-;-
5162;Merpati muda, daging ringan tanpa kulit, mentah;134;21,76;4,52;-;-
5165;Kalkun, utuh, daging dan kulit, mentah;143;21,64;5,64;0,13;-
5166;Kalkun, utuh, daging dan kulitnya, dimasak, dipanggang;189;28,55;7,39;0,06;-
5167;Kalkun, utuh, hanya daging, mentah;112;22,64;1,93;0,14;-
5168;Kalkun, utuh, hanya daging, dimasak, dipanggang;159;29,06;3,84;-;-
5169;Kalkun, kulit dari keseluruhan, (terang dan gelap), mentah;407;12,96;38,93;0,16;-
5170;Kalkun, kulit utuh (terang dan gelap), dipanggang;459;23,94;39,31;0,57;-
5171;Kalkun, utuh, jeroan, mentah;124;18,18;5,09;0,07;-
5172;Kalkun, utuh, jeroan, dimasak, dididihkan;173;26,44;6,61;-;-
5173;Kalkun, ampela, semua kelas, mentah;111;18,8;3,37;-;-
5174;Kalkun, ampela, semua kelas, dimasak, dididihkan;155;26,45;4,64;-;-
5175;Kalkun, jantung, semua kelas, mentah;140;16,7;7,44;0,4;-
5176;Kalkun, jantung, semua kelas, dimasak, didihkan;174;24,88;7,52;-;-
5177;Kalkun, hati, semua kelas, mentah;128;18,26;5,5;-;-
5178;Kalkun, hati, semua kelas, dimasak, didihkan;189;27;8,18;-;-
5179;Kalkun keseluruhan, leher, hanya daging, mentah;125;16,51;6,04;-;-
5180;Kalkun keseluruhan, leher, hanya daging, dimasak, didihkan;162;22,48;7,36;-;-
5181;Kalkun keseluruhan, daging ringan, daging dan kulit, mentah;161;21,96;7,43;0,15;-
5182;Kalkun keseluruhan, daging ringan, daging dan kulit, dimasak, dipanggang;177;29,55;5,57;0,05;-
5183;Kalkun, daging gelap, daging dan kulit, mentah;161;19,81;8,97;0,15;-
5184;Kalkun, daging gelap utuh, daging dan kulit, dimasak, dipanggang;206;27,27;9,95;0,07;-
5185;Kalkun keseluruhan, daging ringan, mentah;114;23,66;1,48;0,14;-
5186;Kalkun, semua kelas, daging ringan, dimasak, dipanggang;147;30,13;2,08;-;-
5187;Kalkun keseluruhan, daging gelap, hanya daging, mentah;108;21,28;2,5;0,15;-
5188;Kalkun, dari daging utuh, gelap, dimasak, dipanggang;173;27,71;6,04;-;-
5190;Kalkun, semua kelas, punggung, daging dan kulit, dimasak, dipanggang;244;26,59;14,38;0,16;-
5191;Kalkun, semua kelas, Dada, daging dan kulit, mentah;157;21,89;7,02;-;-
5192;Kalkun, semua kelas, dada, daging dan kulit, dimasak, dipanggang;189;28,71;7,41;-;-
5193;Kalkun, semua kelas, kaki, daging dan kulit, mentah;144;19,54;6,72;-;-
5194;Kalkun, semua kelas, kaki, daging dan kulit, dimasak, dipanggang;208;27,87;9,82;-;-
5195;Kalkun, semua kelas, sayap, daging dan kulit, mentah;197;20,22;12,32;-;-
5196;Kalkun, semua kelas, sayap, daging dan kulit, dimasak, dipanggang;229;27,38;12,43;-;-
5200;Kalkun, alat penggoreng, daging dan kulit, dimasak, dipanggang;172;28,26;5,72;-;-
5215;Kalkun, kembali, dari unggas utuh, tidak disempurnakan, hanya daging, mentah;113;21,28;2,5;0,15;-
5216;Kalkun, kembali, dari unggas utuh, tidak disempurnakan, hanya daging, dipanggang;173;27,71;6,04;-;-
5219;Kalkun, Dada, dari unggas utuh, tidak disempurnakan, hanya daging, mentah;114;23,66;1,48;0,14;-
5220;Kalkun, Dada, dari unggas utuh, tidak disempurnakan, hanya daging, dipanggang;147;30,13;2,08;-;-
5227;Kalkun, sayap, dari unggas utuh, tidak disempurnakan, hanya daging, mentah;114;23,66;1,48;0,14;-
5228;Kalkun, sayap, dari seluruh burung, tidak disempurnakan, hanya daging, dipanggang;147;30,13;2,08;-;-
5236;Kalkun, ayam muda, hanya kulit, dimasak, dipanggang;482;19,03;44,45;-;-
5277;Ayam, kalengan, hanya daging, dengan kaldu;165;21,77;7,95;-;-
5282;Pate de foie gras, kalengan (pate hati angsa), dihisap;462;11,4;43,84;4,67;-
5284;Kalkun, kalengan, hanya daging, dengan kaldu;169;23,68;6,86;1,47;-
5285;Kalkun, potong dadu, daging terang dan gelap, dibumbui;138;18,7;6;1;-
5286;Kalkun dan saus, beku;67;5,88;2,63;4,61;-
5293;Dada kalkun, pra-panggang, daging dan kulit, dimasak, dipanggang;126;22,16;3,46;-;-
5294;Kalkun paha, pra-panggang, daging dan kulit, dimasak, dipanggang;157;18,8;8,54;-;-
5295;Daging kalkun panggang, tanpa tulang, beku, dibumbui, terang dan gelap, mentah;120;17,6;2,2;6,4;-
5300;Kalkun sticks, dilapisi tepung roti, dihancurkan, digoreng;279;14,2;16,9;17;-
5301;Unggas, didebit secara mekanis, dari punggung dan leher dengan kulit, mentah;272;11,39;24,73;-;-
5302;Unggas, didebit secara mekanis, dari punggung dan leher tanpa kulit, mentah;199;13,79;15,48;-;-
5303;Unggas, didebit secara mekanis, dari ayam dewasa, mentah;243;14,72;19,98;-;-
5304;Kalkun, didebet secara mekanis, dari bingkai kalkun, mentah;201;13,29;15,96;-;-
5305;Kalkun giling, mentah;148;19,66;7,66;-;-
5306;Kalkun giling, dimasak;203;27,37;10,4;-;-
5307;Ayam buruan, daging dan kulit, mentah;200;17,15;14,02;-;-
5308;Ayam buruan, daging dan kulit, dimasak, dipanggang;259;22,27;18,21;-;-
5309;Ayam buruan, hanya daging, mentah;116;20,04;3,33;-;-
5310;Ayam buruan, hanya daging, dimasak, dipanggang;134;23,3;3,87;-;-
5311;Ayam, kalengan, tanpa kaldu;185;25,3;8,1;0,9;-
5312;Ayam, sayap, beku, berkaca, beraroma barbekyu;211;19,67;12,67;3,34;0,6
5313;Ayam, sayap, beku, berkaca, rasa barbekyu, dipanaskan (microwave);248;25,34;13,9;3,84;0,9
5314;Ayam broilers atau fryers, dada, tanpa kulit, tanpa tulang, hanya daging, lebih matang, mentah;108;20,32;3;-;-
5315;Bebek, itik muda, jinak, Pekin Putih, dada, daging dan kulit, tanpa tulang, dimasak, dipanggang;202;24,5;10,85;-;-
5316;Bebek, itik muda, jinak, Pekin Putih, dada, daging saja, tanpa tulang, dimasak tanpa kulit, dipanggang;140;27,6;2,5;-;-
5317;Bebek, itik muda, jinak, Pekin Putih, kaki, daging dan kulit, tulang dalam, dimasak, dipanggang;217;26,75;11,4;-;-
5318;Bebek, itik muda, jinak, Pekin Putih, tungkai, daging, tulang, dimasak tanpa kulit, direbus;178;29,1;5,96;-;-
5319;Ayam broiler, rotisserie, BBQ, paha, hanya daging;172;27,71;6,76;-;-
5320;Ayam, sayap, beku, berlapis kaca, rasa barbekyu, dipanaskan (oven konvensional);242;22,24;14,87;3,36;0,5
5323;Patty ayam, beku, mentah;292;14,33;20,04;13,61;1,2
5324;Patty ayam, beku, dimasak;287;14,85;19,58;12,84;0,3
5326;Tender dada ayam, dilapisi tepung roti, dimasak dengan microwave;252;16,35;12,89;17,56;-
5327;Tender dada ayam, dilapisi tepung roti, tidak dimasak;263;14,73;15,75;15,01;1,1
5332;Ayam, ditumbuk, mentah;143;17,44;8,1;0,04;-
5333;Ayam, ditumbuk, hancur, dimasak, kecoklatan;189;23,28;10,92;-;-
5334;Ayam broiler, rotisserie, BBQ, paha, hanya daging;193;24,09;10,74;-;-
5335;Ayam, kaki, rebus;215;19,4;14,6;0,2;-
5336;Ayam komoditas USDA, kalengan, hanya daging, tiriskan;162;27,52;5,72;-;-
5337;Komoditas USDA, Ayam, kaleng, hanya daging, dengan air;129;22,02;4,58;-;-
5338;Komoditas USDA, Ayam, kaleng, daging saja, dengan kaldu;133;22,41;4,69;0,23;-
5339;Ayam broiler, rotisserie, BBQ, sayap, hanya daging;184;28,34;7,79;0,54;-
5341;Ayam broilers atau fryers, hanya daging, dimasak, rotisserie, bumbu asli;205;25,34;11,54;-;-
5342;Ayam broilers atau fryers, hanya dada, daging, dimasak, rotisserie, bumbu asli;137;28;2,79;-;-
5343;Ayam broilers atau fryers, drumstick, hanya daging, dimasak, rotisserie, bumbu asli;176;28,74;6,81;-;-
5344;Ayam broilers atau fryers, hanya kulit, dimasak, rotisserie, bumbu asli;406;17,66;37,24;0,11;-
5345;Ayam broilers atau fryers, paha, hanya daging, dimasak, rotisserie, bumbu asli;196;24,06;11,09;-;-
5346;Ayam broilers atau fryers, hanya sayap, daging, dimasak, rotisserie, bumbu asli;197;27,69;9,53;-;-
5347;Ayam broilers atau fryers, punggung, daging dan kulit, dimasak, rotisserie, bumbu asli;260;23,23;18,59;0,03;-
5348;Ayam broilers atau fryers, dada, daging dan kulit, dimasak, rotisserie, bumbu asli;184;27,48;8,18;0,02;-
5349;Ayam broilers atau fryers, drumstick, daging dan kulit, dimasak, rotisserie, bumbu asli;215;26,86;11,98;0,02;-
5351;Ayam broilers atau fryers, paha, daging dan kulit, dimasak, rotisserie, bumbu asli;233;22,93;15,7;0,02;-
5352;Ayam broilers atau fryers, sayap, daging dan kulit, dimasak, rotisserie, bumbu asli;266;24,34;18,77;0,04;-
5353;Komoditas USDA, strip fajita ayam, beku;135;18,56;5,73;2,23;-
5354;Komoditas USDA, daging taco kalkun, beku, dimasak;148;16,8;7,58;3,03;-
5356;Ayam broiler, rotisserie, BBQ, kulit;378;15,19;35,15;0,7;-
5357;Ayam broiler, rotisserie, BBQ, daging dan kulit punggung;251;20,29;18,86;0,4;-
5358;Ayam broiler, rotisserie, BBQ, daging dan kulit dada;175;26,37;7,67;0,09;-
5359;Ayam broiler, rotisserie, BBQ, daging paha dan kulit;206;25,65;11,46;0,12;-
5361;Ayam broiler, rotisserie, BBQ, daging paha dan kulit;226;22,51;15,08;0,12;-
5362;Ayam broiler, rotisserie, BBQ, daging dan kulit sayap;257;23,42;18,04;0,6;-
5363;Belibis kasar, daging dada, tanpa kulit, mentah;112;25,94;0,88;-;-
5600;Komoditas USDA, ham kalkun, daging hitam, asap, beku;118;16,3;4;3,1;-
5621;Emu, tanah, mentah;134;22,77;4,03;-;-
5622;Emu, ditumbuk, dimasak, ditumis;163;28,43;4,65;-;-
5623;Emu, fillet kipas, mentah;103;22,5;0,8;-;-
5624;Emu, fillet kipas, dimasak, dipanggang;154;31,27;2,3;-;-
5625;Emu, fillet pipih, mentah;102;22,25;0,74;-;-
5626;Emu, pantat penuh, mentah;112;22,83;1,64;-;-
5627;Emu, pantat penuh, dimasak, dipanggang;168;33,67;2,68;-;-
5628;Emu, di dalam drum, mentah;108;22,22;1,49;-;-
5629;Emu, di dalam drum, dimasak, dipanggang;156;32,38;2,01;-;-
5630;Emu, drum luar, mentah;103;23,08;0,48;-;-
5631;Emu, tiram, mentah;141;22,81;4,86;-;-
5632;Emu, pinggang atas, dimasak, dipanggang;152;29,07;3,13;-;-
5641;Burung unta, tanah, mentah;165;20,22;8,7;-;-
5642;Burung unta, ditumbuk, dimasak, ditumis;175;26,15;7,07;-;-
5643;Burung unta, kipas, mentah;117;21,81;2,65;-;-
5644;Burung unta, di dalam kaki, mentah;111;22,39;1,72;-;-
5645;Burung unta, kaki bagian dalam, dimasak;141;29,01;1,94;-;-
5646;Burung unta, dalam strip, mentah;127;23,69;2,87;-;-
5647;Burung unta, dalam strip, dimasak;164;29,37;4,26;-;-
5648;Burung unta, kaki luar, mentah;115;22,86;1,96;-;-
5649;Burung unta, strip luar, mentah;120;23,36;2,21;-;-
5650;Burung unta, strip luar, dimasak;156;28,55;3,83;-;-
5651;Burung unta, tiram, mentah;125;21,55;3,67;-;-
5652;Burung unta, tiram, dimasak;159;28,81;3,97;-;-
5653;Burung unta, bulat, mentah;116;21,99;2,4;-;-
5654;Burung unta, tenderloin, mentah;123;22,07;3,19;-;-
5655;Burung unta, ujungnya dipangkas, mentah;114;21,85;2,3;-;-
5656;Burung unta, ujungnya dipangkas, dimasak;145;28,49;2,57;-;-
5657;Burung unta, top loin, mentah;119;21,67;2,95;-;-
5658;Burung unta, pinggang atas, dimasak;155;28,12;3,87;-;-
5661;Ayam, hati, semua kelas, dimasak, digoreng;172;25,78;6,43;1,11;-
5662;Kalkun giling, bebas lemak, mentah;112;23,57;1,95;-;-
5663;Kalkun giling, bebas lemak, remuk di atas wajan;151;31,69;2,71;-;-
5664;Kalkun giling, bebas lemak, roti, dipanggang;138;28,99;2,48;-;-
5665;Kalkun giling, 93% ramping, 7% lemak, mentah;150;18,73;8,34;-;-
5666;Kalkun giling, 93% ramping, 7% lemak, remuk wajan;213;27,1;11,6;-;-
5667;Kalkun giling, 93% ramping, 7% lemak, roti, panggang;207;25,86;11,45;-;-
5668;Kalkun giling, 85% ramping, 15% lemak, mentah;180;16,9;12,54;-;-
5669;Kalkun giling, 85% ramping, 15% lemak, remuk wajan;258;25,11;17,45;-;-
5670;Kalkun giling, 85% ramping, 15% lemak, roti, panggang;249;25,88;16,2;-;-
5671;Ayam broilers atau fryers, daging gelap, paha, hanya daging, dimasak, direbus;149;23,93;5,95;-;-
5672;Ayam broilers atau fryers, daging gelap, paha, hanya daging, dimasak, direbus;176;24,55;8,63;-;-
5673;Ayam, kulit (drumstick dan paha), dimasak, direbus;443;14,61;42,76;-;-
5674;Ayam, kulit (drumstick dan paha), mentah;440;9,58;44,23;0,79;-
5675;Ayam, kulit (drumstick dan paha), dimasak, dipanggang;462;16,57;43,99;-;-
5676;Ayam broilers atau fryers, daging gelap, drumstick, paha, daging dan kulit, dimasak, direbus;187;22,72;10,73;-;-
5677;Ayam broilers atau fryers, daging gelap, thigh, paha, daging dan kulit, dimasak, direbus;229;22,57;15,43;-;-
5678;Ayam, daging gelap, drumstick, hanya daging, ditambah, mentah;106;19,19;3,26;-;-
5679;Ayam, Daging gelap, Paha, hanya daging, Ditingkatkan, Dimasak, Panggang;146;25,34;5;-;-
5680;Ayam, daging gelap, drumstick, hanya daging, disempurnakan, dimasak, direbus;149;22,99;6,33;-;-
5681;Ayam, daging gelap, paha, hanya daging, ditambah, dimasak, direbus;164;23;7,96;-;-
5682;Ayam, daging gelap, paha, hanya daging, ditambah, mentah;110;19,11;3,69;-;-
5683;Ayam, daging gelap, paha, hanya daging, disempurnakan, dimasak, dipanggang;164;24,23;7,73;-;-
5684;Ayam, kulit (drumstick dan paha), disempurnakan, dimasak, direbus;403;12,26;38,94;1;-
5685;Ayam, kulit (drumstick dan paha), disempurnakan, mentah;386;11,11;37,9;0,01;-
5686;Ayam, kulit (drumstick dan paha), disempurnakan, dimasak, dipanggang;421;20,31;37,6;0,44;-
5687;Ayam, daging gelap, paha, daging dan kulit, disempurnakan, direbus;183;21,55;10,71;0,13;-
5688;Ayam, daging gelap, drumstick, daging dan kulit, disempurnakan, mentah,;146;18,03;8,24;-;-
5689;Ayam, daging gelap, paha, daging dan kulit, disempurnakan, dimasak, dipanggang;180;24,72;9;0,05;-
5690;Ayam, daging gelap, paha, daging dan kulit, disempurnakan, dimasak, direbus;215;20,7;14,62;0,21;-
5691;Ayam, daging gelap, paha, daging dan kulit, lebih matang, mentah;197;16,56;14,58;-;-
5692;Ayam, daging gelap, paha, daging dan kulit, disempurnakan, dimasak, dipanggang;214;23,47;13,81;0,09;-
5693;Ayam broiler, rotisserie, BBQ, hanya daging punggung;212;21,85;13,87;0,31;-
5694;Kalkun, daging hitam utuh, lebih baik, hanya daging, mentah;115;19,27;4,12;0,1;-
5695;Kalkun, tambahan, daging gelap, hanya daging, dimasak, dipanggang;158;26,1;6;-;-
5696;Kalkun keseluruhan, tambahan, daging ringan, hanya daging, mentah;101;21,54;1,66;-;-
5697;Kalkun keseluruhan, ditingkatkan, daging ringan, hanya daging, dimasak, dipanggang;127;26,97;2,08;-;-
5698;Kalkun, disempurnakan, kulit utuh (terang dan gelap), mentah;381;12,29;36,8;0,21;-
5699;Kalkun, lebih baik, kulit utuh, (terang dan gelap), dipanggang;451;22,15;40,31;-;-
5700;Kalkun, daging hitam dari daging utuh, daging dan kulit mentah, mentah;169;17,84;10,83;0,15;-
5701;Kalkun, daging hitam yang disempurnakan utuh, daging dan kulit, dimasak, dipanggang;199;25,55;10,81;-;-
5702;Kalkun keseluruhan, tambahan, daging ringan, daging dan kulit, mentah;147;20,02;7,42;0,14;-
5703;Kalkun keseluruhan, ditingkatkan, daging ringan, daging dan kulit, dimasak, dipanggang;157;26,52;5,64;-;-
5704;Kalkun, utuh, lebih baik, hanya daging, mentah;105;20,87;2,39;0,14;-
5705;Kalkun, utuh, lebih baik, hanya daging, dipanggang;140;26,61;3,7;-;-
5706;Kalkun, utuh, lebih baik, daging dan kulit, mentah;158;19,03;9,1;0,15;-
5707;Kalkun, utuh, lebih baik, daging dan kulit, dipanggang;176;26,09;8,01;-;-
5708;Kalkun, bagian ritel, lebih tinggi, Dada, hanya daging, mentah;111;21,99;2,53;-;-
5709;Kalkun, bagian ritel, lebih tinggi, Dada, hanya daging, dimasak, dipanggang;130;27,94;2,08;-;-
5710;Kalkun, bagian ritel, Dada, hanya daging, mentah;114;23,34;2,33;-;-
5711;Kalkun, bagian ritel, Dada, hanya daging, dimasak, dipanggang;136;29,51;1,97;-;-
5712;Kalkun, bagian ritel, sayap, hanya daging, mentah;112;22,48;2,49;-;-
5713;Kalkun, bagian ritel, sayap, hanya daging, dimasak, dipanggang;170;30,17;5,51;-;-
5714;Kalkun, kulit, dari bagian ritel, dari daging gelap, mentah;380;14,35;35,83;-;-
5715;Kalkun, kulit, dari bagian ritel, dari daging gelap, dimasak, dipanggang;414;24,58;35,03;-;-
5716;Kalkun, bagian ritel, drumstick, hanya daging, mentah;118;20,52;3,97;-;-
5717;Kalkun, bagian ritel, paha, hanya daging, mentah;116;20,6;3,69;-;-
5718;Kalkun, Dada, dari unggas utuh, ditambah, hanya daging, dipanggang;127;26,97;2,08;-;-
5719;Kalkun, kembali, dari unggas utuh, lebih baik, hanya daging, mentah;115;19,27;4,12;0,15;-
5720;Kalkun, kembali, dari unggas utuh, lebih baik, hanya daging, dipanggang;127;26,97;2,08;-;-
5721;Kalkun, Dada, dari unggas utuh, lebih baik, daging, mentah;102;21,54;1,66;0,14;-
5722;Kalkun, bagian ritel, paha, hanya daging, dimasak, dipanggang;159;25,14;6,25;0,46;-
5723;Kalkun, bagian ritel, drumstick, hanya daging, dimasak, dipanggang;173;28,61;6,52;-;-
5724;Kalkun, drumstick, dari seluruh burung, ditambah, hanya daging, mentah;115;19,27;4,12;0,15;-
5725;Kalkun, drumstick, dari seluruh burung, ditambah, hanya daging, dipanggang;158;26,1;6;-;-
5726;Kalkun, paha, dari unggas utuh, tambahan, hanya daging, mentah;115;19,27;4,12;0,15;-
5727;Kalkun, bagian ritel, lebih tinggi, Dada, daging dan kulit, mentah;144;20,79;6,75;0,03;-
5728;Kalkun, paha, dari seluruh burung, ditambah, hanya daging, dipanggang;158;26,1;6;-;-
5729;Kalkun, sayap, dari seluruh burung, tambahan, hanya daging, mentah;102;21,54;1,66;0,14;-
5730;Kalkun, sayap, dari seluruh burung, lebih baik, hanya daging, dipanggang;127;26,97;2,08;-;-
5732;Kalkun, bagian ritel, Dada, daging dan kulit, mentah;155;21,88;7,45;-;-
5733;Kalkun, bagian ritel, Dada, daging dan kulit, dimasak, dipanggang;164;29,01;5,33;0,05;-
5734;Kalkun, bagian ritel, sayap, daging dan kulit, mentah;202;19,53;13,79;0,05;-
5735;Kalkun, bagian ritel, sayap, daging dan kulit, dimasak, dipanggang;235;28,74;13,29;0,13;-
5736;Kalkun, bagian ritel, drumstick, daging dan kulit, mentah;141;19,96;6,84;-;-
5737;Kalkun, bagian ritel, drumstick, daging dan kulit, dimasak, dipanggang;197;28,21;9,37;-;-
5738;Kalkun, drumstick, dari seluruh burung, hanya daging, mentah;109;23,66;1,48;0,14;-
5739;Kalkun, drumstick, dari seluruh burung, hanya daging, dipanggang;139;30,13;2,08;-;-
5740;Kalkun, paha, dari seluruh burung, hanya daging, mentah;108;21,28;2,5;0,15;-
5741;Kalkun, paha, dari seluruh burung, hanya daging, dipanggang;165;27,71;6,04;-;-
5742;Kalkun, bagian ritel, paha, daging dan kulit, mentah;161;19,54;9,16;-;-
5743;Kalkun, bagian ritel, paha, daging dan kulit, dimasak, dipanggang;183;23,95;9,5;0,41;-
5744;Kalkun, punggung, dari unggas utuh, daging unggas, kulit, mentah;206;16,86;15,41;0,15;-
5745;Kalkun, punggung, dari unggas utuh, daging, dan kulit, dipanggang;205;25,8;11,36;-;-
5746;Ayam, broiler atau fryers, dada, tanpa kulit, tanpa tulang, hanya daging, dimasak, direbus;157;32,06;3,24;-;-
5747;Ayam, broiler atau fryers, dada, tanpa kulit, tanpa tulang, hanya daging, dimasak, dipanggang;151;30,54;3,17;-;-
5748;Ayam broilers atau fryers, dada, tanpa kulit, tanpa tulang, hanya daging, dimasak, direbus;145;28,24;3,61;-;-
5749;Ayam broilers atau fryers, dada, tanpa kulit, tanpa tulang, hanya daging, dimasak, dipanggang;148;29,5;3,39;-;-
6001;Sup, krim asparagus, kalengan, kental;69;1,82;3,26;8,52;0,4
6002;Sup, kacang hitam, kalengan, kental;91;4,83;1,32;15,42;6,8
6003;Campbell's Merah dan Putih, Sup Jamur Beefy, Kental;40;2,38;1,59;4,76;-
6004;Sup, kacang dengan daging babi, kalengan, kental;129;5,88;4,42;16,97;5,9
6006;Sup, kacang dengan frankfurters, kalengan, kental;142;7,6;5,31;16,75;4,6
6007;Sup, kacang dengan ham, kalengan, chunky, siap saji;95;5,19;3,5;11,16;4,6
6008;Sup, kaldu daging sapi atau kaldu, siap saji;7;1,14;0,22;0,04;-
6009;Sup, mie daging sapi, kalengan, kental;67;3,85;2,46;7,16;0,6
6010;Sup, krim seledri, kalengan, kental;72;1,32;4,46;7,03;0,6
6011;Sup, keju, kalengan, kental;82;0,8;3,92;11,3;2,2
6013;Sup, kaldu ayam, kalengan, kental;31;4,42;1,04;0,75;-
6014;Campbell's Merah dan Putih, Sup Keju Brokoli, Kental;81;1,61;3,63;9,68;-
6015;Sup, ayam, kalengan, chunky, siap saji;71;5,06;2,64;6,88;0,6
6016;Sup, krim ayam, kalengan, kental;90;2,38;5,77;7,16;-
6017;Sup, ayam gumbo, kalengan, kental;45;2,1;1,14;6,67;1,6
6018;Sup, mie ayam chunky, kalengan, siap saji;41;3,09;1,16;4,46;0,8
6019;Sup, mie ayam, kaleng, kental;48;2,37;1,55;6,07;0,9
6022;Sup, nasi ayam, kalengan, chunky, siap saji;53;5,11;1,33;5,41;0,4
6023;Sup, ayam dengan nasi, kalengan, kental;68;1,84;1,56;11,57;0,9
6024;Sup, ayam dan sayuran, kalengan, siap saji;33;1,97;0,73;4,68;0,9
6025;Sup, sayur ayam, kaleng, kental;61;2,94;2,32;7,01;0,7
6026;Sup, cabai, kalengan, kental;117;5,09;2,53;18,86;2,5
6027;Sup, clam chowder, gaya manhattan, kalengan, chunky, siap saji;56;3,02;1,41;7,84;1,2
6028;Sup, clam chowder, manhattan, kalengan, kental;61;1,74;1,76;9,74;1,2
6029;Campbell's, Healthy Request, Ayam dengan Nasi, Kental;46;1,59;1,19;7,19;0,8
6030;Sup, clam chowder, england baru, kaleng, kental;72;3,17;2,06;10,32;0,7
6032;Sup, kaldu daging sapi kaldu dan consomme, kalengan, kental;11;2,52;-;0,32;-
6037;Sup, lentil dengan ham, kalengan, siap saji;56;3,74;1,12;8,16;-
6038;Campbell's, Cheddar Cheese Soup, Kental;84;0,8;3,92;11,44;2,2
6039;Sup, minestrone, kalengan, chunky, siap saji;53;2,13;1,17;8,64;2,4
6040;Sup, minestrone, kalengan, kental;68;3,48;2,05;9,17;0,8
6041;Sup Merah Putih, Campbell, Sup Ayam dan Pangsit, Kental;56;2,38;1,98;7,94;0,8
6042;Sup, barley jamur, kaleng, kental;61;1,5;1,8;9,6;-
6043;Sup, krim jamur, kaleng, kental;79;1,35;5,3;6,8;0,7
6044;Sup, jamur dengan kaldu sapi, kalengan, kental;68;2,51;3,21;7,41;0,1
6045;Sup, bawang, kalengan, kental;46;3,06;1,42;6,68;0,7
6046;Sup, krim bawang, kalengan, kental;88;2,2;4,2;10,4;0,4
6047;Campbell's Merah dan Putih, Sup Ayam dan Bintang, Kental;56;2,38;1,59;8,73;0,8
6048;Sup, sup tiram, kalengan, kental;48;1,72;3,13;3,32;-
6049;Sup, kacang polong, hijau, kalengan, kental;125;6,54;2,23;20,18;3,9
6050;Sup, kacang polong, pisahkan dengan ham, kalengan, chunky, siap saji;77;4,62;1,66;11,17;1,7
6051;Sup, kacang polong, pisahkan dengan ham, kalengan, kental;141;7,68;3,28;20,81;1,7
6053;Sup, krim kentang, kaleng, kental;74;1,51;1,88;12,79;1,3
6054;Campbell's Merah dan Putih, Sup Alfabet Ayam, Kental;56;2,38;1,19;9,52;0,8
6056;Sup, krim udang, kaleng, kental;72;2,22;4,14;6,53;0,2
6057;Campbell Merah dan Putih, Kaldu Ayam, Kental;16;0,81;0,81;0,81;-
6058;Campbell's Merah dan Putih, Sup Ayam Gumbo, Kental;48;1,59;0,79;7,94;0,8
6061;Sup, daging sapi tomat dengan mie, kalengan, kental;112;3,55;3,42;16,87;1,2
6062;Campbell's Merah Putih, Sup Mie Ayam, Kental;47;2,37;1,53;5,97;-
6063;Sup, nasi tomat, kaleng, kental;93;1,64;2,12;17,08;1,3
6064;Sup, kalkun, chunky, kalengan, siap saji;57;4,33;1,87;5,96;-
6067;Sup, sayur chunky, kalengan, siap saji;39;1,14;0,36;7,9;1,1
6068;Sup, sayuran vegetarian, kalengan, kental;59;1,72;1,58;9,78;0,5
6070;Sup, daging sapi yang tebal, kalengan, siap saji;66;3,97;1,11;10,08;0,6
6071;Sup, sayur daging sapi, kalengan, kental;63;4,45;1,51;8,11;1,6
6072;Sup, sayuran dengan kaldu sapi, kalengan, kental;66;2,42;1,56;10,7;1,3
6075;Sup, kaldu sapi atau kaldu, bubuk, kering;213;15,97;8,89;17,4;-
6076;Sup, kaldu sapi, potong dadu, keringkan;170;17,3;4;16,1;-
6080;Sup, kaldu ayam atau kaldu, kering;267;16,66;13,88;18,01;-
6081;Sup, kaldu ayam, keringkan;198;14,6;4,7;23,5;-
6082;Campbell's Merah dan Putih, Sup Ayam Noodleo, Kental;71;2,38;1,98;11,9;0,8
6084;Campbell's Merah dan Putih, Sup Sayur Ayam, Kental;63;2,38;0,79;11,9;1,6
6091;Campbell Merah dan Putih, Kaldu Daging Sapi, Kental;12;2,42;-;0,81;-
6094;Sup, bawang, dikeringkan, campur;293;7,48;0,34;65,07;6,6
6097;Campbell's Merah dan Putih, Beef Consomme, Kental;16;3,23;-;0,81;-
6101;Sup, krim sayur, dikeringkan, bubuk;446;8;24,1;52,1;3
6112;Saus, teriyaki, siap disajikan;89;5,93;0,02;15,56;0,1
6114;Saus, au jus, kalengan;16;1,2;0,2;2,5;-
6115;Saus, au jus, kering;313;9,2;9,63;47,49;-
6116;Saus, daging sapi, kalengan, siap saji;53;3,75;2,36;4,81;0,4
6117;Campbell's Merah dan Putih, Kacang dengan Sup Daging, Kental;125;6,25;2,34;19,53;6,3
6118;Saus, cokelat, kering;367;10,74;9,61;59,38;2
6119;Saus, ayam, kaleng atau botol, siap saji;48;0,71;2,62;5,29;0,1
6120;Saus, ayam, kering;381;11,27;9,73;62,09;-
6121;Saus, jamur, kalengan;50;1,26;2,71;5,47;0,4
6122;Saus, jamur, dikeringkan, bubuk;328;10;4;64,66;4,8
6123;Saus, bawang, dikeringkan, campur;322;9;3;67,64;6
6124;Saus, daging babi, dikeringkan, bubuk;367;8,78;8,63;63,57;2,4
6125;Saus, kalkun, kalengan, siap saji;51;2,6;2,1;5,1;0,4
6126;Saus, kalkun, kering;367;10,42;7,19;65,12;-
6127;Saus, tipe tidak spesifik, kering;344;13;8;58;-
6128;Sup, mie ayam, dikeringkan, campur;377;15,42;6,51;62,32;3,2
6142;Saus, sofrito, dibuat dari resep;237;12,8;18,2;5,46;1,7
6143;Komoditas USDA, saus spageti, tanpa daging, kalengan;48;1,2;0,9;8,7;-
6145;Campbell's Merah dan Putih, Sup Mie Daging Sapi, Kental;56;3,17;1,59;6,35;0,8
6146;Campbell's Merah dan Putih, Daging Sapi dengan Sayuran dan Sup Jelai, Kental;71;3,97;1,19;11,9;2,4
6147;Sup, jamur daging sapi, kalengan, kental;61;4,6;2,4;5,2;0,2
6149;Sup, jamur ayam, kalengan, kental;100;1,61;4,84;11,95;3,2
6150;Saus, barbekyu;172;0,82;0,63;40,77;0,9
6151;Saus, prem, siap disajikan;184;0,89;1,04;42,81;0,7
6152;Saus, pizza, kalengan, siap saji;54;2,18;1,15;8,66;2
6158;Sup, tomat bisque, kalengan, kental;96;1,76;1,95;18,47;0,8
6159;Sup, tomat, kalengan, kental;66;1,46;0,44;15,22;1,1
6164;Saus, salsa, siap disajikan;29;1,52;0,17;6,64;1,9
6165;Saus, buatan sendiri, putih, tipis;105;3,77;6,73;7,4;0,1
6166;Saus, buatan sendiri, putih, sedang;147;3,84;10,63;9,17;0,2
6167;Saus, buatan sendiri, putih, tebal;186;3,99;13,83;11,61;0,3
6168;Saus, siap saji, merica atau panas;11;0,51;0,37;1,75;0,3
6169;Saus, Siap Saji, Lada, Tabasco;12;1,29;0,76;0,8;0,6
6170;Sup, kaldu, daging sapi, disiapkan di rumah;13;1,97;0,09;1,2;-
6172;Sup, kaldu, ayam, disiapkan di rumah;36;2,52;1,2;3,53;-
6174;Sup, kaldu, ikan, disiapkan di rumah;16;2,26;0,81;-;-
6175;Saus, hoisin, siap saji;220;3,31;3,39;44,08;2,8
6176;Saus, tiram, siap saji;51;1,35;0,25;10,92;0,3
6177;Sup, minestrone, kalengan, sodium dikurangi, siap saji;50;2;0,8;9;2,4
6178;Komoditas USDA, salsa;36;1,5;0,2;7;1,4
6179;Saus, ikan, siap saji;35;5,06;0,01;3,64;-
6180;Sup, sirip ikan hiu, disiapkan restoran;46;3,2;2;3,8;-
6182;Sup, krim jamur, kaleng, kental, natrium berkurang;52;1,21;1,69;8,1;0,6
6183;Sup, kaldu ayam, kurang / dikurangi sodium, siap disajikan;7;1,36;-;0,38;-
6188;Sup, kaldu sapi, kurang / dikurangi natrium, siap disajikan;6;1,14;0,07;0,2;-
6189;Saus, teriyaki, siap saji, natrium berkurang;89;5,93;0,02;15,58;0,1
6190;Sup, kacang & ham, kalengan, sodium dikurangi, disiapkan dengan air atau siap saji;81;4,19;1,03;13,66;4
6192;Sup kacang polong, kaleng, kurangi sodium, disiapkan dengan air atau siap saji;71;3,85;0,92;11,83;1,9
6193;Kacang polong dengan sup ham, kalengan, sodium dikurangi, disiapkan dengan air atau siap saji;68;4;0,7;11,4;1,9
6194;Sup, kaldu ayam, siap saji;6;0,64;0,21;0,44;-
6195;Campbell's, Healthy Request, Krim Sup Ayam, Kental;50;3;1,5;7,5;0,4
6201;Sup, krim asparagus, kalengan, disiapkan dengan susu volume yang sama;65;2,55;3,3;6,61;0,3
6208;Sup, sayur ayam dengan kentang dan keju, chunky, siap saji;65;1,16;4,46;5,2;0,3
6209;Campbell's, 98% Krim Bebas Lemak Dari Sup Brokoli, Kental;56;1,61;1,61;8,06;1,6
6210;Sup, krim seledri, kalengan, disiapkan dengan susu volume yang sama;66;2,29;3,91;5,86;0,3
6211;Sup, keju, kalengan, disiapkan dengan susu volume yang sama;92;3,77;5,8;6,47;0,4
6212;Campbell's, 25% Lebih Sedikit Sodium Chicken Noodle Soup, Kental;49;2,9;1,29;6,3;0,8
6213;Campbell's Merah dan Putih, Sup Sodium Tomat Kurang 25%, Kental;73;1,61;-;16,13;0,8
6214;Campbell's, 25% Lebih Sedikit Sodium Cream of Mushroom Soup, Kental;89;1,61;6,45;6,45;1,6
6215;Campbell's, 98% Sup Keju Brokoli Bebas Lemak, Kental;56;1,61;1,21;9,68;0,8
6216;Sup, krim ayam, kalengan, disiapkan dengan susu volume yang sama;77;3,01;4,62;6,04;0,1
6217;Sup, sayur, kaleng, natrium rendah, kental;65;2,2;0,9;12,11;2,1
6218;Campbell's, 98% Krim Bebas Lemak Dari Seledri Sup, Kental;56;0,81;2,42;7,26;1,6
6219;Campbell's, 98% Krim Sup Ayam Bebas Lemak, Kental;55;1,8;2,02;7,46;0,4
6220;Prego Pasta, Jamur Chunky Garden, dan Saus Lada Italia, Siap Disajikan;69;1,54;2,31;10;2,3
6221;Prego Pasta, Chunky Garden Mushroom Supreme Italian Sauce, Siap Disajikan;69;1,54;2,31;10;2,3
6222;Prego Pasta, Bawang Diced, dan Saus Italia Bawang Putih, Siap Disajikan;92;1,54;3,46;13,85;2,3
6223;Prego Pasta, Rasa dengan Saus Italia Daging, Siap Saji;62;1,54;1,92;10;2,3
6224;Prego Pasta, Saus Italia Jamur Segar, Siap Disajikan;54;1,54;1,15;10;2,3
6225;Prego Pasta, Saus Bawang Putih Agung Italia, Siap Disajikan;85;1,54;3,08;13,08;2,3
6226;Prego Pasta, Sosis Italia, dan Saus Italia Bawang Putih, Siap Disajikan;72;2,4;2,4;10,4;2,4
6228;Prego Pasta, Saus Italia Bakso Mini, Siap Disajikan;77;3,08;2,31;10;2,3
6229;Prego Pasta, Jamur dan Saus Italia Bawang Putih, Siap Disajikan;62;1,54;1,92;10;2,3
6230;Sup, clam chowder, england baru, kalengan, disiapkan dengan susu rendah lemak dengan volume yang sama (2%);61;3,24;2,02;7,46;0,3
6231;Prego Pasta, Jamur, dan Saus Italia Parmesan, Siap Disajikan;104;2,4;2,8;17,6;2,4
6232;Prego Pasta, Saus Italia Jamur Organik, Siap Disajikan;72;1,6;2,4;10,4;3,2
6233;Prego Pasta, Tomat Organik, dan Saus Italia Basil, Siap Disajikan;72;1,6;2,4;10,4;3,2
6234;Prego Pasta, Heart Smart- Ricotta Parmesan Italian Sauce, Siap Disajikan;72;2,4;2;10,4;2,4
6235;Prego Pasta, Bawang Putih Bakar dan Ramuan Saus Italia, Siap Disajikan;69;1,54;2,31;10;2,3
6236;Prego Pasta, Saus Bumbu Parmesan Bawang Putih Italia, Siap Disajikan;77;2,31;0,77;10;2,3
6237;Prego Pasta, Lada Merah Panggang-Cerdas, dan Saus Italia Bawang Putih, Siap Disajikan;56;1,6;1,2;10,4;2,4
6239;Prego Pasta, Tomat, Basil, dan Saus Italia Bawang Putih, Siap Disajikan;64;1,6;2;9,6;2,4
6240;Prego Pasta, Saus Italia Zesty Mushroom, Siap Disajikan;85;1,54;2,69;13,85;2,3
6241;Campbell's Chunky Mangkuk Microwave, Daging Sapi dengan Sup Sayuran Pedesaan, Siap Saji;61;4,08;1,22;8,57;2
6242;Campbell's Chunky Mangkuk Microwave, Sup Ayam dan Pangsit, Siap Disajikan;78;3,27;3,67;7,35;1,2
6243;Sup, krim jamur, kalengan, disiapkan dengan susu rendah lemak dengan volume yang sama (2%);65;2,36;3,58;5,76;0,3
6244;Campbell's Chunky Mangkuk Microwave, Mie Ayam Klasik, Siap Saji;45;2,45;1,22;5,71;0,8
6245;Campbell's Chunky Mangkuk Microwave, Ayam Panggang dan Sosis Gumbo, Siap Saji;57;2,86;1,63;7,35;0,4
6246;Sup, Krim Bawang, Kaleng, Disiapkan dengan Susu Volume yang Sama;75;2,74;3,78;7,4;0,3
6248;Sup, sup tiram, kalengan, disiapkan dengan susu volume yang sama;55;2,51;3,24;3,99;-
6249;Sup, kacang polong, hijau, kalengan, disiapkan dengan susu volume yang sama;94;4,97;2,77;12,69;1,1
6250;Campbell's Chunky Microwavable Bowl, New England Clam Chowder, Siap Saji;82;2,45;4,9;6,94;1,2
6251;Campbell's Chunky Mangkuk Microwave, Sup Daging Sapi Sayur Kuno, Siap Saji;41;2,86;0,61;5,71;1,2
6252;Campbell's Chunky Mangkuk Microwave, Sirloin Burger dengan Sup Sayuran Pedesaan, Siap Saji;57;3,27;1,43;7,35;1,2
6253;Sup, krim kentang, kalengan, disiapkan dengan susu volume yang sama;60;2,33;2,6;6,92;0,2
6256;Sup, krim udang, kaleng, disiapkan dengan susu rendah lemak dengan volume yang sama (2%);61;2,78;3,23;5,64;0,1
6264;Saus, putih, tipis, disiapkan-dari-resep, dengan mentega;72;3,95;2,56;8,29;0,1
6285;Saus, manis dan asam, disiapkan dari resep;79;1,84;0,58;16,72;0,4
6307;Saus, Barbekyu, Kraft, Asli;172;0,74;0,62;40,77;0,4
6309;Campbell's, ayam dengan sup nasi, kental;68;1,84;1,64;11,28;0,9
6311;Campbell's Merah dan Putih, Chicken Won Ton Soup, Kental;40;2,38;0,79;6,35;-
6312;Campbell's Merah dan Putih, Krim Sup Asparagus, Kental;89;1,61;5,65;7,26;2,4
6314;Sup, Pilihan Sehat Sup Ayam, Kalengan;41;3,69;0,63;5,2;0,8
6315;Sup, Pilihan Sehat, Sup Ayam dan Nasi, Kalengan;37;2,53;0,55;5,71;0,8
6316;Sup, Healthy Choice Garden Vegetable Soup, Kalengan;51;2,13;0,21;10,04;1,9
6317;Saus, Campbell's, Daging Sapi, Bebas Lemak;25;1,69;-;5,08;-
6318;Saus, Campbell's, Krim Gaya Country;76;1,69;5,08;5,08;-
6319;Saus, Campbell's, Sosis Gaya Country;119;3,39;10,17;5,08;-
6320;Saus, Campbell's, Ayam, Bebas Lemak;25;1,69;-;5,08;-
6321;Saus, Campbell's, Babi Emas;76;1,69;5,08;5,08;-
6322;Saus, Campbell's, Jamur;34;-;1,69;5,08;-
6323;Saus, Campbell's, Kalkun, Bebas Lemak;33;1,67;-;6,67;-
6324;Saus, Campbell's, Daging Sapi, Microwave;42;1,69;1,69;5,08;-
6325;Saus, Campbell's, Ayam, Microwave;67;-;5;5;-
6326;Saus, Campbell's, Kalkun;42;1,69;1,69;5,08;-
6327;Saus, Franco-American, Daging Sapi, Daging Panggang Lambat, Bebas Lemak;34;1,69;-;5,08;-
6328;Saus, Franco-American, Ayam, Daging Panggang Lambat, Bebas Lemak;34;1,69;-;6,78;-
6329;Saus, Franco-American, Daging Sapi, Daging Panggang Lambat;42;1,69;0,85;5,08;-
6330;Saus, Franco-American, Ayam, Panggang Lambat;34;1,69;0,85;5,08;-
6331;Saus, Franco-American, Kalkun, Daging Panggang Lambat;42;1,69;0,85;6,78;-
6332;Saus, Campbell's, Kalkun, Microwave;42;1,67;1,67;5;-
6333;Campbell's Merah dan Putih, Krim Sup Brokoli, Kental;73;1,61;4,03;9,68;0,8
6334;Campbell's Merah dan Putih, Krim Sup Seledri, Kental;73;0,81;4,84;7,26;2,4
6336;Campbell's, Cream of Chicken Soup, Kental;103;1,76;7,98;6,03;4,1
6337;Campbell's, Krim Ayam dengan Sup Herbal, Kental;65;1,61;3,23;7,26;-
6338;Campbell's, Cream of Mushroom Soup, Kental;81;1,29;5,5;6,59;0,6
6339;Campbell's, Krim Jamur dengan Sup Bawang Putih Sangrai, Kental;56;1,61;2,02;8,06;1,6
6340;Campbell's Merah dan Putih, Krim Sup Bawang, Kental;81;0,81;4,84;8,06;2,4
6341;Campbell's, Cream of Potato Soup, Kental;71;1,51;1,35;13,25;1,3
6342;Campbell's Merah dan Putih, Krim Sup Udang, Kental;81;2,42;4,84;6,45;-
6343;Campbell's Merah dan Putih, Sup Mie Ayam Krim, Kental;97;3,23;5,65;8,87;3,2
6349;Campbell's Merah dan Putih, Sup Scooby-Doo, Kental;56;2,38;1,59;8,73;0,8
6350;Campbell's Merah dan Putih, Noodle Ganda dalam Sup Kaldu Ayam, Kental;87;2,38;1,59;15,87;0,8
6351;Campbell's Merah dan Putih, Sup Nasi Tomat Kuno, Kental;87;0,79;1,59;18,25;0,8
6353;Campbell's Merah dan Putih, Sup Keju Fiesta Nacho, Kental;97;2,42;6,45;8,06;0,8
6354;Campbell's Merah dan Putih, Sup Bawang Prancis, Kental;36;1,59;1,19;4,76;0,8
6355;Campbell's Merah dan Putih, Sup Jamur Emas, Kental;65;1,61;2,82;8,06;0,8
6357;Campbell's Merah dan Putih, Pasta Emas dengan Chicken In Chicken Broth, Kental;63;2,38;1,59;9,52;0,8
6358;Sup, Tomat Bisque, Kalengan, Disiapkan dengan Susu Volume yang Sama;79;2,51;2,63;11,73;0,2
6359;Sup, Tomat, Kalengan, Disiapkan dengan Susu Rendah Lemak dengan Volume yang Sama (2%);55;2,42;1,24;9,82;0,5
6361;Campbell's Merah dan Putih, Sup Kacang Hijau, Kental;141;7,03;2,34;21,88;3,1
6363;Campbell's, Homestyle Chicken Noodle Soup, Kental;51;2,36;1,28;7,53;0,8
6364;Campbell's Merah dan Putih, Manhattan Clam Chowder, Kental;48;1,59;0,4;9,52;1,6
6365;Campbell's Merah dan Putih, Mega Noodle dalam Chicken Broth, Kental;71;2,38;1,59;11,9;0,8
6366;Campbell's Merah dan Putih, Sup Minestrone, Kental;71;3,17;0,79;13,49;2,4
6367;Campbell's Merah dan Putih, New England Clam Chowder, Kental;71;3,17;1,98;10,32;0,8
6373;Merah dan Putih, Sup Sayuran Vegetarian Campbell, Kental;71;2,38;0,4;14,29;1,6
6374;Campbell's Merah dan Putih, Soup Sayuran, Kental;79;3,17;0,4;16,67;2,4
6375;Campbell's, Sup Daging Sapi Sayur, Kental;65;3,79;0,26;11,8;2,1
6377;Campbell's, Sup Tomat, Kental;71;1,46;0,44;15,22;1,1
6379;Campbell's Merah dan Putih, Tomato Bisque, Kental;103;1,59;2,78;18,25;0,8
6380;Campbell's Merah dan Putih, Split Kacang dengan Ham dan Sup Daging, Kental;141;7,81;1,56;23,44;3,1
6383;Sup Chunky Campbell, Kentang Panggang dengan Sup Cheddar & Bacon Bits;78;2,04;3,67;9,39;0,8
6384;Sup Chunky Campbell's, Kentang Panggang dengan Steak & Sup Keju;82;3,27;4,08;8,57;1,2
6387;Sup Chunky Campbell's, Daging Sapi Tulang Panggang dengan Sup Kentang & Herbal;44;2,86;0,41;6,94;0,8
6388;Sup Chunky Campbell's, Daging Sapi dengan Sup Sayuran Pedesaan;53;3,27;1,22;7,35;1,2
6389;Sup Chunky Campbell's, Daging Sapi dengan Sup Nasi Putih dan Liar;57;3,27;0,61;9,8;0,8
6391;Sup Chunky Campbell's, Chicken Creamy and Soup Dumplings;66;2,32;3,19;7,09;1,5
6392;Sup Chunky Campbell, Keju Brokoli Ayam & Sup Kentang;86;2,86;4,49;8,16;1,2
6393;Sup Chunky Campbell's, Chowder Jagung Ayam;82;2,86;4,08;8,16;0,8
6395;Sup Chunky Campbell's, Sup Mie Ayam Klasik;47;3,41;1,3;5,41;1
6396;Sup Chunky Campbell's, Fajita Chicken With Rice & Beans Soup;53;2,86;0,61;9,39;0,8
6398;Sup Chunky Campbell's, Firehouse - Daging Sapi Pedas & Cabai;95;6,12;3,27;10,2;2,4
6399;Sup Chunky Campbell's, Ayam Bakar & Sup Sosis Gumbo;57;2,86;1,22;8,57;0,8
6400;Sup Chunky Campbell's, Ayam Panggang dengan Sayuran & Sup Pasta;41;2,45;1,02;5,71;0,8
6401;Sup, krim asparagus, kalengan, disiapkan dengan air volume yang sama;35;0,94;1,68;4,38;0,2
6402;Sup, kacang hitam, kalengan, disiapkan dengan air volume yang sama;46;2,42;0,66;7,71;3,4
6403;Sup Chunky Campbell, Steak Sirloin Panggang dengan Sup Sayuran Hangat;51;3,27;0,82;7,76;1,6
6404;Sup, kacang dengan daging babi, kalengan, disiapkan dengan air volume yang sama;63;2,88;2,16;8,31;2,9
6405;Sup Chunky Campbell's, Healthy Request Sup Ayam Mie;41;2,97;0,97;5,88;0,8
6406;Sup, kacang dengan frankfurters, kalengan, disiapkan dengan air volume yang sama;75;3,99;2,79;8,8;-
6408;Sup Chunky Campbell, Sup Sayuran yang Sehat;49;1,63;0,41;9,8;1,6
6409;Sup, mie sapi, kalengan, disiapkan dengan air volume yang sama;34;1,93;1,23;3,58;0,3
6410;Sup, krim seledri, kalengan, disiapkan dengan air volume yang sama;37;0,68;2,29;3,62;0,3
6411;Sup, keju, kalengan, disiapkan dengan air volume yang sama;63;2,19;4,24;4,26;0,4
6413;Sup, kaldu ayam, kalengan, disiapkan dengan air volume yang sama;16;2,02;0,57;0,38;-
6414;Sup Chunky Campbell's, Sup Hearty Bean 'N' Ham;74;4,49;0,82;12,24;3,3
6415;Sup Chunky Campbell's, Sup Beef Barley Hearty;56;2,89;0,92;8,98;1
6416;Sup, krim ayam, kalengan, disiapkan dengan air volume yang sama;48;1,41;3,02;3,8;0,1
6417;Sup, ayam gumbo, kalengan, disiapkan dengan air volume yang sama;23;1,08;0,59;3,43;0,8
6418;Sup Chunky Campbell's, Ayam Hearty dengan Sup Sayuran;45;2,45;0,82;6,94;1,2
6419;Sup, mie ayam, kaleng, disiapkan dengan air volume yang sama;24;1,16;0,76;2,97;0,5
6423;Sup, ayam dengan nasi, kalengan, disiapkan dengan air volume yang sama;24;1,45;0,78;2,92;0,3
6426;Sup, cabai, kalengan, disiapkan dengan air volume yang sama;57;2,49;1,24;9,23;1,2
6428;Sup, clam chowder, manhattan, kalengan, disiapkan dengan air volume yang sama;30;0,85;0,86;4,77;0,6
6429;Sup Chunky Campbell's, Manhattan Clam Chowder;52;2,04;1,43;7,76;1,2
6430;Sup, clam chowder, england baru, kaleng, disiapkan dengan air volume yang sama;35;1,55;1,01;5,05;0,3
6431;Sup Chunky Campbell's, New England Clam Chowder;81;2,46;3,85;9,01;1,2
6432;Sup, kaldu sapi, kaldu, consomme, disiapkan dengan volume air yang sama;12;2,22;-;0,73;-
6433;Sup Chunky Campbell, Chowder Ham Kentang Kuno;78;2,45;4,49;6,94;1,2
6434;Sup Chunky Campbell, Sup Daging Sapi Sayuran Kuno;49;3,16;1,23;6,24;1,3
6437;Sup Chunky Campbell, Roadhouse - Beef & Bean Chili;95;6,12;3,27;10,2;2,4
6438;Sup Chunky Campbell's, Salisbury Steak dengan Sup Jamur & Bawang;57;2,86;1,84;7,76;0,8
6439;Sup Chunky Campbell's, Ayam Gurih dengan Sup Nasi Putih & Liar;45;2,86;0,82;7,35;0,8
6440;Sup, minestrone, kalengan, disiapkan dengan air volume yang sama;34;1,77;1,04;4,66;0,4
6441;Sup Chunky Campbell, Sup Panggang Goreng Gurih;49;2,86;0,41;8,16;0,8
6442;Sup, barley jamur, kaleng, disiapkan dengan air volume yang sama;30;0,77;0,93;4,8;0,3
6443;Sup, krim jamur, kalengan, disiapkan dengan air volume yang sama;39;0,66;2,59;3,33;0,3
6444;Sup, jamur dengan kaldu sapi, kalengan, disiapkan dengan air volume yang sama;35;1,29;1,65;3,81;0,3
6446;Sup, krim bawang, kaleng, disiapkan dengan air volume yang sama;44;1,13;2,16;5,2;0,4
6447;Sup Chunky Campbell, Sup Sayuran Gurih;44;1,22;0,41;8,98;1,6
6448;Sup, sup tiram, kalengan, disiapkan dengan air volume yang sama;24;0,87;1,59;1,69;-
6449;Sup, kacang polong, hijau, kalengan, disiapkan dengan volume air yang sama;61;3,2;1,09;9,88;1,9
6451;Sup, kacang polong, pisahkan dengan ham, kalengan, disiapkan dengan air volume yang sama;75;4,08;1,74;11,05;0,9
6453;Sup, krim kentang, kalengan, disiapkan dengan air volume yang sama;30;0,72;0,97;4,7;0,2
6454;Sup Chunky Campbell, Steak Bakar - Steak Cabai dengan Kacang;81;6,53;1,22;11,02;2,9
6456;Sup, krim udang, kaleng, disiapkan dengan air volume yang sama;36;1,11;2,07;3,27;0,1
6457;Sup Chunky Campbell, Daging Sapi Panggang dengan Sup Jamur;48;3,27;0,61;7,35;1,2
6459;Sup Chunky Campbell's, Split Pea 'N' Ham Soup;78;4,9;1,02;12,24;2
6461;Sup, daging sapi tomat dengan mie, kalengan, disiapkan dengan air volume yang sama;56;1,78;1,71;8,44;0,6
6462;Sup Chunky Campbell's, Sup Kentang Steak 'N';49;3,27;0,82;7,35;1,2
6463;Sup, nasi tomat, kalengan, disiapkan dengan air volume yang sama;47;0,82;1,06;8,54;0,7
6465;Sup, mie kalkun, kalengan, disiapkan dengan air volume yang sama;28;1,6;0,82;3,54;0,3
6466;Sup, sayuran kalkun, kalengan, disiapkan dengan air volume yang sama;30;1,28;1,26;3,58;0,2
6468;Sup, sayuran vegetarian, kaleng, disiapkan dengan air volume yang sama;28;0,86;0,79;4,89;0,3
6470;Sup Rendah Natrium Campbell, Kaldu Ayam;10;1,01;0,34;0,34;-
6471;Sup, sayur daging sapi, kalengan, disiapkan dengan air volume yang sama;31;2,23;0,76;4,06;0,8
6472;Sup, sayuran dengan kaldu sapi, kalengan, disiapkan dengan air volume yang sama;33;1,21;0,78;5,35;0,7
6475;Sup, kaldu sapi atau kaldu, bubuk, disiapkan dengan air;3;0,21;0,08;0,25;-
6476;Sup, kaldu sapi, potong dadu, disiapkan dengan air;3;0,21;0,08;0,25;-
6480;Sup, kaldu ayam atau kaldu, dikeringkan, disiapkan dengan air;4;0,28;0,23;0,3;-
6481;Sup, kubus kaldu ayam, dikeringkan, disiapkan dengan air;5;0,39;0,12;0,62;-
6482;Sup Rendah Natrium Campbell, Ayam dengan Sup Mie;52;3,93;1,48;5,57;0,7
6483;Sup, krim ayam, dikeringkan, campur, disiapkan dengan air;41;0,68;2,04;5,11;0,1
6487;Sup Rendah Natrium Campbell, Krim Sup Jamur;54;1,01;2,68;6,38;-
6494;Sup, bawang, dikeringkan, campur, disiapkan dengan air;12;0,32;0,01;2,77;0,3
6497;Campbell's Merah dan Putih - Mangkuk Microwave, Sup Mie Ayam;30;1,63;0,82;4,08;0,4
6498;Sup, tomat, dikeringkan, campur, disiapkan dengan air;38;0,93;0,61;7,17;0,4
6502;Campbell's Merah dan Putih - Mangkuk Microwave, Sup Nasi Ayam;30;0,82;0,41;5,71;0,4
6503;Campbell's Merah dan Putih - Mangkuk Microwave, Sup Tomat Krim;64;1,22;2,04;10,2;1,2
6504;Campbell's Merah dan Putih - Mangkuk Microwave, Sup Tomat;44;1,22;-;9,8;1,2
6505;Campbell's Merah dan Putih - Mangkuk Microwave, Sup Daging Sapi Sayur;34;2,04;0,2;6,12;1,2
6509;Campbell's Homestyle Butternut Squash Bisque;45;0,41;1,22;7,76;0,4
6528;Sup, mie ayam, dikeringkan, campur, disiapkan dengan air;23;0,84;0,55;3,67;0,1
6529;Campbell's Homestyle Light New England Clam Chowder;49;2,45;1,63;6,12;0,8
6537;Campbell's Homestyle Healthy Request Gaya Meksiko Tortilla Ayam;53;2,86;1,02;7,76;1,2
6541;Sup Pernikahan Gaya Italia Campbell's Homestyle;49;2,86;1,43;6,12;0,8
6543;Campbell's Homestyle Mexican Style Chicken Tortilla Soup;53;2,86;0,82;8,16;1,2
6544;Sup Minestrone Homestyle Campbell;41;1,63;0,41;7,35;1,6
6545;Campbell's Homestyle New England Clam Chowder;70;2,33;4,23;5,68;0,8
6546;Campbell's Homestyle Potato Broccoli Cheese Soup;65;1,22;3,67;6,94;1,2
6547;Sup, jamur daging sapi, kalengan, disiapkan dengan air volume yang sama;30;2,37;1,23;2,6;0,1
6548;Campbell's Homestyle Chicken With White & Wild Rice Soup;41;2,45;0,41;6,94;0,4
6549;Sup, jamur ayam, kalengan, disiapkan dengan air volume yang sama;54;1,8;3,75;3,8;0,1
6558;Sup, tomat bisque, kalengan, disiapkan dengan air volume yang sama;50;0,92;1,02;9,6;0,2
6559;Sup, tomat, kalengan, disiapkan dengan volume air yang sama, komersial;32;0,71;0,21;7,45;0,5
6580;Sup Medley Sayuran Medile dari Campbell;37;1,22;0,2;7,35;1,2
6583;Sup, mie ramen, rasa apa saja, kering;440;10,17;17,59;60,26;2,9
6584;Sup, keju brokoli, kalengan, kental, komersial;87;2,1;5,3;7,7;1,8
6585;Campbell's Soup on the Go, Sayuran dengan Sup Mie Bulat Mini;33;0,66;0,16;6,89;0,3
6586;Campbell's Soup on the Go, Chicken & Stars Soup;23;0,98;0,49;3,28;0,3
6587;Campbell's Soup on the Go, Ayam dengan Sup Mie Mini;26;1,31;0,66;3,61;0,7
6588;Campbell's Soup on the Go, Sup Tomat Klasik;46;0,98;0,16;10,16;0,7
6589;Campbell's Soup on the Go, Sup Brokoli Krim;52;0,66;3,61;4,26;1
6590;Campbell's Soup on the Go, Sup Krim Ayam;43;0,98;2,95;3,28;0,7
6592;Campbell's Soup on the Go, Sup Tomat Krim;59;0,98;1,64;9,84;0,7
6594;Campbell's Soup on the Go, Clam Chowder New England;52;0,66;3,61;4,26;1
6595;Sup Campbell Saat Bepergian, Sup Daging Sapi Sayur;20;0,98;0,33;3,28;0,3
6596;Campbell's Soup on the Go, Cheesy Potato dengan Bacon Flavour Soup;43;0,66;1,97;5,25;0,3
6597;Pace, Salsa Chipky Chunky;25;-;-;6,25;3,1
6598;Pace, Cilantro Chunky Salsa;25;-;-;6,25;3,1
6599;Pace, Saus Enchilada;40;1,67;-;8,33;1,7
6600;Pace, Saus Taco Hijau;25;-;-;6,25;-
6601;Pace, Lime & Garlic Chunky Salsa;38;-;-;9,38;3,1
6602;Pace, Saus Picante Organik;25;-;-;6,25;3,1
6603;Pace, Saus Picante;25;-;-;6,25;3,1
6604;Pace, Saus Taco Merah;50;-;-;12,5;-
6605;Pace, Salsa Tebal & Chunky;25;-;-;6,25;3,1
6609;Swanson Broth, Kaldu Sayuran Organik Bersertifikat;5;-;-;1,28;-
6611;Sup, Swanson, Kaldu Sapi, Natrium Rendah;6;1,2;0,08;0,21;-
6615;Sup, Swanson, Kaldu Sayur;6;0,23;0,07;1,02;-
6617;Sup Pernikahan Gaya Italia Cahaya Campbell's;33;2,45;0,61;4,49;0,4
6618;Saus, kacang, terbuat dari kelapa, air, gula, kacang;179;2,02;6,34;28,46;1,1
6619;Smart Soup, Santa Fe Corn Chowder;55;2;0,71;11,2;2
6620;Smart Soup, Lentil Prancis;53;2,9;1,06;9,5;2,9
6621;Smart Soup, Minestrone Yunani;40;1,7;0,53;8,4;2,7
6622;Smart Soup, Indian Bean Masala;57;3,3;0,88;10,5;2,6
6623;Smart Soup, Kacang Cewek Maroko;51;2;1,06;9,7;3,1
6624;Smart Soup, Kari Kelapa Thailand;36;0,8;1,06;6,5;1
6625;Smart Soup, Serong Wortel Vietnam;44;1,3;1,06;8,2;1,5
6626;Saus, pesto, siap saji, didinginkan;418;9,83;37,6;10,09;1,8
6627;Saus, pesto, siap saji, rak stabil;426;5;42,42;6,14;1,7
6628;Saus, Pesto, Buitoni, Pesto dengan Basil, Siap Saji, Didinginkan;418;9,83;37,6;10,09;1,8
6629;Saus, Pesto, Classico, Basil Pesto, Siap Saji;372;4,16;36,38;6,93;2,1
6630;Saus, Pesto, Mezzetta, Napa Valley Bistro, Basil Pesto, Siap Saji;496;6,69;49,88;5,12;1,3
6631;Saus, cabai pedas, sriracha;93;1,93;0,93;19,16;2,2
6632;Saus, Sambal Pedas, Sriracha, Cha! dengan Pete Texas;108;2,02;0,98;22,73;2,1
6633;Saus, Sambal Pedas, Sriracha, Tuong Ot Sriracha;79;1,86;0,9;15,87;2,2
6700;Sup, kaldu sayur, siap disajikan;5;0,24;0,07;0,93;-
6720;Saus, campuran saus keju, kering;438;7,68;18,33;60,52;1
6725;Sup, sup jagung, chunky, siap saji, satu merek;99;3,1;6,3;7,5;0,9
6726;Sup, chowder jamur ayam, chunky, siap saji, satu merek;80;3;4,4;7,1;1,4
6728;Sup, sup krim ham kentang, chunky, siap saji, satu merek;80;2,7;5,2;5,6;0,6
6729;Sup, burger sirloin dengan sayuran, siap saji, satu merek;77;4,2;3,7;6,8;2,3
6730;Sup, kacang polong dengan ham, chunky, lemak berkurang, natrium berkurang, siap saji, satu merek;76;5,2;1,1;11,3;-
6731;Sup, kacang dengan bacon, kental, satu merek;117;6,5;2,1;18;4,6
6733;Sup, daging sapi dengan sayuran dan gandum, kaleng, kental, satu merek;61;3,9;1,4;8,2;-
6734;Sup, ayam dengan pasta berbentuk bintang, kaleng, kental, satu merek;50;2,3;1,4;7,1;-
6736;Sup, krim ayam, kaleng, kental, satu merek;99;2,4;6,5;7,7;-
6738;Sup, kacang polong dengan ham dan bacon, kalengan, kental, satu merek;140;8,6;2,3;21,2;3
6739;Sup, sayuran daging sapi, kalengan, kental, satu merek;53;3,8;0,8;7,7;-
6740;Sup, sayur ayam, chunky, lemak berkurang, sodium dikurangi, siap saji, satu merek;40;2,7;0,5;6,3;-
6742;Sup, daging sapi sayur, microwave, siap saji, satu merek;44;6,2;0,7;3,3;1,5
6748;Sup, Progresso, Jelai Sapi, Tradisional, Siap Disajikan;47;2,71;1;6,69;0,9
6749;Sup, daging sapi dan sayuran, kalengan, siap saji;48;3,18;1,16;6,16;1,2
6930;Saus, keju, siap saji;174;6,71;13,29;6,83;0,5
6931;Saus, pasta, spageti / marinara, siap disajikan;50;1,39;1,61;7,43;1,8
6932;Prego Pasta, Saus Italia Tradisional, Siap Disajikan;54;1,54;1,15;10;2,3
6955;Sup, krim ayam, kaleng, kental, natrium berkurang;58;1,8;1,3;9,5;0,4
6956;Sup, tomat, kaleng, kental, natrium berkurang;65;1,61;0,56;13,41;1,2
6957;Saus, cokelat instan, kering;380;8,53;11,85;59,78;3,2
6958;Saus, daging sapi instan, kering;369;9,8;9,48;61,1;4,3
6959;Saus kalkun instan, kering;409;11,72;14,66;57,56;3,8
6960;Saus, campuran alfredo, keringkan;535;15,32;36,35;36,52;2
6961;Saus, paprika, pedas, cabai, merah tua, kalengan;21;0,9;0,6;3,9;0,7
6962;Saus, cabai, paprika, panas, hijau muda, kalengan;20;0,7;0,1;5;1,9
6963;Kaldu ikan;16;2;0,6;0,4;-
6964;Sup, tomat, natrium rendah, dengan air;30;0,79;0,28;6,57;0,6
6965;Sup, kacang polong, natrium rendah, disiapkan dengan air volume yang sama;62;3,2;1,09;9,88;1,9
6966;Sup, mie ayam, natrium rendah, kaleng, disiapkan dengan air volume yang sama;25;1,27;0,95;2,95;0,2
6967;Sup, sup sayur, kental, natrium rendah, disiapkan dengan air volume yang sama;33;1,1;0,45;6,06;1,1
6968;Sup, krim jamur, natrium rendah, siap saji, kalengan;53;1;3,7;4,53;0,2
6969;Sup kentang, instan, campuran kering;343;9,2;3,1;76,14;7,6
6970;Sup, kaldu ayam, rendah sodium, kalengan;16;2;0,6;1,2;-
6971;Saus, worcestershire;78;-;-;19,46;-
6972;Saus, saus cabai tomat, botol, dengan garam;92;2,5;0,3;19,79;2,4
6974;Sup, ayam sayur, kaleng, disiapkan dengan air, natrium rendah;69;5,1;2;8,76;0,4
6976;Saus, pasta, spageti / marinara, siap saji, natrium rendah;51;1,41;1,48;8,06;1,8
6977;Saus, daging atau unggas, sodium rendah, disiapkan;53;3,8;2,4;6,16;0,3
6978;Sup, daging sapi dan jamur, natrium rendah, potongan gaya;69;4,3;2,3;9,58;0,2
6980;Sup, stroganoff daging sapi, kalengan, gaya chunky, siap saji;98;5,1;4,6;9;0,6
6981;Sup, kaldu kubus dan butiran, natrium rendah, kering;438;16,7;13,89;64,88;0,2
6982;Sup, mie ramen, rasa daging sapi, kering;441;10,06;17,73;60,34;3
6983;Sup, mie ramen, rasa ayam, kering;439;10,22;17,52;60,23;2,9
6984;Sup, Swanson Kaldu Ayam 99% Bebas Lemak;4;0,54;0,17;0,14;-
6985;Saus, Heinz Home Style, Daging Sapi Gurih;39;1,09;1,13;6,24;0,7
6986;Campbell's Healthy Request, Sup Mie Ayam, Kental;47;2,4;1,3;6,51;1
6987;Healthy Request, Krim Seledri, Kental;56;0,81;1,61;9,68;0,8
6988;Campbell's Healthy Request, Cream of Mushroom Soup, Kental;55;1,29;1,7;8,6;1
6989;Campbell's Healthy Request, Sup Mie Ayam Homestyle, Kental;51;2,7;1;7,8;0,6
6990;Healthy Request, Minestrone Soup, Kental;63;2,38;0,4;11,9;2,4
6991;Healthy Request, Sup Tomat, Kental;73;1,61;1,21;13,71;0,8
6992;Healthy Request, Sup Sayuran, Kental;79;3,17;0,79;15,87;2,4
6994;Prego Pasta, Saus Italia Kombinasi Chunky Garden, Siap Disajikan;54;1,54;1,15;10;2,3
6995;Prego Pasta, Tomat Chunky Garden, Saus Bawang dan Bawang Putih Italia, Siap Disajikan;72;1,6;2,4;10,4;2,4
6996;Saus, Campbell's, Au Jus;8;1,69;-;-;-
6997;Saus, Campbell's, Daging Sapi;42;1,69;1,69;5,08;-
6998;Saus, Campbell's, Cokelat dengan Bawang;42;-;1,69;6,78;-
6999;Saus, Campbell's, Ayam;51;0,79;2,73;5,87;-
7001;Roti panggang, daging babi, daging sapi;173;15,84;8,9;6,4;-
7002;Beerwurst, bir salami, daging babi dan sapi;277;14;22,53;3,76;0,9
7003;Beerwurst, bir salami, daging babi;238;14,24;18,8;2,06;-
7004;Sosis, Berliner, babi, sapi;230;15,27;17,2;2,59;-
7005;Sosis darah;379;14,6;34,5;1,29;-
7006;Bockwurst, daging babi, sapi muda, mentah;301;14,03;25,87;2,95;1
7007;Bologna, daging sapi;299;10,91;26,13;4,29;-
7008;Bologna, daging sapi dan babi;308;15,2;24,59;5,49;-
7010;Bologna, babi;247;15,3;19,87;0,73;-
7011;Bologna, kalkun;209;11,42;16,05;4,68;0,5
7013;Bratwurst, babi, dimasak;333;13,72;29,18;2,85;-
7014;Braunschweiger (sosis hati), babi;327;14,5;28,5;3,1;-
7015;Brotwurst, daging babi, sapi, links;323;14,3;27,8;2,98;-
7016;Cheesefurter, smokie keju, daging babi, daging sapi;328;14,1;29;1,51;-
7018;Ayam menyebar;158;18,01;17,56;4,05;0,3
7019;Chorizo, babi dan sapi;455;24,1;38,27;1,86;-
7020;Roti kornet, kental;153;22,9;6,1;-;-
7021;Roti merek Belanda, ayam, babi dan sapi;273;12;22,91;3,93;0,3
7022;Frankfurter, daging sapi, tidak dipanaskan;315;11,69;28,1;2,97;-
7024;Frankfurter, ayam;223;15,51;16,19;2,74;-
7025;Frankfurter, kalkun;223;12,23;17,29;3,81;-
7026;Ham, cincang, kalengan;239;16,06;18,83;0,26;-
7027;Ham, cincang, bukan kalengan;180;16,5;10,3;4,2;-
7028;Ham, iris, dikemas, daging deli (96% bebas lemak, air ditambahkan);107;16,85;4,04;0,7;-
7029;Ham, diiris, teratur (sekitar 11% lemak);163;16,6;8,6;3,83;1,3
7030;Ham, cincang;263;16,28;20,68;1,84;-
7031;Salad ham menyebar;216;8,68;15,53;10,64;-
7032;Roti ham atau keju atau roti gulung;241;13,6;18,7;4;-
7033;Ham dan keju menyebar;245;16,18;18,53;2,28;-
7034;Headcheese, babi;157;13,83;10,9;-;-
7036;Sosis, Italia, daging babi, mentah;346;14,25;31,33;0,65;-
7038;Knackwurst, knockwurst, daging babi, daging sapi;307;11,1;27,7;3,2;-
7039;Lebanon bologna, daging sapi;172;19,03;10,44;0,44;-
7040;Keju hati, daging babi;304;15,2;25,6;2,1;-
7041;Sosis hati, liverwurst, babi;326;14,1;28,5;2,2;-
7043;Daging sapi panggang, gaya deli, dikemas, diiris;115;18,62;3,69;0,64;-
7044;Komoditas USDA, daging siang, kalengan;189;17,5;12,77;1,04;-
7045;Daging makan siang, daging babi, kaleng;334;12,5;30,3;2,1;-
7046;Dada kalkun, rendah garam, daging kemasan atau deli, makan siang;109;21,81;0,83;3,51;0,5
7050;Mortadella, daging sapi, babi;311;16,37;25,39;3,05;-
7051;Roti zaitun, babi;235;11,8;16,5;9,2;-
7052;Pastrami, kalkun;139;16,3;6,21;3,34;0,1
7053;Pate, hati ayam, kalengan;201;13,45;13,1;6,55;-
7054;Pate, hati angsa, diasap, kalengan;462;11,4;43,84;4,67;-
7055;Pate, hati, tidak ditentukan, kalengan;319;14,2;28;1,5;-
7056;Roti dibumbui, daging babi, daging sapi;149;17,3;6,37;4,53;-
7057;Pepperoni, daging sapi dan babi, diiris;504;19,25;46,28;1,18;-
7058;Acar dan pimiento roti, babi;225;11,23;15,95;8,46;1,5
7059;Sosis Polandia, babi;326;14,1;28,72;1,63;-
7060;Roti mewah, babi;141;18,4;4,8;4,9;-
7061;Roti ibu, babi;282;12,07;22,3;7,53;-
7062;Roti piknik, daging babi, daging sapi;232;14,92;16,64;4,76;-
7063;Sosis babi, links / patty, tidak siap;288;15,39;24,8;0,93;-
7064;Sosis babi, links / patty, dimasak, digoreng;325;18,53;27,25;1,42;-
7065;Sosis babi dan sapi, segar, dimasak;396;13,8;36,25;2,7;-
7066;Sosis kalkun, berkurang lemaknya, coklat dan sajikan, dimasak;204;17;10,3;10,92;0,3
7067;Sandwich sandwich salad unggas;200;11,64;13,52;7,41;-
7068;Salami, dimasak, daging sapi;261;12,6;22,2;1,9;-
7069;Salami, dimasak, daging sapi dan babi;336;21,85;25,9;2,4;-
7070;Daging asap, dimasak, kalkun;172;19,2;9,21;1,55;0,1
7071;Daging asap, kering atau keras, babi;407;22,58;33,72;1,6;-
7072;Salami, kering atau keras, babi, sapi;378;21,07;31,65;0,72;-
7073;Sandwich menyebar, daging babi, daging sapi;235;7,66;17,34;11,94;0,2
7074;Sosis links asap, daging babi;309;11,98;28,23;0,94;-
7075;Sosis, sosis asap, daging babi dan sapi;320;12;28,73;2,42;-
7077;Sosis links asap, daging babi dan sapi, ditambah susu kering tanpa lemak;313;13,28;27,61;1,92;-
7078;Thuringer, cervelat, sosis musim panas, daging sapi, babi;362;17,45;30,43;3,33;-
7081;Dada kalkun, diiris, sudah dikemas;106;14,81;3,77;2,2;-
7083;Sosis, Wina, kalengan, ayam, sapi, babi;230;10,5;19,4;2,6;-
7088;Sosis gulung madu, daging sapi;182;18,58;10,5;2,18;-
7089;Sosis, Italia, babi, dimasak;344;19,12;27,31;4,27;0,1
7090;Sosis makan siang, daging babi dan sapi;260;15,38;20,9;1,58;-
7091;Sosis merek Inggris baru, daging babi, daging sapi;161;17,27;7,58;4,83;-
7201;Oscar Mayer, Bologna (Daging Sapi);316;11,05;29,1;2,45;-
7207;Oscar Mayer, Sosis Hati Braunschweiger (Diiris);331;14,25;29,35;2,6;0,2
7209;Marier Oscar, Dada Ayam (Madu Mengkilap);109;19,85;1,5;4,3;-
7212;Oscar Mayer, Ham (Cincang dengan Jus Alami);180;16,3;11,15;3,65;-
7230;Oscar Mayer, Salami (Keras);368;25,9;28,7;1,6;-
7236;Oscar Mayer, Smokies Sosis Little Cheese (Babi, Kalkun);315;13,5;28,2;1,7;-
7241;Oscar Mayer, Wieners (Franks Sapi);329;11,35;30,26;2,78;-
7254;Daging kalkun, tidak siap;226;15,94;16,93;1,89;-
7278;Hormel Bantal Pak Irisan Kalkun Pepperoni;243;30,99;11,52;3,78;-
7900;Kalkun, babi, dan sosis sapi, rendah lemak, diasapi;101;8;2,5;11,54;0,6
7901;Komoditas USDA, daging babi, sosis, massal / links / roti, beku, dimasak;267;19,76;20,26;-;-
7905;Frankfurter, daging sapi, babi, dan kalkun, bebas lemak;109;12,5;1,59;11,21;-
7906;Daging makan siang, daging babi, ham, dan ayam, dicincang, dikalengkan, dikurangi sodium, ditambahkan asam askorbat, termasuk SPAM, natrium 25% lebih sedikit;293;12,5;25,1;3,4;-
7907;Komoditas USDA, sosis babi, massal / links / roti, beku, mentah;231;14,95;18,56;-;-
7908;Daging makan siang, daging babi dengan ham, dicacah, kalengan, termasuk SPAM (Hormel);315;13,4;26,6;4,6;-
7909;Daging makan siang, daging babi dan ayam, dicincang, kaleng, termasuk SPAM Lite;196;15,23;13,9;1,35;-
7910;Bratwurst, daging sapi muda, dimasak;341;13,99;31,7;-;-
7911;Liverwurst menyebar;305;12,38;25,45;5,89;2,5
7912;Olesan daging sapi panggang;223;15,27;16,28;3,73;0,2
7913;Salami, babi, sapi, lebih sedikit natrium;396;15,01;30,5;15,38;0,2
7914;Sosis, Italia, manis, links;149;16,13;8,42;2,1;-
7915;Sosis, Polandia, daging sapi dengan ayam, panas;259;17,6;19,4;3,6;-
7916;Sosis, Polandia, babi dan sapi, dihisap;301;12,07;26,56;1,98;-
7917;Sosis, daging babi dan sapi, dengan keju cheddar, diasapi;296;12,89;25,84;2,13;-
7918;Sosis, musim panas, babi dan sapi, stik, dengan keju cheddar;426;19,43;37,91;1,82;0,2
7919;Sosis, kalkun, links sarapan, ringan;235;15,42;18,09;1,56;-
7920;Swisswurst, daging babi dan sapi, dengan keju swiss, diasap;307;12,69;27,37;1,6;-
7921;Sticks bacon dan daging sapi;517;29,1;44,2;0,8;-
7922;Bratwurst, daging sapi dan babi, diasap;297;12,2;26,34;2;-
7923;Bratwurst, ayam, dimasak;176;19,44;10,35;-;-
7924;Bratwurst, babi, sapi dan kalkun, lite, diasap;186;14,45;13,53;1,62;-
7925;Pastrami, daging sapi, 98% bebas lemak;95;19,6;1,16;1,54;-
7926;Salami, Italia, babi;425;21,7;37;1,2;-
7927;Sosis, Italia, kalkun, diasap;158;15,05;8,75;4,65;0,9
7928;Sosis, ayam, daging sapi, babi, tanpa kulit, diasap;216;13,6;14,3;8,1;-
7929;Sosis, kalkun, panas, diasap;158;15,05;8,75;4,65;0,3
7930;Yachtwurst, dengan kacang pistachio, dimasak;268;14,8;22,6;1,4;-
7931;Beerwurst, daging babi dan sapi;276;14;22,53;4,27;0,9
7932;Dada ayam, bebas lemak, rasa mesquite, diiris;80;16,8;0,39;2,25;-
7933;Dada ayam, dipanggang dalam oven, bebas lemak, diiris;79;16,79;0,39;2,17;-
7934;Kielbasa, Polandia, kalkun dan daging sapi, diasap;226;13,1;17,6;3,9;-
7935;Gulungan dada ayam panggang dengan oven;134;14,59;7,65;1,79;-
7936;Bologna, babi dan kalkun, lite;211;13,06;16,06;3,45;-
7937;Bologna, babi, kalkun dan daging sapi;336;11,56;29,25;6,66;-
7938;Ham, madu, diasap, dimasak;122;17,93;2,37;7,27;-
7939;Frankfurter, babi;269;12,81;23,68;0,28;0,1
7940;Roti makaroni dan keju, ayam, babi dan sapi;228;11,76;14,96;11,63;-
7941;Salami, Italia, babi dan sapi, dikeringkan, diiris, 50% lebih sedikit natrium;350;21,8;26,4;6,4;-
7942;Rasa pate, truffle;327;11,2;28,5;6,3;-
7943;Kalkun, Dada, diasap, rasa lada lemon, 97% bebas lemak;95;20,9;0,69;1,31;-
7944;Kalkun, putih, rotisserie, deli cut;112;13,5;3;7,7;0,4
7945;Frankfurter, daging sapi, dipanaskan;322;11,69;29,36;2,66;-
7949;Frankfurter, daging, dipanaskan;278;9,77;24,31;4,9;-
7950;Frankfurter, daging;290;10,26;25,76;4,17;-
7951;Goreng, babi;213;8,06;13,87;14,06;0,3
7952;Bologna, ayam, kalkun, babi;298;9,88;26,18;5,65;-
7953;Sosis babi, link / patty, dimasak sepenuhnya, microwave;438;15,12;41,66;0,62;-
7954;Sosis sapi, sudah dimasak;405;15,5;37,57;0,03;-
7955;Sosis kalkun, segar, mentah;155;18,79;8,08;0,47;-
7956;Sosis sapi, segar, dimasak;332;18,21;27,98;0,35;-
7957;Sosis babi dan kalkun, sudah dimasak sebelumnya;342;12,05;30,64;3,63;-
7958;Sosis kalkun, segar, dimasak;196;23,89;10,44;-;-
7959;Bologna, ayam, babi, sapi;272;11,33;22,73;5,61;-
7960;Bologna, ayam, babi;336;10,31;30,61;4,19;-
7961;Dada ayam, deli, rotisserie dibumbui, diiris, sudah dikemas;98;17,4;1,86;2,92;-
7962;Frankfurter, daging dan unggas, tidak dipanaskan;277;9,72;24,18;5,02;-
7963;Frankfurter, daging dan unggas, dimasak, direbus;298;10,31;26,28;4,96;-
7964;Frankfurter, daging dan unggas, dimasak, dipanggang;302;10,67;26,43;5,24;-
7965;Sosis babi, link / patty, lemak berkurang, tidak siap;217;16,75;16,55;0,2;-
7966;Sosis babi, links / patty, lemak berkurang, dimasak, digoreng;267;20,94;20,32;0,15;-
7967;Sosis babi, links / patty, dimasak sepenuhnya, tidak dipanaskan;392;13,46;37,25;0,69;-
7968;Kielbasa, sepenuhnya matang, dipanggang;337;12,45;29,68;5,03;-
7969;Kielbasa, dimasak sepenuhnya, tumis;333;12,36;29,43;4,78;-
7970;Kielbasa, sepenuhnya matang, tidak dipanaskan;325;10,84;29,63;3,72;-
7971;Bologna, daging dan unggas;281;10,34;23,77;6,31;-
7972;Bakso, beku, gaya Italia;286;14,4;22,21;8,06;2,3
7973;Daging kalkun, microwave;368;29,5;25,87;4,24;-
7974;Daging, kalkun, sodium rendah;253;13,33;20;4,8;-
7976;Sosis, ayam atau kalkun, gaya Italia, natrium rendah;183;21,43;4,46;14,25;-
7977;Ham, diasap, ekstra ramping, natrium rendah;141;18,52;2,71;10,7;-
7978;Sosis babi, mengurangi sodium, dimasak;271;9,41;22,35;8,13;-
7979;Sosis, babi, kalkun, dan daging sapi, mengurangi natrium;284;10,71;26,79;0,11;0,1
8001;Sereal siap saji, Kellogg, Kellogg's All-Bran Original;259;13,14;4,9;74,24;29,3
8002;Sereal siap saji, Post, Alpha-Bits;389;10;4,6;80,3;7,1
8003;Sereal siap saji, Kellogg, Jacks Apple Kellogg;375;5,1;3,4;88,2;9,3
8005;Sereal siap saji, Kellogg, Kudang Semua-Kran Kanjang Kellogg;257;8,9;2,5;81;42,5
8010;Sereal siap saji, Quaker, Cap'N Crunch;398;4,39;5,12;85,51;2,5
8011;Sereal siap saji, Quaker, Cap'N Crunch dengan Crunchberries;397;4,45;4,83;85,93;2,6
8012;Sereal siap saji, Quaker, Cap'N Crunch's Peanut Butter Crunch;417;7,1;9,23;78,65;2,7
8013;Sereal siap saji, Mills Umum, Cheerios;376;12,09;6,73;73,23;9,4
8014;Sereal siap saji, Kellogg, Krispies Cocoa Kellogg;389;4,6;2,7;87,9;1,4
8015;Sereal siap saji, Post, Cocoa Pebbles;397;4,8;4,1;85,7;1,6
8017;Sereal siap saji, Mills Umum, Cookie Crisp;380;5,2;4,4;84,5;5,1
8018;Sereal siap saji, Quaker, Quaker Crunchy Cranchy;331;6,37;4,06;83,68;15,3
8019;Sereal siap saji, Mills Umum, Jagung Chex;370;6,4;2,4;85;4,7
8020;Sereal siap saji, Kellogg, Corn Flakes Kellogg;357;7,5;0,4;84,1;3,3
8023;Sereal siap saji, Kellogg, Oat Ran Oat Kellogg's;395;9,2;14,1;70,3;12,7
8025;Sereal siap saji, Ralston Crisp Beras;394;6,69;1,26;86,22;0,7
8028;Sereal siap saji, kellogg, serpihan gandum lengkap kellogg;327;10,2;2,5;81,6;17,3
8029;Sereal siap saji, Post Bran Flakes;328;9,9;2,1;80,5;18,3
8030;Sereal siap saji, Kellogg, Look Froot Kellogg;375;5,3;3,4;88;9,3
8031;Sereal siap saji, Kellogg Mini-Wheats Frosted, Big Bite;350;9,2;1,6;83,4;10,8
8032;Sereal siap saji, Kellogg, Krispies Beras Frosted Kellogg;384;4,3;0,4;91,3;0,5
8034;Sereal siap saji, Post, Pebbles Buah;402;4,62;4,02;86,1;0,8
8035;Sereal siap saji, Mills Umum, Graham Emas;374;5,3;3,2;85,1;5,6
8037;Sereal siap saji, granola, buatan sendiri;489;13,67;24,31;53,88;8,9
8038;Sereal siap saji, Post, Grape-Nuts;361;11,22;1,81;80,49;13
8039;Sereal siap saji, Post, Grape-Nuts Flakes;376;9,4;3,7;82;10,2
8045;Sereal siap saji, Mills Umum, Madu, Kaca Madu;376;8,85;5;79,69;7,1
8046;Sereal siap saji, Post, Honeycomb;394;6,01;2,93;86,63;3,2
8047;Sereal siap saji, Quaker, Raja Vitaman;381;6,41;3,44;83,85;3,4
8048;Sereal siap saji, Mills Umum, Kix;357;7,69;3,46;82,82;8,8
8049;Sereal siap saji, Quaker, Quaker Oat Life, Polos;374;9,98;4,43;77,74;6,6
8050;Sereal siap saji, General Mills, Biaya Beruntung;380;7,67;5,02;80,89;5
8054;Sereal siap saji, Quaker, 100% Granola Alami, Oat, Gandum dan Madu;421;10,55;11,62;73,65;10,2
8057;Sereal siap saji, Mills Umum, Honey Nut Chex;375;6,3;2;86,67;3,9
8058;Sereal siap saji, Kellogg, Produk Kellogg's 19;374;8,5;1,3;84,3;2,8
8059;Sereal siap saji, Quaker, Manis Manis / Quisp;406;4,51;6,08;85,03;2,3
8060;Sereal siap saji, Kellogg, Risin Raisin Kellogg;318;7,72;2,72;77,29;11,4
8061;Sereal siap saji, Post Raisin Bran Sereal;324;7,6;1,6;78,9;13,7
8064;Sereal siap saji, Mills Umum, Beras Chex;375;6,4;1,89;85,09;2
8065;Sereal siap saji, Kellogg, Krispies Beras Kellogg;381;6,75;2,05;85,05;0,4
8066;Sereal siap saji, Quaker, Quaker Puffed Rice;383;7,01;0,9;87,78;1,4
8067;Sereal siap saji, Kellogg, Khusus Kellogg K;377;17,79;1,79;73,4;1,4
8068;Sereal siap saji, Kellogg, Pops Jagung Kellogg;387;4,8;1,3;89,7;8,4
8069;Sereal siap saji, Kellogg, Serpihan Frosted Kellogg;369;3,96;1,68;89,2;2,2
8071;Sereal siap saji, Kellogg, Kecil Madu Kellogg;380;5,7;2,2;88,5;5
8073;Sereal siap saji, post, Crisp Emas;380;5,5;1,7;90,1;5
8074;Sereal siap saji, Ralston Tasteeos;357;10,71;5,36;75,5;10,7
8077;Sereal siap saji, Jumlah Umum, Total Gandum Utuh;320;8,4;2,1;74,7;9,1
8078;Sereal siap saji, Mills Umum, Trix;384;4,9;3,79;86,19;3,9
8081;Sereal siap saji, Post, Honey Nut Shredded Wheat;373;8,5;2,9;83,6;10,7
8082;Sereal siap saji, General Mills, Gandum Chex;345;9,8;1,8;82,2;12,2
8083;Sereal siap saji, Malt-O-Meal, Jagung Bursts;385;3,32;0,35;90,59;1,9
8084;Sereal siap saji, bibit gandum, roti panggang, polos;382;29,1;10,7;49,6;15,1
8085;Sereal siap saji, Sun Country, Kretschmer Honey Crunch Wheat Germ;372;26,55;7,78;58,11;10,2
8087;Sereal siap saji, Mills Umum, Multi-Grain Cheerios;370;8,3;4,09;81,4;8,7
8089;Sereal siap saji, General Mills, Gandum;353;8,3;2,3;83,3;10,1
8090;Sereal, bubur jagung, putih, teratur dan cepat, diperkaya, kering;370;7,65;1,75;79,09;4,6
8091;Sereal, bubur jagung, putih, teratur dan cepat, diperkaya, dimasak dengan air, tanpa garam;71;1,71;0,46;14,76;0,8
8092;Sereal, Quaker, Bubur Jagung, Instan, Polos, Kering;343;7,31;2,14;78,42;4,2
8093;Sereal, Quaker, Bubur Jagung, Instan, Polos, Disiapkan (Ditambah Gelombang Mikro Atau Air Mendidih), Tanpa Garam;74;1,58;0,49;15,95;1,1
8094;Sereal, Quaker, Bubur Jagung, Instan, Rasa Keju Cheddar, Kering;363;8,98;5,46;72,96;4,2
8096;Sereal, Quaker, Bubur Jagung Instan, Rasa Country Bacon, Kering;340;9,93;1,73;75,39;5,1
8100;Sereal, Krim Beras, Kering;370;6,3;0,5;82,4;0,7
8101;Sereal, Krim Beras, Dimasak dengan Air, Tanpa Garam;52;0,9;0,1;11,4;0,1
8102;Sereal, Krim Gandum, Reguler, 10 Menit Masak, Keringkan;370;10,5;1,5;76,5;3,8
8103;Sereal, Krim Gandum, Teratur (10 Menit), Dimasak dengan Air, Tanpa Garam;50;1,44;0,21;10,52;0,5
8104;Sereal, Farina, Diperkaya, Berbagai Macam Merek Termasuk Cream of Wheat, Cepat (1-3 Menit), Kering;360;11,6;1,41;73,19;4,2
8105;Sereal, Farina, Diperkaya, Berbagai Macam Merek Termasuk Cream of Wheat, Cepat (1-3 Menit), Dimasak dengan Air, Tanpa Garam;55;1,82;0,34;10,92;0,8
8106;Sereal, Krim Gandum, Instan, Kering;366;10,6;1,4;75,5;3,3
8107;Sereal, Krim Gandum, Instan, Disiapkan dengan Air, Tanpa Garam;62;1,84;0,24;13,08;0,6
8113;Sereal, farina, diperkaya, dimasak dengan air, tanpa garam;53;1,82;0,34;10,92;0,8
8116;Sereal, Malt-O-Meal, Asli, Polos, Kering;365;11,8;0,7;77,25;2,1
8120;Sereal, gandum, teratur dan cepat, tidak dibentengi, kering;379;13,15;6,52;67,7;10,1
8121;Sereal, gandum, teratur dan cepat, tidak kaya, dimasak dengan air (termasuk merebus dan microwave), tanpa garam;71;2,54;1,52;12;1,7
8122;Sereal, gandum, instan, dibentengi, polos, kering;362;11,92;6,9;69,52;10
8123;Sereal, gandum, instan, diperkaya, biasa, disiapkan dengan air (air mendidih ditambahkan atau microwave);68;2,37;1,36;11,67;1,7
8124;Sereal, Quaker, Oatmeal Instan, Apel dan Kayu Manis, Kering;366;8,62;4,61;76,74;8,3
8128;Sereal, gandum, instan, dibentengi, dengan kayu manis dan rempah-rempah, kering;369;9,53;4,84;76,08;8
8129;Sereal, gandum, instan, dibentengi, dengan kayu manis dan rempah-rempah, disiapkan dengan air;96;2,37;1,21;18,95;2
8130;Sereal, Quaker, Oatmeal Instan, Maple dan Gula Merah, Kering;368;9,2;4,63;76,91;7,2
8132;Sereal, gandum, instan, diperkaya, dengan kismis dan rempah-rempah, kering;360;8,45;4,03;76,33;5,7
8133;Sereal, gandum, instan, diperkaya, dengan kismis dan rempah-rempah, disiapkan dengan air;88;1,98;0,95;17,91;1,3
8138;Sereal siap saji, Malt-O-Meal, Marshmallow Mateys;387;6,94;3,53;82,77;4,9
8142;Sereal, Wheatena, Kering;357;13,1;2,9;75,6;12,8
8143;Sereal, Wheatena, Dimasak dengan Air;56;2;0,5;11,8;2,7
8144;Sereal, sereal gandum panas alami, kering;342;11,2;2;75,2;9,5
8145;Sereal, sereal gandum panas alami, dimasak dengan air, tanpa garam;62;2;0,4;13,7;1,6
8146;Sereal siap saji, Quaker, Quaker Wheat Puffed;366;16,26;2,15;76,39;9,4
8147;Sereal siap saji, Post, Abon Gandum, Biskuit Besar Asli;337;11,37;2,01;78,96;12,4
8148;Sereal siap saji, Post, Abon Gandum, Ukuran Sendok Asli;351;11,8;2,1;81,4;12,4
8156;Sereal siap saji, nasi, kembung, dibentengi;402;6,3;0,5;89,8;1,7
8157;Sereal siap saji, gandum, kembung, dibentengi;364;14,7;1,2;79,6;4,4
8159;Sereal, bubur jagung, kuning, teratur dan cepat, diperkaya, kering;368;6,72;1,49;79,91;3,9
8160;Sereal, bubur jagung, kuning, teratur dan cepat, tidak kaya, kering;371;8,8;1,2;79,6;1,6
8161;Sereal, bubur jagung, putih, teratur dan cepat, diperkaya, dimasak dengan air, dengan garam;71;1,71;0,46;14,76;0,8
8164;Sereal, bubur jagung, kuning, teratur dan cepat, diperkaya, dimasak dengan air, tanpa garam;65;1,23;0,39;13,86;0,7
8165;Sereal, bubur jagung, kuning, teratur, cepat, diperkaya, dimasak dengan air, dengan garam;65;1,23;0,39;13,86;0,7
8168;Sereal, Krim Beras, Dimasak dengan Air, dengan Garam;52;0,9;0,1;11,5;0,1
8169;Sereal, Krim Gandum, Teratur (10 Menit), Dimasak dengan Air, dengan Garam;50;1,46;0,21;10,66;0,5
8172;Sereal, farina, tidak kaya, kering;369;10,6;0,5;78;1,9
8173;Sereal, farina, diperkaya, dimasak dengan air, dengan garam;53;1,82;0,34;10,92;0,8
8177;Sereal, Malt-O-Makan, Cokelat, Kering;363;10,6;0,82;79,55;2,8
8180;Sereal, gandum, teratur dan cepat dan instan, tidak diperkaya, dimasak dengan air (termasuk merebus dan microwave), dengan garam;71;2,54;1,52;12;1,7
8182;Sereal, Wheatena, Dimasak dengan Air, dengan Garam;59;2,03;0,45;11,74;2
8183;Sereal, sereal gandum panas alami, dimasak dengan air, dengan garam;62;2;0,4;13,7;1,6
8189;Sereal siap saji, Kellogg, Granola Rendah Lemak Kellogg Tanpa Kismis;389;8,7;5,7;80,9;7
8191;Sereal siap saji, Post, Abon Gandum, Sedikit Beku, Seukuran Sendok;352;7,8;1,9;83,8;9,6
8192;Sereal siap saji, Post Selek Blueberry Morning;395;6,5;5,3;81,6;4,7
8194;Sereal siap saji, Mills Umum, Puffs Reese;413;6,8;11,1;75,6;4,7
8200;Sereal, Quaker, Quaker Multigrain Oatmeal, Kering;334;12,64;2,73;72,62;11,9
8202;Sereal siap saji, Mills Umum, Crisp Oatmeal, Almond Renyah;390;9,89;6,69;78,09;8,2
8204;Sereal siap dimakan, jagung kembung yang dibekukan dengan rasa cokelat;405;3,34;3,5;87,2;3,8
8206;Sereal siap saji, Malt-O-Meal, Coco-Roos;389;3,41;4,61;86,75;3,3
8210;Sereal siap saji, Quaker, Quater Oat Cinnamon Life;374;9,14;4,1;79,02;6,3
8211;Sereal siap saji, Quaker, Madu Graham Oh! S;412;3,92;7,63;83,65;2,1
8214;Sereal siap saji, Quaker, Oatmeal Square;379;11,38;4,83;77,77;8,3
8215;Sereal siap saji, Quaker, Oatmeal Square, Kayu Manis;379;11,23;4,88;78,09;8,7
8216;Sereal siap saji, Quaker, Crisps Multigrain Panggang;372;12,38;5,11;74,9;10,2
8218;Sereal siap saji, Quaker, Quaker 100% Granola Alami dengan Gandum, Gandum, Madu, dan Kismis;412;9,66;10,38;74,67;9,4
8220;Sereal siap saji, Quaker, Granola Alami Rendah Lemak 100% dengan Kismis;388;8,42;5,52;80,57;9,6
8221;Sereal, Quaker, Bubur Jagung Instan, Rasa Mentega, Kering;369;8,12;5,64;74,83;4,7
8225;Sereal, Quaker, Oatmeal Instan, Variasi Buah dan Krim, Kering;379;8,3;6,37;75,42;6
8228;Sereal, Quaker, Oatmeal Instan, Kismis, Kurma dan Kenari, Keringkan;371;8,82;6,98;72,41;6,9
8231;Sereal, Quaker, Oat Bran, Quaker / Mother's Oat Bran, Kering;364;17,03;7,97;62,94;14,3
8236;Sereal, Quaker, Oat Bran, Quaker / Mother's Oat Bran, Disiapkan dengan Air, Tanpa Garam;43;2,03;0,95;7,49;1,7
8239;Sereal siap saji, Mills Umum, Berry Burst Cheerios, Triple Berry;378;8,8;4,5;80,5;7,6
8240;Sereal, Oat Bran, Quaker, Quaker / Mother's Oat Bran, Disiapkan dengan Air, Garam;43;2,03;0,95;7,49;1,7
8243;Sereal siap saji, Mills Umum, Madu Clutter Madu;374;7,7;2;85,2;6,3
8244;Sereal siap saji, Mills Umum, Serat Serat Sereal;207;6,59;2,29;84,3;46,2
8245;Sereal siap saji, Mills Umum, Crisp Oatmeal, Kismis Hangat;372;8,5;3,79;80,8;7,5
8247;Sereal siap saji, Mills Umum, Total Raisin Bran;312;5,6;1,6;76,8;9,1
8249;Sereal, Quaker, Quaker Multigrain Oatmeal, Disiapkan dengan Air, Tanpa Garam;61;2,08;0,47;13,49;2,2
8252;Sereal, Quaker, Quaker Multigrain Oatmeal, Disiapkan dengan Air, Garam;61;2,07;0,47;13,47;2,2
8259;Sereal siap saji, Kellogg, Crispix Kellogg;378;6,59;0,8;87,19;1
8261;Sereal siap saji, Mills Umum, Raisin Nut Bran;368;8,19;5,3;80;12,2
8262;Sereal siap saji, Mills Umum, Dasar 4;358;6,69;4;79,09;9,1
8263;Sereal siap saji, Mills Umum, Apple Cinnamon Cheerios;386;8,3;6,09;79,9;7,3
8267;Sereal siap saji, Mills Umum, Cheerios yang Diharapkan;376;9;4,69;79,8;7,5
8268;Sereal siap saji, Mills Umum, Frankenberry;386;5,5;4,3;85,4;4,2
8270;Sereal siap saji, Mills Umum, Count Chocula;383;5,4;4,69;84,5;5
8271;Sereal siap saji, Mills Umum, Cocoa Puffs;383;5,6;5,2;83,7;5,7
8272;Sereal siap saji, General Mills, Cinnamon Toast Crunch;410;5,45;10,25;77,99;6,8
8273;Sereal siap saji, Mills Umum, Boo Berry;386;5,5;4,3;85,4;4,2
8274;Sereal siap saji, Mills Umum, Berry Berry Kix;376;6,19;4,19;83,9;5,8
8277;Sereal siap saji, Mills Umum, Alam Nilai Ringan, Buah Granola;381;7,9;4,69;79,4;5
8284;Sereal siap saji, Kellogg, Granola Rendah Lemak Kellogg dengan Kismis;381;9;5,2;80,1;7,4
8286;Sereal siap saji, Kellogg, Mulelix Kellogg;355;8,6;5,4;74,9;7,7
8288;Sereal siap saji, Kellogg, Krispies Beras Kellogg Perawatan Sereal;395;4,3;4,19;85,59;0,4
8290;Sereal siap saji, Valley Kesehatan, Serat 7 Serpih;353;14,44;1,41;78,15;14,1
8305;Sereal siap saji, Posting, Waffle Crisp;390;6,6;5;83;4,4
8309;Sereal siap saji, Kellogg, Makanan Crellch Crnch Corn Flash;385;6,8;1,9;87;3,4
8314;Sereal, Quaker, Bubur Jagung Bubur Jagung, Putih, Cepat, Kering;348;8,8;1,2;79,6;4,8
8316;Sereal, Quaker, Bubur Jagung Bubur Jagung, Putih, Teratur, Kering;361;8,8;1,6;79,2;1,6
8318;Sereal siap saji, Kellogg, Kellogg's Smart Mulai Sereal Antioksidan Jantung Kuat;371;7,5;1,5;86,8;5,4
8319;Sereal siap saji, Kellogg, Mini-Wheats Kellogg, Ukuran Gigitan;350;9,19;1,6;83,4;10,8
8346;Sereal siap saji, Malt-O-Meal, Crossch Crossch;401;3,64;5,28;81,59;1,7
8347;Sereal siap saji, Malt-O-Meal, Berry Colossal Crunch;396;4,19;4,17;86,55;1,8
8348;Sereal siap saji, Malt-O-Meal, Crispy Rice;346;6,07;1,12;86,4;0,4
8349;Sereal siap saji, Malt-O-Meal, Buah-Buahan Tootie;391;4,69;3,2;85,94;2,2
8351;Sereal siap saji, Quaker, Sandi Butter Peutan Ibu;407;7,62;7,33;79,68;2,5
8352;Sereal siap saji, Quaker, Sereal Oat Bran Panggang Mother;372;11,45;5,04;75,41;8,6
8353;Sereal siap saji, Quaker, Mother's Cinnamon Oat Crunch;382;10,6;4,56;79,79;8,1
8354;Sereal siap saji, Quaker, Bumpers Graham Ibu;379;4,55;1,45;88,89;2,6
8355;Sereal siap saji, Quaker, Bumpers Cocoa Ibu;382;4,21;1,61;89,91;2,7
8363;Sereal siap saji, Sun Country, Kretschmer Dedak Panggang Gandum;200;17,56;5,16;59,51;41,3
8365;Sereal siap saji, Quaker, Shredded Wheat, Sereal Kantong;348;11,24;2,01;81,01;11,8
8366;Sereal siap saji, Sun Country, Kretschmer Wheat Germ, Reguler;366;31,43;9,56;49,38;11,9
8370;Sereal siap saji, Mills Umum, Crunchin Beras;381;4,76;2,38;80,95;4,8
8376;Sereal siap saji, Kellogg, Marshmallow Froot Loops Kellogg;376;4,59;2,79;89,3;7,4
8380;Sereal siap saji, Kellogg, Kellogg's, Raisin Bran Crunch;354;6,59;1,79;84,9;8
8383;Sereal siap saji, Kellogg, Khusus Kellogg K Red Berry;358;6,3;1,29;87,09;8,5
8384;Sereal siap saji, Kellogg, Mini-Wheat Kellogg, Ukuran Gigitan Tidak Beku;342;11,6;2;81;13,8
8386;Sereal siap saji, Kashi Golean Crunch!;367;16,7;5,9;71,4;14,5
8387;Sereal siap saji, Kashi Hati untuk Hati, Oat Panggang Madu;364;11,39;5;78,69;13,7
8388;Sereal siap saji, Kashi 7 Whole Grain Puffs;336;13;2,3;78,6;8
8389;Sereal siap saji, Kashi 7 Whuff Grain Honey Puffs;349;10;1,8;79;6
8390;Sereal siap saji, Kashi Good Friends;299;9,4;3,2;79,3;21,7
8393;Sereal siap saji, Kashi Golean;311;24,89;2,2;67,19;20,1
8402;Sereal, Quaker, Oat Cepat, Kering;371;13,7;6,87;68,18;9,4
8409;Sereal siap saji, Malt-O-Meal, Frosted Flakes;389;4,25;0,87;90,2;1,2
8410;Sereal, Quaker, Instant Oatmeal, Cinnamon-Spice, Kering;369;10,39;5,1;74,52;8,2
8411;Sereal, Quaker, Oatmeal Instan, Dinosaur Telur, Gula Merah, Kering;384;8,69;7,59;73,68;6,4
8417;Sereal, Quaker, Oatmeal Instan, Roti Pisang, Kering;368;8,97;4,85;75,7;6,7
8435;Sereal siap saji, Uncle Sam Cereal;346;15,98;11,6;65,78;20,3
8436;Sereal, Quaker, Oatmeal Instan, Raisin dan Spice, Kering;360;9,11;4;75,68;5,8
8444;Sereal, Quaker, Bubur Jagung Instan, Redeye Gravy & Country Ham, Kering;342;9,83;1,58;75,86;4,6
8449;Sereal, Quaker, Produk Bubur Jagung Instan dengan Rasa Keju Amerika, Kering;360;8,8;4,67;74,18;4,3
8450;Sereal, Quaker, Grits Instan, Rasa Keju Ham 'N', Kering;355;10,73;4,68;71,08;4,2
8451;Sereal, Quaker, Quick Oats With Iron, Dry;371;13,7;6,87;68,18;9,4
8452;Sereal, Quaker, Whole Wheat Natural Cereal, Kering;333;11,8;2;74,8;9,9
8453;Sereal siap saji, Kellogg, Khusus Kellogg K Cokelat Stroberi;368;6,9;3,9;83,3;9,5
8459;Sereal siap saji, Kellogg's, Mini-Wheats Frosted, Maple & Brown Sugar, Ukuran Bite;351;8,7;1,5;84,7;10,3
8462;Sereal siap saji, Kashi, Organic Promise Autumn Wheat;338;12;1,4;79;11,2
8463;Sereal siap saji, Kashi Organic Promise, Strawberry Fields;358;9,4;0,7;83,5;5
8469;Sereal siap saji, Kellogg's, Reduced Sugar Frosted Flakes Sereal;357;5,59;0,4;87,3;10,1
8471;Sereal siap saji, Kellogg's, Khusus Protein Plus;359;31,2;2,6;60,6;8,3
8476;Sereal siap saji, Malt-O-Meal, Pembuat Madu;379;3,45;1,72;89,66;3,4
8478;Sereal siap saji, Malt-O-Meal, Puffs Emas;370;5,77;0,89;89,72;2,6
8481;Sereal siap saji, Malt-O-Meal, Makanan Graham Madu;398;4,46;9,97;74,68;4,4
8484;Sereal siap saji, Malt-O-Meal, Raisin Bran Cereal;342;7,63;1,87;80,37;10,2
8487;Sereal siap saji, Malt-O-Meal, Blueberry Muffin Tops Cereal;443;4,9;11,48;79,91;4,7
8488;Sereal, Malt-O-Meal, Sereal Gandum Panas Farina, Kering;365;10,48;0,49;77,2;2,9
8489;Sereal, Malt-O-Makan, Maple & Brown Sugar Sereal Gandum Panas, Kering;368;8,82;0,47;80,52;1,8
8491;Sereal siap saji, Mom's Best, Honey Nut Toasty O's;388;8,6;4,51;79,84;6,3
8493;Sereal siap saji, Malt-O-Meal, Apple Zings;390;4,51;2,71;87,3;2,3
8494;Sereal siap saji, Malt-O-Meal, Cinnamon Toasters;425;3,32;12,06;78,33;5
8495;Sereal siap saji, Malt-O-Meal, Cocoa Dyno-Bites;397;4,15;3,43;87,93;1,1
8500;Sereal siap saji, Malt-O-Meal, Frosted Mini Spooners;354;9,09;1,94;81,81;10,9
8501;Sereal siap saji, Malt-O-Meal, Fruity Dyno-Bites;404;3,9;3,15;90,1;1
8504;Sereal siap saji, Ralston Enriched Wheat Bran Flakes;310;10,21;3,36;79,77;16,9
8505;Sereal siap saji, biskuit jagung ralston;367;5,83;1,05;85,79;2,6
8506;Sereal siap saji, Ralston Corn Flakes;357;5,9;0,91;88,01;2,7
8507;Sereal siap saji, Ralston Crispy Hexagons;379;5,94;0,95;86,78;1,5
8508;Sereal siap saji, Komoditas Jagung dan Beras Usda (Termasuk Semua Merek Komoditas);378;6,06;1,08;86,85;1,4
8509;Sereal siap saji, keripik beras komoditas USDA (termasuk semua merek);381;6,45;1,27;86,04;0,7
8510;Susu dan sereal bar;413;6,47;10,98;72,05;0,4
8511;Sereal, Malt-O-Meal, Asli, Polos, Disiapkan dengan Air, Tanpa Garam;48;1,67;0,09;10,09;0,3
8512;Sereal, Malt-O-Meal, Cokelat, Disiapkan dengan Air, Tanpa Garam;47;1,37;0,1;9,22;0,4
8513;Sereal siap saji, General Mills, Chocolate Lucky Charms;381;5,59;4,4;84,4;5,3
8531;Sereal siap saji, Kellogg, K Khusus, Buah & Yogurt;367;7,1;2,9;85,3;8,1
8537;Sereal siap saji, Kashi 7 Whole Grain Flakes;337;11;1,5;81,4;11,8
8538;Sereal siap saji, Kashi, Hati ke Hati, Oat Flakes & Blueberry Clusters;376;10,39;3,79;80,3;7,4
8539;Sereal siap saji, Kashi Organic Promise, Cinnamon Panen;336;11;1,4;79;10,7
8542;Sereal siap saji, Kellogg's, Mini-Wheats Frosted, Bite Size Strawberry Delight;352;8,7;1,6;84,6;10,2
8543;Sereal siap saji, Kellogg's, Khusus K Vanilla Almond;366;7,8;4;83;9,6
8544;Sereal siap saji, Pasang Grain Besar Cranberry Almond Crunch;384;8,9;5,9;76,6;11,1
8546;Nasi dan sereal gandum;409;9,09;9,09;72,73;1,8
8549;Sereal siap saji, Quaker, Quaker Honey Graham Life Sereal;373;9,33;4,14;78,56;6,3
8550;Sereal siap saji, Quaker, Christmas Crunch;397;4,44;4,83;85,92;2,6
8553;Sereal siap saji, Mills Umum, Cheerios, Yogurt Burst, Strawberry;400;6,67;5,23;81,75;6,7
8554;Sereal siap saji, Post Selek Maple Pecan Crunch;413;8,5;8,7;77,4;7,4
8560;Sereal siap saji, Kashi Go Lean Crunch !, Honey Almond Flax;379;16,79;9,9;66,9;15
8561;Sereal, Kashi Go Lean Sereal Panas, Madu Hangat & Kayu Manis, Keringkan;367;18,39;5,3;68;12
8562;Sereal, Kashi Go Lean Sereal Panas, Creamy Truly Vanilla, Kering;360;22,29;5,3;61,09;18,5
8567;Sereal siap saji, Kashi 7 Whole Grain Nuggets;356;11,8;2,8;81;11,7
8568;Sereal, Kashi Hati ke Hati, Instant Oatmeal, Apple Cinnamon, Kering;353;11,1;5;73,8;12,5
8569;Sereal, Kashi Hati ke Hati, Oatmeal Instan, Maple Coklat Keemasan, Kering;356;11,39;5,09;73,59;12,7
8571;Sereal siap saji, Nature's Path, Organic Flax Plus, Pumpkin Granola;467;11,23;18,33;66,1;8,4
8573;Sereal, Krim Gandum, Waktu Masak 2 1/2 Menit, Keringkan;355;11,61;1,41;71,79;4,4
8574;Sereal, Krim Gandum, Waktu Memasak 2 1/2 Menit, Dimasak dengan Air, Kompor, Tanpa Garam;56;1,44;0,2;11,74;0,7
8575;Sereal, Krim Gandum, Waktu Memasak 2 1/2 Menit, Dimasak dengan Air, Microwave, Tanpa Garam;52;1,88;0,37;10,1;0,7
8576;Sereal, Krim Gandum, 1 Menit Waktu Memasak, Keringkan;359;11,77;1,47;72,63;4,4
8577;Sereal, Krim Gandum, 1 Menit Waktu Memasak, Dimasak dengan Air, Kompor, Tanpa Garam;56;1,65;0,42;11,16;0,4
8578;Sereal, Krim Gandum, 1 Menit Waktu Memasak, Dimasak dengan Air, Microwave, Tanpa Garam;55;1,95;0,37;10,67;1,5
8579;Sereal siap saji, General Mills, Gula 25% Lebih Sedikit Cinnamon Toast Crunch;386;5,09;9,89;78,19;11,2
8580;Sereal, Incaparina, Campuran Kering (Tepung Jagung dan Kedelai), Tidak Siap;379;21,75;5,58;60,53;9,9
8582;Sereal siap saji, Mills Umum, Dora Penjelasan;366;5,6;5,7;82,8;10,2
8583;Sereal siap saji, Mills Umum, Fruity Cheerios;381;5,8;4,59;84,19;5,9
8584;Sereal siap saji, Kellogg's Khusus K Chocolatey Delight;381;6,5;7,3;81,2;10,6
8586;Sereal siap saji, Mills Umum, 25% Lebih Sedikit Gula Trix;383;5,4;4;85,5;4,3
8587;Sereal siap saji, Kellogg, Khusus Kellogg K Granola Rendah Lemak;375;13,1;5,4;74,8;11,3
8588;Sereal siap saji, Kellogg, Sereal Cinnabon Kellogg;410;5,69;7,3;83,3;3,9
8589;Sereal siap saji, Kashi Golean Crisp Toasted Berry Crumble;368;18;8,19;66,69;15,8
8590;Sereal siap saji, Kashi Heart To Heart, Warm Cinnamon;365;11,6;4,9;78,5;13,2
8591;Sereal siap saji, Kashi Organic Promise, Island Vanilla;350;10,7;1,9;80,8;10,7
8592;Sereal siap saji, Mills Umum, Cheerios, Kacang Pisang;375;5,5;4;84,69;6,1
8593;Sereal siap saji, Mills Umum, Cheerios, Cokelat;380;5,8;5,09;83,5;6,2
8594;Sereal siap saji, Mills Umum, Chocolate Chex;412;4,8;8,39;81,09;2
8595;Sereal siap saji, Mills Umum, Cinnamon Chex;403;5;6,59;82,4;2,4
8596;Sereal siap saji, Mills Umum, Serat Serat, Karamel Delight;344;5,8;5,8;82,69;19,1
8598;Sereal siap saji, General Mills, Serat Serat, Cluster Madu;323;7,69;2,59;83,9;19
8599;Sereal siap saji, General Mills, Serat Seri, Clister Brisin Raisin;317;6,3;2,29;83,4;17,9
8602;Sereal siap saji, Kellogg, K Khusus Kellogg, Kemiri Kayu Manis;375;7,5;6;81,2;10,3
8603;Sereal siap saji, Kellogg, Kellogg Khusus K Blueberry;363;6,9;1,5;86,3;8,6
8608;Sereal siap saji, Kashi Berry Blossom;322;7,5;3;83,09;18,9
8610;Sereal siap saji, Kashi Honey Sunshine;332;7,8;4,09;82;17,9
8613;Sereal siap saji, Kellogg's Khusus K Multigrain Oats dan Honey;362;7,8;1,8;85;8,6
8615;Sereal siap saji, Kellogg's Crunchy Nut Golden Honey Nut Flakes;385;6,7;3,9;83,3;2,4
8617;Sereal siap saji, Kellogg's Frosted Mini-Wheats Bite Size Blueberry Muffin;352;8,6;1,6;84,8;10,2
8625;Sereal siap saji, Quaker, Cap'N Crunch's Halloween Crunch;402;4,41;5,66;85,14;2,5
8627;Sereal siap saji, Quaker, Natural Granola Apple Cranberry Almond;418;9,21;11,06;74,73;9,9
8628;Sereal siap saji, Quaker, Maple Brown Sugar Life;373;9,17;4,06;78,86;6,3
8629;Sereal siap saji, Quaker, Oops Cap'N Crunch! Semua Sereal Buah Beri;395;4,6;3,99;87,1;2,6
8631;Sereal siap saji, Kellogg's Mini-Wheats Little Bites, Chocolate;354;8,5;3,4;81,4;10,9
8632;Sereal siap saji, Quater Oatmeal Square, Golden Maple;380;11,3;4,83;78,04;8,3
8633;Sereal siap saji, Post, Madu, Anggaran Oat dengan Tandan Vanila;394;7,9;5,1;81,8;7,8
8634;Sereal siap saji, General Mills, Peanut Butter Toast Crunch;410;8,19;9,8;76,19;5,5
8635;Sereal siap saji, General Mills, Puffs Cocoa, Gula Pengurangan 25%;380;6,5;5,19;82,69;6,7
8637;Sereal siap saji, Mills Umum, Cluster Oat Cheerios Crunch;378;8,5;4,6;80,7;7
8639;Sereal, Quaker, Oatmeal Instan, Bumbu Kayu Manis, Gula Berkurang;358;11,26;6,11;69,45;8,8
8640;Sereal, Quaker, Organik Oatmeal Instan, Reguler;367;16;6,3;67;9,8
8641;Sereal, Quaker, Oatmeal Instan, Buah dan Krim, Berbagai Rasa, Gula Berkurang;376;10,16;7,46;71,57;8,3
8642;Sereal, Quaker, Oatmeal Instan, Apple dan Cinnamon, Mengurangi Gula;358;10,29;5,64;72,17;9,7
8643;Sereal siap saji, Mills Umum, Honey Kix;364;6,4;3,9;83;8,3
8647;Sereal siap saji, Kashi Indigo Pagi;364;7,7;3,4;82,8;7,1
8648;Sereal siap saji, Kashi Simply Jagung;371;7,8;3,4;83,3;6,1
8649;Sereal siap saji, Kashi Golean Crisp Cinnamon Crumble;362;22,1;8,19;62,59;16,8
8651;Sereal siap saji, Mills Umum, Serat 80 Kalori, Kotak Madu;248;4,8;2,59;85,19;38,5
8652;Sereal siap saji, Sereal Cokelat Kellogg's Krave;397;7;11,1;76,1;9,9
8653;Sereal siap saji, Krispies Beras Kellogg, Gluten Free;371;7,8;2,3;82,4;2,7
8655;Sereal siap saji, Post, Madu Makanan Oat, Pecan Bunches;399;7;5,4;82;5,2
8656;Sereal siap saji, Nature's Path, Organic Flax Plus Flakes;350;11,91;5,46;75,27;16,6
8657;Sereal siap saji, Puffin Barbara, Asli;333;7,41;3,7;84;18,5
8658;Sereal siap saji, Sereal Cokelat Ganda Kellogg's Krave;397;7,1;11,2;75,9;10,6
8659;Sereal siap saji, Serpihan Kellogg Frosted, Choco Zucaritas;387;5,1;3,5;85,1;1,4
8660;Sereal siap saji, Jak Apple Kellogg dengan Marshmallow;378;4,3;2,8;89,6;7,4
8661;Sereal siap saji, Jack Cinnamon Kellogg;397;5,9;7,8;83;9
8662;Sereal siap saji, Post, Madu Makanan Oat, dengan Stroberi Asli;399;6,7;4,9;83,3;5,4
8663;Sereal siap saji, Kashi Organic Promise, Berry Fruitful;318;10,7;1,3;76,2;10,5
8665;Sereal siap saji, Post Madu, Anggaran Oat dengan Tandan Kayu Manis;400;7,1;5;82,8;5,8
8666;Sereal siap saji, General Mills, Kayu Manis Burst Cheerios;375;6,3;6,09;83,2;9,4
8668;Sereal siap saji, Mills Umum, Serat Serat, Nutty Clusters & Almonds;348;7,9;6,8;79,5;18,2
8669;Sereal siap saji, Mills Umum, Serat 80 Kalori, Kotak Cokelat;253;3,29;2,9;84;35,2
8670;Sereal siap saji, Mills Umum, Madu, Makanan Karir, Medley Crunch;387;9,1;5,4;79,5;7,5
8671;Sereal siap saji, Mills Umum, Dulce De Leche Cheerios;378;6,5;5,69;82;7,3
8672;Sereal siap saji, Malt-O-Meal, Cokelat Marshmallow Mateys;392;3,5;3,67;88,18;2,5
8673;Sereal, Siap Makan, Malt-O-Meal, Blueberry Mini Spooners;350;8,81;1,92;79,4;10,3
8674;Sereal siap saji, Malt-O-Meal, Oat Blenders dengan Madu;396;6,78;4,17;84,94;5
8675;Sereal siap saji, Malt-O-Meal, Oat Blenders dengan Madu & Almond;379;7,8;4,88;77,26;6,1
8676;Sereal siap saji, Malt-O-Meal, Scooters Nut Madu;387;8,59;4,51;79,62;6,3
8677;Sereal siap saji, Kellogg Mini-Wheats Frosted Sentuhan Buah di Tengah, Raspberry;342;8,8;1,8;82,1;10,6
8678;Sereal siap saji, Mills Umum, Apple Cinnamon Chex;408;4,69;6,45;82,8;2
8679;Sereal siap saji, General Mills, Franced Toast Crunch;410;5,19;10,1;78,59;4,9
8680;Sereal, Gandum, Instan, Diperkaya, Maple dan Gula Merah, Kering;368;9,25;4,73;76,67;7,2
8681;Sereal siap saji, Cascadian Farm, Cinnamon Crunch;407;5,69;8,5;81,59;11
8682;Sereal siap saji, General Mills, Gandum Multi Kursi, Selai Kacang;390;6,8;6,19;82;6
8683;Sereal siap saji, Cascadian Farm, Multi-Grain Squares;387;9,39;1,89;83;7,5
8684;Sereal siap saji, Cascadian Farm, Honey Nut O's;371;8,3;3,29;83,09;8,5
8685;Sereal siap saji, Quaker Hearts Seluruh Sereal Gandum;376;7,63;5,61;80,1;9,1
8686;Sereal, Quaker, Kontrol Berat Badan Oatmeal Instan, Maple, dan Gula Merah;361;16,37;6,2;64,25;13
8687;Sereal, Quaker, Weight Control Oatmeal Instan, Roti Pisang;361;16,5;6,16;64,42;12,6
8688;Sereal, Quaker, Oatmeal Instan, Cinnamon Swirl, Serat Tinggi;366;8,79;4,8;75,67;22,3
8689;Sereal, Quaker, Oatmeal, Medali Nyata, Blueberry Hazelnut, Kering;386;9,81;9,8;69,47;7,7
8690;Sereal, Quaker, Oatmeal, Medali Nyata, Apel Kenari, Kering;390;8,18;10,36;70,53;7
8691;Sereal, Quaker, Oatmeal, Medali Nyata, Berry Musim Panas, Kering;353;11,31;4,4;72,58;8,5
8692;Sereal, Quaker, Oatmeal, Medical Real, Peach Almond, Kering;387;10,1;9,84;68,61;7,4
8693;Sereal, Quaker, Oatmeal, Medal Nyata, Cherry Pistachio, Kering;394;12,02;11,02;66,73;7,1
8694;Sereal, Quaker, Oatmeal Instan, Pengontrol Berat Badan, Kayu Manis;361;16,5;6,28;64,21;13
8695;Sereal siap saji, Kellogg, Mini-Wheats Kellogg's Frosted, Sedikit Gigitan;351;9,19;1,7;83,4;10,8
8696;Sereal siap saji, Kellogg, Risin Raisin Kellogg, Cinnamon Almond;347;7,4;2,9;81,19;9,2
8697;Sereal siap saji, Kashi Organic Promise, Raisin Vineyard;342;8,69;0,8;79,9;5
8699;Sereal siap saji, Kellogg's Krave Smores;401;7,3;10,89;76,4;9,4
8700;Sereal siap saji, Kellogg Raisin Bran dengan Omega-3 Dari Biji Rami;349;7,3;2,5;82,69;9,6
8701;Sereal siap saji, Kellogg, K Khusus Kellogg Multi-Grain;364;7,59;1,29;86,59;9,6
8702;Sereal, Khusus Kellogg K Nourish, Kayu Manis Kismis Pecan, Kering;370;14,1;10,39;61,9;9,2
8703;Sereal, Kellogg Khusus K Nourish, Cranberry Almond, Kering;361;15;8,39;63,29;9,3
8704;Sereal, Khusus Kellogg Kurnur, Maple Brown Sugar Crunch, Kering;371;15,39;9,89;62,09;9,3
8705;Sereal siap saji, Kashi Golean Vanilla Graham Clusters;330;21,5;2,59;70,09;17,3
8706;Sereal siap saji, Kellogg Scooby-Doo! Sereal;376;8,6;4,09;84;9,8
8707;Sereal siap saji, Kellogg's Special K Chocolate Almond;375;7,59;5,09;81,5;10,3
8708;Sereal siap saji, Kellogg Mini-Wheats Frosted Touch of Fruit In The Middle, Kismis;343;9,1;1,6;82,1;10,8
8709;Sereal siap saji, Mom's Best, Sweet-Wheat-Fuls;373;8,18;1,83;80,91;10
8710;Sereal siap saji, Kellogg's, Khusus Bebas Gluten, Sentuhan Gula Merah;369;6,09;2,5;86,5;9,3
8711;Sereal siap saji, Kellogg's, Protein K Khusus, Gula Merah Kayu Manis;356;22,29;2,59;69,8;9,5
8712;Sereal siap saji, Kellogg, Risin Raisin Kellogg dengan Cranberry;344;6,9;1,5;84,19;9,2
9001;Acerola, (cherry India barat), mentah;32;0,4;0,3;7,69;1,1
9002;Jus Acerola, mentah;23;0,4;0,3;4,8;0,3
9003;Apel, mentah, dengan kulit;52;0,26;0,17;13,81;2,4
9004;Apel, mentah, tanpa kulit;48;0,27;0,13;12,76;1,3
9005;Apel, mentah, tanpa kulit, dimasak, direbus;53;0,26;0,36;13,64;2,4
9006;Apel, mentah, tanpa kulit, dimasak, microwave;56;0,28;0,42;14,41;2,8
9007;Apel, kalengan, dimaniskan, diiris, dikeringkan, tidak dipanaskan;67;0,18;0,49;16,7;1,7
9008;Apel, kalengan, dimaniskan, diiris, dikeringkan, dipanaskan;67;0,18;0,43;16,84;2
9009;Apel, didehidrasi (kelembaban rendah), disulfur, tidak dimasak;346;1,32;0,58;93,53;12,4
9010;Apel, didehidrasi (kelembaban rendah), disulfur, direbus;74;0,28;0,12;19,91;2,6
9011;Apel, dikeringkan, disulfur, tidak dimasak;243;0,93;0,32;65,89;8,7
9012;Apel, dikeringkan, disulfur, direbus, tanpa tambahan gula;57;0,22;0,07;15,32;2
9013;Apel, dikeringkan, disulfur, direbus, dengan tambahan gula;83;0,2;0,07;20,73;1,9
9014;Apel, beku, tanpa pemanis, tidak dipanaskan;48;0,28;0,32;12,31;1,3
9015;Apel, beku, tanpa pemanis, dipanaskan;47;0,29;0,33;12;1,3
9016;Jus apel, kaleng atau botol, tanpa pemanis, tanpa ditambahkan asam askorbat;46;0,1;0,13;11,3;0,2
9017;Jus apel, konsentrat beku, tanpa pemanis, murni, tanpa tambahan asam askorbat;166;0,51;0,37;41;0,4
9018;Jus apel, konsentrat beku, tanpa pemanis, diencerkan dengan 3 volume air tanpa tambahan asam askorbat;47;0,14;0,1;11,54;0,1
9019;Saus apel, kalengan, tanpa pemanis, tanpa ditambahkan asam askorbat (termasuk komoditas USDA);42;0,17;0,1;11,27;1,1
9020;Saus apel, kalengan, manis, tanpa garam (termasuk komoditas USDA);68;0,16;0,17;17,49;1,2
9021;Aprikot, mentah;48;1,4;0,39;11,12;2
9022;Aprikot, kaleng, kemasan air, dengan kulit, padatan, dan cairan;27;0,71;0,16;6,39;1,6
9023;Aprikot, kaleng, paket air, tanpa kulit, padatan dan cairan;22;0,69;0,03;5,48;1,1
9024;Aprikot, kaleng, paket jus, dengan kulit, padatan, dan cairan;48;0,63;0,04;12,34;1,6
9025;Aprikot, kaleng, kemasan sirup ringan, dengan kulit, padatan, dan cairan;49;0,6;0,1;12,5;1,6
9026;Aprikot, kaleng, paket sirup ringan, dengan kulit, padatan, dan cairan;63;0,53;0,05;16,49;1,6
9027;Aprikot, kaleng, paket sirup berat, dengan kulit, padatan, dan cairan;83;0,53;0,08;21,47;1,6
9028;Aprikot, kaleng, kemasan sirup berat, tanpa kulit, padatan, dan cairan;83;0,51;0,09;21,45;1,6
9029;Aprikot, kaleng, paket sirup ekstra berat, tanpa kulit, padatan, dan cairan;96;0,55;0,04;24,85;1,6
9030;Aprikot, dehidrasi (kelembaban rendah), tersulfur, tidak dimasak;320;4,9;0,62;82,89;-
9031;Aprikot, dehidrasi (kelembaban rendah), tersulfur, direbus;126;1,93;0,24;32,62;-
9032;Aprikot, dikeringkan, tersulfur, tidak dimasak;241;3,39;0,51;62,64;7,3
9033;Aprikot, dikeringkan, tersulfur, direbus, tanpa tambahan gula;85;1,2;0,18;22,15;2,6
9034;Aprikot, dikeringkan, disulfur, direbus, dengan tambahan gula;113;1,17;0,15;29,26;4,1
9035;Aprikot, beku, manis;98;0,7;0,1;25,1;2,2
9036;Aprikot nektar, kaleng, tanpa ditambahkan asam askorbat;56;0,37;0,09;14,39;0,6
9037;Alpukat, mentah, semua varietas komersial;160;2;14,66;8,53;6,7
9038;Alpukat, mentah, California;167;1,96;15,41;8,64;6,8
9039;Alpukat, mentah, Florida;120;2,23;10,06;7,82;5,6
9040;Pisang, mentah;89;1,09;0,33;22,84;2,6
9041;Pisang, dehidrasi, atau bubuk pisang;346;3,89;1,81;88,28;9,9
9042;Blackberry, mentah;43;1,39;0,49;9,61;5,3
9043;Jus Blackberry, kaleng;38;0,3;0,6;7,8;0,1
9044;Ceri, asam, dikeringkan, dimaniskan;333;1,25;0,73;80,45;2,5
9046;Blackberry, kaleng, sirup, padatan dan cairan;92;1,31;0,14;23,1;3,4
9048;Blackberry, beku, tanpa pemanis;64;1,18;0,43;15,67;5
9050;Blueberry, mentah;57;0,74;0,33;14,49;2,4
9052;Blueberry, kaleng, sirup berat, padatan, dan cairan;88;0,65;0,33;22,06;1,6
9053;Blueberry, liar, beku;57;-;0,16;13,85;4,4
9054;Blueberry, beku, tanpa pemanis;51;0,42;0,64;12,17;2,7
9055;Blueberry, beku, manis;85;0,4;0,13;21,95;2,2
9056;Boysenberry, kaleng, sirup berat;88;0,99;0,12;22,31;2,6
9057;Boysenberry, beku, tanpa pemanis;50;1,1;0,26;12,19;5,3
9059;Sukun, mentah;103;1,07;0,23;27,12;4,9
9060;Belimbing Manis (Carambola), mentah;31;1,04;0,33;6,73;2,8
9061;Carissa, (natal-prem), mentah;62;0,5;1,3;13,63;-
9062;Cherimoya, mentah;75;1,57;0,68;17,71;3
9063;Ceri, asam, merah, mentah;50;1;0,3;12,18;1,6
9064;Ceri, asam, merah, kalengan, paket air, padatan, dan cairan (termasuk ceri tart merah komoditas USDA, kalengan);36;0,77;0,1;8,94;1,1
9065;Ceri, asam, merah, kalengan, paket sirup, padatan dan cairan;75;0,74;0,1;19,3;0,8
9066;Ceri, asam, merah, kaleng, paket sirup berat, padatan dan cairan;91;0,73;0,1;23,27;1,1
9067;Ceri, asam, merah, kaleng, paket sirup ekstra berat, padatan dan cairan;114;0,71;0,09;29,23;0,8
9068;Ceri, asam, merah, beku, tanpa pemanis;46;0,92;0,44;11,02;1,6
9070;Ceri, manis, mentah;63;1,06;0,2;16,01;2,1
9071;Ceri, manis, kaleng, paket air, padatan dan cairan;46;0,77;0,13;11,76;1,5
9072;Ceri, manis, kaleng, paket jus, padatan dan cairan;54;0,91;0,02;13,81;1,5
9073;Ceri, manis, kaleng, paket sirup ringan, padatan dan cairan;67;0,61;0,15;17,29;1,5
9074;Ceri, manis, kalengan, diadu, sirup berat, padatan dan cairan;83;0,6;0,15;21,27;1,4
9075;Ceri, manis, kaleng, paket sirup ekstra berat, padatan dan cairan;102;0,59;0,15;26,23;1,5
9076;Ceri, manis, beku, manis;89;1,15;0,13;22,36;2,1
9077;Kepiting, mentah;76;0,4;0,3;19,95;-
9078;Cranberi, mentah;46;0,46;0,13;11,97;3,6
9079;Cranberry, dikeringkan, manis;308;0,17;1,09;82,8;5,3
9081;Saus cranberry, kalengan, manis;159;0,9;0,15;40,4;1,1
9082;Cranberry-orange menikmati, kalengan;178;0,3;0,1;46,2;-
9083;Kismis, hitam Eropa, mentah;63;1,4;0,41;15,38;-
9084;Kismis, merah dan putih, mentah;56;1,4;0,2;13,8;4,3
9085;Kismis, zante, kering;283;4,08;0,27;74,08;6,8
9086;Custard-apple, (bullock',s-heart), mentah;101;1,7;0,6;25,2;2,4
9087;Dates, deglet noor;282;2,45;0,39;75,03;8
9088;Elderberry, mentah;73;0,66;0,5;18,4;7
9089;Buah ara, mentah;74;0,75;0,3;19,18;2,9
9090;Buah ara, kaleng, paket air, padatan dan cairan;53;0,4;0,1;13,99;2,2
9091;Buah ara, kaleng, paket sirup ringan, padatan dan cairan;69;0,39;0,1;17,95;1,8
9092;Buah ara, kaleng, paket sirup berat, padatan dan cairan;88;0,38;0,1;22,9;2,2
9093;Buah ara, kaleng, paket sirup ekstra berat, padatan dan cairan;107;0,38;0,1;27,86;-
9094;Buah ara, dikeringkan, mentah;249;3,3;0,93;63,87;9,8
9095;Buah ara, dikeringkan, direbus;107;1,42;0,4;27,57;4,2
9096;Koktail buah, (persik dan nanas, pir, anggur, dan ceri), kaleng, paket air, padatan, dan cairan;32;0,42;0,05;8,51;1
9097;Koktail buah, (persik dan nanas, pir, anggur, dan ceri), kaleng, paket jus, padatan dan cairan;46;0,46;0,01;11,86;1
9098;Koktail buah, (persik dan nanas, pir, anggur, dan ceri), kaleng, sirup ringan, padatan dan cairan;45;0,4;0,07;11,63;1,1
9099;Koktail buah, (persik dan nanas, pir, anggur, dan ceri), kaleng, sirup ringan, padatan, dan cairan;57;0,4;0,07;14,93;1
9100;Koktail buah, (persik dan nanas, pir, anggur, dan ceri), kaleng, sirup berat, padatan, dan cairan;73;0,39;0,07;18,91;1
9101;Koktail buah, (persik dan nanas, pir, anggur, dan ceri), kaleng, sirup ekstra berat, padatan dan cairan;88;0,39;0,07;22,89;1,1
9102;Salad buah, (persik dan pir dan aprikot dan nanas dan ceri), kaleng, paket air, padatan dan cairan;30;0,35;0,07;7,87;1
9103;Salad buah, (persik dan pir dan aprikot dan nanas dan ceri), kaleng, paket jus, padatan dan cairan;50;0,51;0,03;13,05;1
9104;Salad buah, (persik dan pir, aprikot, nanas, dan ceri), kaleng, sirup ringan, padatan, dan cairan;58;0,34;0,07;15,14;1
9105;Salad buah, (persik dan pir, aprikot, nanas, dan ceri), kaleng, sirup berat, padatan, dan cairan;73;0,34;0,07;19,11;1
9106;Salad buah, (persik dan pir, aprikot, nanas, dan ceri), kaleng, sirup ekstra berat, padatan dan cairan;88;0,33;0,06;22,77;1
9107;Ciplukan (gooseberry), mentah;44;0,88;0,58;10,18;4,3
9109;Ciplukan (gooseberry), kaleng, paket sirup ringan, padatan dan cairan;73;0,65;0,2;18,75;2,4
9110;Goji berry, keringkan;349;14,26;0,39;77,06;13
9111;Jeruk bali, mentah, merah muda dan merah dan putih, semuanya;32;0,63;0,1;8,08;1,1
9112;Jeruk bali, mentah, merah muda dan merah, semuanya;42;0,77;0,14;10,66;1,6
9113;Grapefruit, mentah, merah muda dan merah, California dan Arizona;37;0,5;0,1;9,69;-
9114;Grapefruit, mentah, merah muda dan merah, Florida;30;0,55;0,1;7,5;1,1
9116;Jeruk bali, mentah, putih, semua area;33;0,69;0,1;8,41;1,1
9117;Jeruk bali, mentah, putih, California;37;0,88;0,1;9,09;-
9118;Grapefruit, mentah, putih, Florida;32;0,63;0,1;8,19;-
9119;Jeruk bali, bagian, kaleng, paket air, padatan dan cairan;36;0,58;0,1;9,15;0,4
9120;Jeruk bali, bagian, kaleng, paket jus, padatan dan cairan;37;0,7;0,09;9,21;0,4
9121;Jeruk bali, bagian, kaleng, paket sirup ringan, padatan dan cairan;60;0,56;0,1;15,44;0,4
9123;Jus jeruk bali, putih, kalengan atau botol, tanpa pemanis;34;0,58;0,1;7,93;0,8
9124;Jus jeruk bali, putih, kalengan, dimaniskan;46;0,58;0,09;11,13;0,1
9125;Jus jeruk bali, putih, konsentrat beku, tanpa pemanis, murni;146;1,97;0,48;34,56;0,4
9126;Jus jeruk bali, putih, konsentrat beku, tanpa pemanis, diencerkan dengan 3 volume air;41;0,55;0,13;9,73;0,1
9127;Jus jeruk bali, merah muda atau merah, dengan tambahan kalsium;38;0,5;0,1;8,69;-
9128;Jus jeruk bali, putih, mentah;39;0,5;0,1;9,2;0,1
9129;Anggur, muscadine, mentah;57;0,81;0,47;13,93;3,9
9130;Jus anggur, kaleng atau botol, tanpa pemanis, dengan tambahan asam askorbat;60;0,37;0,13;14,77;0,2
9131;Anggur, tipe amerika (kulit slip), mentah;67;0,63;0,35;17,15;0,9
9132;Anggur, merah atau hijau (tipe Eropa, seperti Thompson tanpa biji), mentah;69;0,72;0,16;18,1;0,9
9133;Anggur, kaleng, tanpa biji, paket air, padatan dan cairan;40;0,5;0,11;10,3;0,6
9134;Anggur, kalengan, tanpa biji, paket sirup berat, padatan dan cairan;76;0,48;0,1;19,65;0,6
9135;Jus anggur, kaleng atau botol, tanpa pemanis, tanpa ditambahkan asam askorbat;60;0,37;0,13;14,77;0,2
9138;Ciplukan (gooseberries), bahan dasar Groundcherries, mentah;53;1,9;0,7;11,2;-
9139;Jambu biji, umum, mentah;68;2,55;0,95;14,32;5,4
9140;Jambu biji, stroberi, mentah;69;0,58;0,6;17,36;5,4
9143;Saus jambu biji, dimasak;36;0,32;0,14;9,48;3,6
9144;Nangka, mentah;95;1,72;0,64;23,25;1,5
9145;Java-prem, (jambolan), mentah;60;0,72;0,23;15,56;-
9146;Bidara, mentah;79;1,2;0,2;20,23;-
9147;Bidara, dikeringkan;281;4,72;0,5;72,52;6
9148;Buah Kiwi, hijau, mentah;61;1,14;0,52;14,66;3
9149;Jeruk Kumquat, mentah;71;1,88;0,86;15,9;6,5
9150;Lemon, mentah, tanpa kulit;29;1,1;0,3;9,32;2,8
9152;Jus lemon, mentah;22;0,35;0,24;6,9;0,3
9153;Jus lemon dari konsentrat, kalengan atau botol;17;0,45;0,07;5,62;0,7
9154;Jus lemon, beku, tanpa pemanis, satu kekuatan;22;0,46;0,32;6,5;0,4
9156;Kulit lemon, mentah;47;1,5;0,3;16;10,6
9159;Jeruk nipis, mentah;30;0,7;0,2;10,54;2,8
9160;Jus jeruk nipis, mentah;25;0,42;0,07;8,42;0,4
9161;Jus jeruk nipis, kalengan atau botol, tanpa pemanis;21;0,25;0,23;6,69;0,4
9163;Blueberry, dikeringkan, dimaniskan;317;2,5;2,5;80;7,5
9164;Litchis, mentah;66;0,83;0,44;16,53;1,3
9165;Litchis, kering;277;3,8;1,2;70,7;4,6
9167;Loganberry, beku;55;1,52;0,31;13,02;5,3
9172;Lengkeng, mentah;60;1,31;0,1;15,14;1,1
9173;Lengkeng, dikeringkan;286;4,9;0,4;74;-
9174;Loquats, mentah;47;0,43;0,2;12,14;1,7
9175;Mammy-apple, (mamey), mentah;51;0,5;0,5;12,5;3
9176;Mangga, mentah;60;0,82;0,38;14,98;1,6
9177;Manggis, kaleng, paket sirup;73;0,41;0,58;17,91;1,8
9178;Mangga, dikeringkan, dimaniskan;319;2,45;1,18;78,58;2,4
9181;Blewah, mentah;34;0,84;0,19;8,16;0,9
9183;Melon casaba, mentah;28;1,11;0,1;6,58;0,9
9184;Melon, mentah;36;0,54;0,14;9,09;0,8
9185;Melon, beku;33;0,84;0,25;7,94;0,7
9190;Mulberi, mentah;43;1,44;0,39;9,8;1,7
9191;Nektarin, mentah;44;1,06;0,32;10,55;1,7
9192;Oheloberries, mentah;28;0,38;0,22;6,84;-
9193;Zaitun, matang, kalengan (kecil-ekstra besar);115;0,84;10,68;6,26;3,2
9194;Zaitun, matang, kalengan (jumbo-super kolosal);81;0,97;6,87;5,61;2,5
9195;Zaitun, asinan, kalengan atau botol, hijau;145;1,03;15,32;3,84;3,3
9200;Jeruk, mentah, semua varietas komersial;47;0,94;0,12;11,75;2,4
9201;Jeruk, mentah, California, valencias;49;1,04;0,3;11,89;2,5
9202;Jeruk, mentah, pusar;49;0,91;0,15;12,54;2,2
9203;Jeruk, mentah, Florida;46;0,7;0,21;11,54;2,4
9205;Jeruk, mentah, dengan kulitnya;63;1,3;0,3;15,5;4,5
9206;Jus jeruk, mentah;45;0,7;0,2;10,4;0,2
9207;Jus jeruk, kaleng, tanpa pemanis;47;0,68;0,15;11,01;0,3
9209;Jus jeruk, dingin, termasuk dari konsentrat;49;0,68;0,12;11,54;0,3
9210;Jus jeruk, dingin, termasuk dari konsentrat, dengan tambahan kalsium dan vitamin D;47;0,68;0,12;11,27;0,3
9211;Jus jeruk, dingin, termasuk dari konsentrat, dengan tambahan kalsium;47;0,68;0,12;11,27;0,3
9212;Jus jeruk, konsentrat beku, tanpa pemanis, diencerkan dengan 3 volume air, ditambah kalsium;37;0,6;0,06;8,47;0,2
9213;Jus jeruk, konsentrat beku, tanpa pemanis, murni, ditambah kalsium;147;2,4;0,25;33,86;1
9214;Jus jeruk, konsentrat beku, tanpa pemanis, murni;148;2,4;0,25;35,19;1
9215;Jus jeruk, konsentrat beku, tanpa pemanis, diencerkan dengan 3 volume air;37;0,6;0,06;8,8;0,2
9216;Kulit jeruk, mentah;97;1,5;0,2;25;10,6
9217;Jus jeruk-jeruk, kalengan atau botol, tanpa pemanis;43;0,6;0,1;10,28;0,1
9218;Jeruk Mandarin, mentah;53;0,81;0,31;13,34;1,8
9219;Jeruk Mandarin, kaleng, paket jus;37;0,62;0,03;9,57;0,7
9220;Jeruk Mandarin, kalengan, paket sirup ringan;61;0,45;0,1;16,19;0,7
9221;Jus Jeruk Keprok, mentah;43;0,5;0,2;10,1;0,2
9223;Jus Jeruk Keprok, kalengan, manis;50;0,5;0,2;12;0,2
9226;Pepaya, mentah;43;0,47;0,26;10,82;1,7
9228;Pepaya, kaleng, sirup berat, tiriskan;206;0,14;0,55;55,83;1,5
9229;Pepaya nektar, kalengan;57;0,17;0,15;14,51;0,6
9231;Markisa, (granadilla), ungu, mentah;97;2,2;0,7;23,38;10,4
9232;Jus markisa, ungu, mentah;51;0,39;0,05;13,6;0,2
9233;Jus markisa, kuning, mentah;60;0,67;0,18;14,45;0,2
9236;Persik, kuning, mentah;39;0,91;0,25;9,54;1,5
9237;Persik, kalengan, paket air, padatan dan cairan;24;0,44;0,06;6,11;1,3
9238;Persik, kaleng, paket jus, padatan dan cairan;44;0,63;0,03;11,57;1,3
9239;Persik, kalengan, sirup ringan, padatan dan cairan;42;0,4;0,1;11,1;1
9240;Persik, kalengan, paket sirup ringan, padatan dan cairan;54;0,45;0,03;14,55;1,3
9241;Persik, kaleng, paket sirup berat, padatan dan cairan;74;0,45;0,1;19,94;1,3
9242;Persik, kalengan, paket sirup ekstra berat, padatan dan cairan;96;0,47;0,03;26,06;1
9243;Persik, dibumbui, kaleng, paket sirup berat, padatan dan cairan;75;0,41;0,1;20,08;1,3
9244;Buah persik, didehidrasi (kelembaban rendah), belerang, tidak dimasak;325;4,89;1,03;83,18;-
9245;Persik, didehidrasi (kelembaban rendah), disulfur, direbus;133;2,01;0,42;34,14;-
9246;Persik, dikeringkan, disulfur, tidak dimasak;239;3,61;0,76;61,33;8,2
9247;Persik, dikeringkan, disulfur, direbus, tanpa tambahan gula;77;1,16;0,25;19,69;2,7
9248;Persik, dikeringkan, disulfur, direbus, dengan tambahan gula;103;1,06;0,22;26,6;2,4
9250;Persik, beku, diiris, dipermanis;94;0,63;0,13;23,98;1,8
9251;Peach nectar, kaleng, tanpa menambahkan asam askorbat;54;0,27;0,02;13,92;0,6
9252;Pir, mentah;57;0,36;0,14;15,23;3,1
9253;Pir, kaleng, paket air, padatan dan cairan;29;0,19;0,03;7,81;1,6
9254;Pir, kaleng, paket jus, padatan dan cairan;50;0,34;0,07;12,94;1,6
9255;Pir, kaleng, ekstra paket sirup ringan, padatan dan cairan;47;0,3;0,1;12,2;1,6
9256;Pir, kaleng, paket sirup ringan, padatan dan cairan;57;0,19;0,03;15,17;1,6
9257;Pir, kaleng, paket sirup berat, padatan dan cairan;74;0,2;0,13;19,17;1,6
9258;Pir, kaleng, paket sirup ekstra berat, padatan dan cairan;97;0,19;0,13;25,25;1,6
9259;Pir, dikeringkan, disulfur, tidak dimasak;262;1,87;0,63;69,7;7,5
9260;Pir, dikeringkan, disulfur, direbus, tanpa gula;127;0,91;0,31;33,81;6,4
9261;Pir, dikeringkan, disulfur, direbus, dengan gula;140;0,86;0,29;37,14;5,8
9262;Pir nektar, kaleng, tanpa asam askorbat;60;0,11;0,01;15,76;0,6
9263;Kesemek, Jepang, mentah;70;0,58;0,19;18,59;3,6
9264;Kesemek, Jepang, kering;274;1,38;0,59;73,43;14,5
9265;Kesemek, asli, mentah;127;0,8;0,4;33,5;-
9266;Nanas, mentah, semua jenis;50;0,54;0,12;13,12;1,4
9267;Nanas, kaleng, paket air, padatan dan cairan;32;0,43;0,09;8,3;0,8
9268;Nanas, kaleng, paket jus, padatan dan cairan;60;0,42;0,08;15,7;0,8
9269;Nanas, kaleng, paket sirup ringan, padatan dan cairan;52;0,36;0,12;13,45;0,8
9270;Nanas, kaleng, paket sirup berat, padatan dan cairan;78;0,35;0,11;20,2;0,8
9271;Nanas, kaleng, paket sirup ekstra berat, padatan dan cairan;83;0,34;0,11;21,5;0,8
9272;Nanas, beku, potongan, dipermanis;86;0,4;0,1;22,2;1,1
9273;Jus nanas, kaleng, tanpa pemanis, tanpa asam askorbat;53;0,36;0,12;12,87;0,2
9274;Jus nanas, konsentrat beku, tanpa pemanis, murni;179;1,3;0,1;44,3;0,7
9275;Jus nanas, konsentrat beku, tanpa pemanis, diencerkan dengan 3 volume air;51;0,4;0,03;12,67;0,2
9276;Pitanga, (surinam-cherry), mentah;33;0,8;0,4;7,49;-
9277;Pisang raja, mentah;122;1,3;0,37;31,89;2,3
9278;Pisang raja, dimasak;116;0,79;0,18;31,15;2,3
9279;Prem (plum), mentah;46;0,7;0,28;11,42;1,4
9281;Prem (plum), kaleng, ungu, paket air, padatan dan cairan;41;0,39;0,01;11,03;0,9
9282;Prem (plum), kaleng, ungu, paket jus, padatan dan cairan;58;0,51;0,02;15,15;0,9
9283;Prem (plum), kaleng, ungu, paket sirup ringan, padatan dan cairan;63;0,37;0,1;16,28;0,9
9284;Prem (plum), kaleng, ungu, paket sirup berat, padatan dan cairan;89;0,36;0,1;23,24;0,9
9285;Prem (plum), kaleng, ungu, paket sirup ekstra berat, padatan dan cairan;101;0,36;0,1;26,31;1
9286;Buah delima, mentah;83;1,67;1,17;18,7;4
9287;Pir berduri, mentah;41;0,73;0,51;9,57;3,6
9288;Plum, kaleng, paket sirup berat, padatan dan cairan;105;0,87;0,2;27,8;3,8
9289;Prem, kelembaban rendah, tidak dimasak;339;3,7;0,73;89,07;-
9290;Plum, kelembaban rendah, direbus;113;1,23;0,24;29,7;-
9291;Prem (plum), dikeringkan, tidak dimasak;240;2,18;0,38;63,88;7,1
9292;Prem (plum), dikeringkan, direbus, tanpa tambahan gula;107;0,96;0,16;28,08;3,1
9293;Prem (plum), dikeringkan, direbus, dengan tambahan gula;124;1,09;0,22;32,88;3,8
9294;Jus prune, kalengan;71;0,61;0,03;17,45;1
9295;Pummelo, mentah;38;0,76;0,04;9,62;1
9296;Quinces, mentah;57;0,4;0,1;15,3;1,9
9297;Kismis, tanpa biji emas;302;3,39;0,46;79,52;4
9298;Kismis, tanpa biji;299;3,07;0,46;79,18;3,7
9299;Kismis, diunggulkan;296;2,52;0,54;78,47;6,8
9301;Rambutan, kaleng, paket sirup;82;0,65;0,21;20,87;0,9
9302;Raspberry, mentah;52;1,2;0,65;11,94;6,5
9304;Raspberry, kalengan, reduksi, paket sirup berat, padatan dan cairan;91;0,83;0,12;23,36;3,3
9306;Raspberry, beku, kurangi, dimaniskan;103;0,7;0,16;26,16;4,4
9307;Rhubarb, mentah;21;0,9;0,2;4,54;1,8
9309;Rhubarb, beku, mentah;21;0,55;0,11;5,1;1,8
9310;Rhubarb, beku, dimasak, dengan gula;116;0,39;0,05;31,2;2
9311;Rosela, mentah;49;0,96;0,64;11,31;-
9312;Apel mawar, mentah;25;0,6;0,3;5,7;-
9313;Sawo Manila, mentah;83;0,44;1,1;19,96;5,3
9314;Sapote, nyonya, mentah;124;1,45;0,46;32,1;5,4
9315;Sirsak, mentah;66;1;0,3;16,84;3,3
9316;Stroberi, mentah;32;0,67;0,3;7,68;2
9317;Stroberi, kaleng, paket sirup berat, padatan dan cairan;92;0,56;0,26;23,53;1,7
9318;Stroberi, beku, tanpa pemanis;35;0,43;0,11;9,13;2,1
9319;Stroberi, beku, manis, utuh;78;0,52;0,14;21;1,9
9320;Stroberi, beku, manis, diiris;96;0,53;0,13;25,92;1,9
9321;Apel-gula, (permen), mentah;94;2,06;0,29;23,64;4,4
9322;Asam jawa, mentah;239;2,8;0,6;62,5;5,1
9325;Salad buah, (nanas dan pepaya dan pisang dan jambu biji), tropis, kalengan, sirup berat, padatan dan cairan;86;0,41;0,1;22,36;1,3
9326;Semangka, mentah;30;0,61;0,15;7,55;0,4
9328;Ceri Maraschino, kalengan, tiriskan;165;0,22;0,21;41,97;3,2
9334;Feijoa, mentah;61;0,71;0,42;15,21;6,4
9340;Pir, Asia, mentah;42;0,5;0,23;10,65;3,6
9351;Koktail buah, kaleng, sirup berat, tiriskan;70;0,47;0,1;18,8;1,7
9352;Blueberry, kaleng, sirup ringan, tiriskan;88;1,04;0,4;22,66;2,6
9353;Blueberry, liar, kalengan, sirup berat, tiriskan;107;0,56;0,34;28,32;4,9
9354;Nanas, kaleng, paket jus, tiriskan;60;0,51;0,11;15,56;1,3
9357;Aprikot, kaleng, sirup berat, dikeringkan;83;0,64;0,11;21,31;2,7
9362;Ceri, asam, kaleng, paket air, tiriskan;42;0,69;0,21;10,45;1,2
9367;Ceri, manis, kaleng, diadu, sirup berat, dikeringkan;83;0,73;0,21;21,07;2,3
9370;Persik, kaleng, sirup berat, dikeringkan;72;0,52;0,18;18,43;1,2
9374;Pir, kaleng, sirup berat, tiriskan;74;0,24;0,18;19,08;2,7
9379;Prem (plum), kaleng, sirup berat, tiriskan;89;0,44;0,14;23,12;1,5
9383;Jeruk Mandarin, kaleng, paket jus, tiriskan;38;0,75;0,04;9,41;1,2
9400;Jus apel, kaleng atau botol, tanpa pemanis, dengan tambahan asam askorbat;46;0,1;0,13;11,3;0,2
9401;Saus apel, kalengan, tanpa pemanis, dengan tambahan asam askorbat;42;0,17;0,1;11,27;1,1
9402;Saus apel, kalengan, manis, dengan garam;76;0,18;0,18;19,91;1,2
9403;Aprikot nektar, kaleng, dengan tambahan asam askorbat;56;0,37;0,09;14,39;0,6
9404;Jus jeruk bali, merah muda, mentah;39;0,5;0,1;9,2;-
9407;Peach nectar, kaleng, dengan tambahan asam askorbat;54;0,27;0,02;13,92;0,6
9408;Pir nektar, kaleng, dengan asam askorbat;60;0,11;0,01;15,76;0,6
9409;Jus nanas, kaleng, tanpa pemanis, dengan tambahan asam askorbat;53;0,36;0,12;12,87;0,2
9410;Jus apel, konsentrat beku, tanpa pemanis, murni, ditambah dengan asam askorbat;166;0,51;0,37;41;-
9411;Jus apel, konsentrat beku, tanpa pemanis, diencerkan dengan 3 volume air, ditambah asam askorbat;47;0,14;0,1;11,54;0,1
9412;Pir, mentah, Bartlett;63;0,39;0,16;15,01;3,1
9413;Pir, mentah, anjou merah;62;0,33;0,14;14,94;3
9414;Pir, mentah, bosc;67;0,36;0,09;16,1;3,1
9415;Pir, mentah, hijau anjou;66;0,44;0,1;15,79;3,1
9416;Jus jeruk bali, putih, botolan, tanpa pemanis, Ocean Spray;34;0,58;0,1;7,93;0,8
9420;Nangka, kaleng, pak sirup;92;0,36;0,14;23,94;0,9
9421;Dates, medjool;277;1,81;0,15;74,97;6,7
9422;Durian, mentah atau beku;147;1,47;5,33;27,09;3,8
9423;Bubur/bubuk Prem;257;2,1;0,2;65,1;3,3
9426;Manisan buah;322;0,34;0,07;82,74;1,6
9427;Abiyuch, mentah;69;1,5;0,1;17,6;5,3
9428;Rowal, mentah;111;2,3;2;23,9;6,2
9429;Nanas, mentah, varietas tradisional;45;0,55;0,13;11,82;-
9430;Nanas, mentah, varietas ekstra manis;51;0,53;0,11;13,5;1,4
9431;Komoditas USDA, campuran buah (persik, pir, anggur), kalengan, sirup ringan, tiriskan;57;0,46;0,1;14,65;1,6
9432;Komoditas USDA, campuran buah (persik, pir, anggur), kalengan, sirup ringan, padatan dan cairan;55;0,41;0,08;14,3;1,2
9433;Clementines, mentah;47;0,85;0,15;12,02;1,7
9434;Guanabana nektar, kaleng;59;0,11;0,17;14,93;0,1
9435;Jambu biji madu, kaleng, dengan tambahan asam askorbat;63;0,09;0,06;16,25;1
9436;Madu nektar, kaleng;51;0,11;0,06;13,12;0,3
9437;Asam nectar, kalengan;57;0,09;0,12;14,73;0,5
9438;Persik Komoditas USDA, kaleng, sirup ringan, tiriskan;61;0,56;0,15;15,65;0,7
9439;Pir Komoditas USDA, kaleng, paket jus, tiriskan;51;0,34;0,19;12,91;2,2
9440;Pir Komoditas USDA, kaleng, sirup ringan, tiriskan;62;0,28;0,15;16,21;1,6
9442;Jus delima, botolan;54;0,15;0,29;13,13;0,1
9443;Campuran jus, apel dan anggur, dengan tambahan asam askorbat;50;0,16;0,12;12,46;0,2
9444;Campuran jus, apel, anggur dan pir, dengan tambahan asam askorbat dan kalsium;52;0,17;0,12;12,96;0,2
9446;Pisang raja, hijau, goreng;309;1,5;11,81;49,17;3,5
9447;Pisang raja, kuning, goreng, restoran Latin;236;1,42;7,51;40,77;3,2
9448;Nance, kaleng, sirup, tiriskan;95;0,56;1,28;22,79;7
9449;Nance, beku, tanpa pemanis;73;0,66;1,16;16,97;7,5
9450;Bubur naranjilla (lulo), beku, tanpa pemanis;25;0,44;0,22;5,9;1,1
9451;Melon bertanduk (kiwano);44;1,78;1,26;7,56;-
9452;Orange Pineapple Juice Blend;51;0,41;0,08;12,2;0,2
9500;Apel, mentah, merah lezat, dengan kulit;59;0,27;0,2;14,06;2,3
9501;Apel, mentah, lezat keemasan, dengan kulit;57;0,28;0,15;13,6;2,4
9502;Apel, mentah, granny smith, dengan kulit;58;0,44;0,19;13,61;2,8
9503;Apel, mentah, gala, dengan kulit;57;0,25;0,12;13,68;2,3
9504;Apel, mentah, fuji, dengan kulit;63;0,2;0,18;15,22;2,1
9506;Jus jeruk, dingin, termasuk dari konsentrat, dengan tambahan kalsium dan vitamin A, D, E;49;0,68;0,12;11,54;0,3
9507;Smoothie jus buah, Jus keju, Mangga perkasa;63;0,42;-;15;-
9508;Smoothie jus buah, jus keju, mesin hijau;53;0,6;0,26;12,53;0,7
9510;Jus nanas, kaleng, bukan dari konsentrat, tanpa pemanis, dengan tambahan vitamin A, C dan E;50;0,36;0,14;12,18;0,2
9511;Smoothie jus buah, Jus cair, mesin biru;71;0,42;-;16,67;2,9
9512;Jus anggur, kaleng atau botol, tanpa pemanis, dengan tambahan asam askorbat dan kalsium;62;0,37;0,13;14,77;0,2
9513;Smoothie Jus Buah, Odwalla, Superfood Asli;50;0,63;0,36;11,51;0,6
9514;Jus Buah Smoothie, Bolthouse Farms, Berry Boost;46;0,63;0,02;10,9;-
9515;Jus Buah Smoothie, Bolthouse Farms, Green Goodness;56;0,63;0,33;13,04;0,6
9516;Jus Buah Smoothie, Bolthouse Farms, Pisang Stroberi;52;0,44;0,3;12,37;0,6
9517;Jus apel, kaleng atau botol, tanpa pemanis, dengan tambahan asam askorbat, kalsium, dan kalium;48;0,12;0,17;11,49;0,3
9518;Raspberry, beku, tanpa pemanis;52;1,2;0,65;11,94;6,5
9519;Jambu biji madu, kaleng, dengan sucralose;48;0,3;0,07;13,3;1,2
9520;Buah Kiwi, Zespri Sungold, Mentah;63;1,02;0,28;15,79;1,4
9522;Campuran jus cranberry, jus 100%, botol, dengan tambahan vitamin C dan kalsium;45;0,27;0,12;10,91;0,1
9523;Jus Lemon Dari Konsentrat, Botol, Concord;24;0,4;0,07;5,37;-
9524;Jus Lemon Dari Konsentrat, Botol, Real Lemon;17;0,47;0,07;5,66;0,7
9525;Saus Cranberry, Utuh, Kaleng, Ocean Spray;158;0,75;0,05;40,4;1,2
9526;Saus Cranberry, Kental, Kalengan, Ocean Spray;160;1,05;0,04;40,61;1
9528;Campuran Jus Jeruk Merah Ruby (Grapefruit, Grape, Apple), Ocean Spray, Botol, dengan Tambahan Vitamin C;44;0,5;0,1;10,53;0,2
9530;Jus Buah Smoothie, Odwalla, Pisang Stroberi;48;0,5;0,32;11,05;0,6
9531;Smoothie jus buah, jus keju, pisang stroberi;50;0,48;0,27;11,66;0,6
10000;Daging babi, segar, ditingkatkan, komposit dari lemak yang dapat dipisahkan, dimasak;585;10,06;60,42;0,32;-
10001;Daging babi, segar, bangkai, dipisahkan lemak dan lemak, mentah;376;13,91;35,07;-;-
10002;Daging babi, segar, komposit dari potongan ritel yang dipotong (kaki, pinggang, bahu), hanya lean yang dapat dipisahkan, mentah;134;21,2;4,86;-;-
10003;Daging babi, segar, komposit dari kaki yang dipangkas, pinggang, bahu, dan sparerib, (termasuk potongan yang harus diawetkan), bersandar ramping dan lemak, mentah;211;18,22;14,79;-;-
10004;Daging babi, segar, tepung, mentah;812;2,92;88,69;-;-
10005;Daging babi, segar, perut, mentah;518;9,34;53,01;-;-
10006;Daging babi, segar, lemak terpisah, mentah;632;9,25;65,7;-;-
10007;Daging babi, segar, lemak terpisah, dimasak;626;7,06;66,1;-;-
10008;Daging babi, segar, kaki (ham), utuh, dapat dipisahkan lemak dan lemak, mentah;245;17,43;18,87;-;-
10009;Daging babi, segar, kaki (ham), utuh, dapat dipisahkan lemak dan lemaknya, dimasak, dipanggang;273;26,83;17,61;-;-
10010;Daging babi, segar, kaki (ham), utuh, hanya bisa dipisah, mentah;136;20,48;5,41;-;-
10011;Daging babi, segar, kaki (ham), utuh, hanya bisa dipisah, dimasak, dipanggang;211;29,41;9,44;-;-
10012;Daging babi, segar, tungkai (ham), setengah pantat, dapat dipisahkan lemak dan lemak, mentah;182;20,27;10,63;-;-
10013;Daging babi, segar, tungkai (ham), separuh pantat, dapat dipisahkan lemak dan lemaknya, dimasak, dipanggang;209;27,03;10,32;-;-
10014;Daging babi, segar, kaki (ham), setengah pantat, hanya bisa dipisahkan tanpa lemak, mentah;120;21,81;2,93;-;-
10015;Daging babi, segar, kaki (ham), setengah pantat, hanya bisa dipisahkan tanpa lemak, dimasak, dipanggang;165;28,86;4,62;-;-
10016;Daging babi, segar, kaki (ham), setengah betis, ramping dan lemak terpisah, mentah;193;19,87;11,96;-;-
10017;Daging babi, segar, kaki (ham), setengah betis, lemak dan lemaknya terpisah, dimasak, dipanggang;232;25,96;13,42;-;-
10018;Daging babi, segar, kaki (ham), setengah betis, hanya bisa dipisah, mentah;119;21,66;2,95;-;-
10019;Daging babi, segar, kaki (ham), setengah betis, hanya bisa dipisah, dimasak, dipanggang;175;28,69;5,83;-;-
10020;Daging babi, segar, pinggang, utuh, dapat dipisahkan lemak dan lemak, mentah;198;19,74;12,58;-;-
10021;Daging babi, segar, pinggang, utuh, dapat dipisahkan lemak dan lemak, dimasak, direbus;239;27,23;13,62;-;-
10022;Daging babi, segar, pinggang, utuh, dapat dipisahkan lemak dan lemaknya, dimasak, dipanggang;242;27,32;13,92;-;-
10023;Daging babi, segar, pinggang, utuh, dapat dipisahkan lemak dan lemaknya, dimasak, dipanggang;248;27,09;14,65;-;-
10024;Daging babi, segar, pinggang, utuh, hanya bisa dipisahkan tanpa lemak, mentah;143;21,43;5,66;-;-
10025;Daging babi, segar, pinggang, utuh, hanya bisa dipisah, dimasak, direbus;204;28,57;9,12;-;-
10026;Daging babi, segar, pinggang, utuh, hanya bisa dipisahkan tanpa lemak, dimasak, dipanggang;210;28,57;9,8;-;-
10027;Daging babi, segar, pinggang, utuh, hanya bisa dipisahkan tanpa lemak, dimasak, dipanggang;209;28,62;9,63;-;-
10028;Daging babi, segar, pinggang, bilah (daging atau daging panggang), tulang-dalam, lemak dan lemak yang dapat dipisahkan, mentah;194;19,56;12,27;-;-
10029;Daging babi, segar, pinggang, pisau (daging), tulang-dalam, lemak dan lemak yang dapat dipisahkan, dimasak, direbus;255;26,54;15,71;-;-
10030;Daging babi, segar, pinggang, pisau (daging), tulang-dalam, lemak dan lemak yang dapat dipisahkan, dimasak, dipanggang;231;23,72;14,35;-;-
10031;Daging babi, segar, pinggang, bilah (panggang), tulang-dalam, lemak dan lemak yang dapat dipisahkan, dimasak, dipanggang;254;24,29;16,71;-;-
10032;Daging babi, segar, pinggang, bilah (daging atau daging panggang), tulang-dalam, lean saja yang dapat dipisahkan, mentah;143;21,22;5,84;-;-
10033;Daging babi, segar, pinggang, pisau (daging), tulang-dalam, hanya bisa dipisahkan, dimasak, direbus;222;28,02;11,29;-;-
10034;Daging babi, segar, pinggang, pisau (daging), tulang-dalam, hanya bisa dipisahkan, dimasak, dipanggang;193;24,99;9,56;-;-
10035;Daging babi, segar, pinggang, bilah (daging panggang), tulang-dalam, hanya daging yang terpisah, dimasak, dipanggang;217;25,7;11,89;-;-
10036;Daging babi, segar, pinggang, pinggang tengah, daging, lemak tanpa lemak yang dapat dipisahkan, mentah;170;20,71;9,03;-;-
10037;Daging babi, segar, pinggang, pinggang tengah, daging, lemak tanpa lemak yang dapat dipisahkan, dimasak, direbus;242;28,21;13,51;-;-
10038;Daging babi, segar, pinggang, pinggang tengah, daging, lemak tanpa lemak yang dapat dipisahkan, dimasak, dipanggang;209;25,61;11,06;-;-
10039;Daging babi, segar, pinggang, pinggang tengah, daging, lemak tanpa lemak yang dapat dipisahkan, dimasak, dipanggang;231;27,01;12,8;-;-
10040;Daging babi, segar, pinggang, pusat pinggang (daging), tulang-dalam, lean saja yang dapat dipisahkan, mentah;127;21,99;3,71;-;-
10041;Daging babi, segar, pinggang, pinggang tengah, daging pendek, ramping saja, dimasak, direbus;200;30,2;7,86;-;-
10042;Daging babi, segar, pinggang, pinggang tengah, daging pendek, ramping saja, dimasak, dipanggang;180;26,76;7,29;-;-
10043;Daging babi, segar, pinggang, pinggang tengah (panggang), bone-in, lean lean yang terpisah, dimasak, dipanggang;194;28,58;7,95;-;-
10044;Daging babi, segar, pinggang, iga tengah (daging atau daging panggang), tulang-dalam, lemak dan lemak terpisah, mentah;186;20,28;11,04;-;-
10045;Daging babi, segar, pinggang, iga tengah, daging, lemak tanpa lemak yang dapat dipisahkan, dimasak, direbus;261;26,66;16,28;-;-
10046;Daging babi, segar, pinggang, iga tengah, daging, lemak tanpa lemak yang dapat dipisahkan, dimasak, dipanggang;222;24,42;13,04;-;-
10047;Daging babi, segar, pinggang, iga tengah (panggang), tulang-dalam, lemak dan lemak terpisah, dimasak, dipanggang;248;26,99;14,68;-;-
10048;Daging babi, segar, pinggang, tulang rusuk tengah (daging atau daging panggang), tulang-dalam, hanya lean terpisah, mentah;136;21,79;4,8;-;-
10049;Daging babi, segar, pinggang, rusuk tengah (daging), tulang-dalam, hanya bisa terpisah, dimasak, direbus;208;29,03;9,32;-;-
10050;Daging babi, segar, pinggang, iga tengah (daging), tulang-dalam, hanya dapat dipisahkan tanpa lemak, dimasak, dipanggang;186;25,79;8,36;-;-
10051;Daging babi, segar, pinggang, iga tengah (panggang), tulang-dalam, hanya bisa dipisahkan tanpa lemak, dimasak, dipanggang;206;28,82;9,21;-;-
10052;Daging babi, segar, pinggang, sirloin (daging atau daging panggang), tulang-dalam, lemak dan lemak yang dapat dipisahkan, mentah;168;20,48;8,96;-;-
10053;Daging babi, segar, pinggang, sirloin (daging), tulang-dalam, lemak dan lemak terpisah, dimasak, direbus;234;28,81;12,31;-;-
10054;Daging babi, segar, pinggang, sirloin (daging), tulang-dalam, lemak dan lemak yang dapat dipisahkan, dimasak, dipanggang;222;26,96;11,82;-;-
10055;Daging babi, segar, pinggang, sirloin (daging panggang), tulang-dalam, lemak dan lemak terpisah, dimasak, dipanggang;230;26,64;12,87;-;-
10056;Daging babi, segar, pinggang, sirloin (daging atau daging panggang), tulang-dalam, hanya dapat dipisahkan tanpa lemak, mentah;129;21,65;4,02;-;-
10057;Daging babi, segar, pinggang, sirloin (daging), tulang-dalam, hanya dapat dipisahkan tanpa lemak, dimasak, direbus;195;31;6,9;-;-
10058;Daging babi, segar, pinggang, sirloin (daging), tulang-dalam, hanya dapat dipisahkan tanpa lemak, dimasak, dipanggang;174;29,29;5,45;-;-
10059;Daging babi, segar, pinggang, sirloin (daging panggang), tulang-dalam, hanya dapat dipisahkan tanpa lemak, dimasak, dipanggang;204;27,78;9,44;-;-
10060;Daging babi, segar, pinggang, tenderloin, hanya bisa dipisahkan tanpa lemak, mentah;109;20,95;2,17;-;-
10061;Daging babi, segar, pinggang, tenderloin, hanya bisa dipisahkan tanpa lemak, dimasak, dipanggang;143;26,17;3,51;-;-
10062;Daging babi, segar, pinggang, pinggang atas, daging tanpa tulang, lemak dan lemak yang dapat dipisahkan, mentah;155;21,55;6,94;-;-
10063;Daging babi, segar, pinggang, pinggang atas (daging), tanpa tulang, lemak dan lemak terpisah, dimasak, direbus;200;29,2;8,31;-;-
10064;Daging babi, segar, pinggang, pinggang atas (daging), tanpa tulang, lemak dan lemak terpisah, dimasak, dipanggang;196;26,62;9,14;-;-
10065;Daging babi, segar, pinggang, pinggang atas (panggang), tanpa tulang, lemak dan lemak terpisah, dimasak, dipanggang;192;26,45;8,82;-;-
10066;Daging babi, segar, pinggang, pinggang atas (daging), tanpa tulang, hanya bisa dipisahkan tanpa lemak, mentah;127;22,41;3,42;-;-
10067;Daging babi, segar, pinggang, pinggang atas (daging), tanpa tulang, hanya bisa dipisahkan tanpa lemak, dimasak, direbus;170;30,54;4,34;-;-
10068;Daging babi, segar, pinggang, pinggang atas (daging), tanpa tulang, hanya bisa dipisahkan tanpa lemak, dimasak, dipanggang;173;27,58;6,08;-;-
10069;Daging babi, segar, pinggang, pinggang atas (panggang), tanpa tulang, hanya dapat dipisahkan tanpa lemak, dimasak, dipanggang;173;27,23;6,28;-;-
10070;Daging babi, segar, bahu, utuh, dapat dipisahkan lemak dan lemak, mentah;236;17,18;17,99;-;-
10071;Daging babi, segar, bahu, utuh, dapat dipisahkan lemak dan lemaknya, dimasak, dipanggang;292;23,28;21,39;-;-
10072;Daging babi, segar, bahu, utuh, hanya bisa dipisah, mentah;148;19,55;7,14;-;-
10073;Daging babi, segar, bahu, utuh, hanya bisa dipisah, dimasak, dipanggang;230;25,33;13,54;-;-
10074;Babi, segar, bahu, piknik lengan, dapat dipisahkan lemak dan lemak, mentah;193;18,71;12,51;-;-
10075;Babi, segar, bahu, piknik lengan, dapat dipisahkan lemak dan lemaknya, dimasak, direbus;235;24,88;14,33;-;-
10076;Babi, segar, bahu, piknik lengan, dapat dipisahkan lemak dan lemaknya, dimasak, dipanggang;317;23,47;24,01;-;-
10077;Daging babi, segar, bahu, piknik lengan, hanya bisa dipisah, mentah;120;20,26;3,77;-;-
10078;Daging babi, segar, bahu, piknik lengan, hanya bisa dipisah, dimasak, direbus;194;26,76;8,87;-;-
10079;Babi, segar, bahu, piknik lengan, hanya bisa dipisah-pisahkan, dimasak, dipanggang;228;26,68;12,62;-;-
10080;Babi, segar, bahu, (pantat Boston), bilah (steak), ramping dan lemak terpisah, mentah;186;17,42;12,36;-;-
10081;Daging babi, segar, bahu, (pantat Boston), bilah (steak), lemak dan lemak yang dapat dipisahkan, dimasak, direbus;267;25,07;17,69;-;-
10082;Daging babi, segar, bahu, bilah, boston (steak), dapat dipisahkan lemak dan lemaknya, dimasak, dipanggang;259;25,58;16,61;-;-
10083;Daging babi, segar, bahu, bilah, boston (dipanggang), dapat dipisahkan lemak dan lemaknya, dimasak, dipanggang;269;23,11;18,86;-;-
10084;Daging babi, segar, bahu, (pantat Boston), bilah (steak), hanya dapat dipisahkan tanpa lemak, mentah;132;18,73;5,71;-;-
10085;Daging babi, segar, pundak, (pantat Boston), bilah (steak), hanya bersandar tanpa lemak, dimasak, direbus;233;26,57;13,2;-;-
10086;Daging babi, segar, bahu, bilah, boston (steik), hanya bisa dipisahkan tanpa lemak, dimasak, dipanggang;227;26,74;12,54;-;-
10087;Daging babi, segar, bahu, bilah, boston (daging panggang), hanya daging yang dapat dipisah, dimasak, dipanggang;232;24,21;14,3;-;-
10088;Daging babi, segar, sparerib, dapat dipisahkan lemak dan lemaknya, mentah;277;15,47;23,4;-;-
10089;Daging babi, segar, sparerib, dapat dipisahkan lemak dan lemaknya, dimasak, direbus;397;29,06;30,3;-;-
10093;Daging babi, segar, komposit dari potongan eceran yang dipotong (kaki, pinggang, dan bahu), hanya lean yang dapat dipisahkan, dimasak;201;27,51;9,21;-;-
10094;Daging babi, segar, pinggang, tengah pinggang (daging), tanpa tulang, hanya bisa dipisahkan tanpa lemak, mentah;123;23,75;3,09;-;-
10096;Daging babi, segar, aneka daging dan produk sampingan, otak, mentah;127;10,28;9,21;-;-
10097;Daging babi, segar, aneka daging dan produk sampingan, otak, dimasak, direbus;138;12,14;9,51;-;-
10098;Daging babi, segar, aneka daging dan produk sampingan, chitterling, mentah;182;7,64;16,61;-;-
10099;Daging babi, segar, aneka daging dan produk sampingan, chitterling, dimasak, dididihkan;233;12,49;20,32;-;-
10100;Daging babi, segar, aneka daging dan produk sampingan, telinga, beku, mentah;234;22,45;15,1;0,6;-
10101;Daging babi, segar, aneka daging dan produk sampingan, telinga, beku, dimasak, dididihkan;166;15,95;10,8;0,2;-
10102;Daging babi, segar, aneka daging dan produk sampingan, kaki, mentah;212;23,16;12,59;-;-
10103;Daging babi, segar, aneka daging dan produk sampingan, jantung, mentah;118;17,27;4,36;1,33;-
10104;Daging babi, segar, aneka daging dan produk sampingan, jantung, dimasak, direbus;148;23,6;5,05;0,4;-
10105;Daging babi, segar, aneka daging dan produk sampingan, jowl, mentah;655;6,38;69,61;-;-
10106;Daging babi, segar, aneka daging dan produk sampingan, ginjal, mentah;100;16,46;3,25;-;-
10107;Daging babi, segar, aneka daging dan produk sampingan, ginjal, dimasak, direbus;151;25,4;4,7;-;-
10109;Daging babi, segar, aneka daging dan produk sampingan, lemak daun, mentah;857;1,76;94,16;-;-
10110;Daging babi, segar, aneka daging dan produk sampingan, hati, mentah;134;21,39;3,65;2,47;-
10111;Daging babi, segar, aneka daging dan produk sampingan, hati, dimasak, direbus;165;26,02;4,4;3,76;-
10112;Daging babi, segar, aneka daging dan produk sampingan, paru-paru, mentah;85;14,08;2,72;-;-
10113;Daging babi, segar, aneka daging dan produk sampingan, paru-paru, dimasak, direbus;99;16,6;3,1;-;-
10114;Daging babi, segar, aneka daging dan produk sampingan, dipisahkan secara mekanis, mentah;304;15,03;26,54;-;-
10115;Daging babi, segar, aneka daging dan produk sampingan, pankreas, mentah;199;18,56;13,24;-;-
10116;Daging babi, segar, aneka daging dan produk sampingan, pankreas, dimasak, direbus;219;28,5;10,8;-;-
10117;Daging babi, segar, aneka daging dan produk sampingan, limpa, mentah;100;17,86;2,59;-;-
10118;Daging babi, segar, aneka daging dan produk sampingan, limpa, dimasak, direbus;149;28,2;3,2;-;-
10119;Daging babi, segar, aneka daging dan produk sampingan, lambung, mentah;159;16,85;10,14;-;-
10120;Daging babi, segar, pinggang, pisau (chops), tulang-in, hanya dapat dipisahkan tanpa lemak, dimasak, digoreng;222;26,38;12,14;-;-
10121;Daging babi, segar, aneka daging dan produk sampingan, lidah, mentah;225;16,3;17,2;-;-
10122;Daging babi, segar, aneka daging dan produk sampingan, lidah, dimasak, direbus;271;24,1;18,6;-;-
10123;Daging babi, diawetkan, bacon, tidak siap;417;12,62;39,69;1,28;-
10128;Babi, diawetkan, potongan sarapan, mentah atau tidak dipanaskan;388;11,74;37,16;0,7;-
10130;Daging Kanada, tidak siap;110;20,31;2,62;1,34;-
10132;Daging babi, diawetkan, kaki, acar;140;11,63;10,02;0,01;-
10134;Daging babi, diawetkan, ham, tanpa tulang, ekstra ramping (sekitar 5% lemak), dipanggang;145;20,93;5,53;1,5;-
10136;Daging babi, diawetkan, ham, tanpa tulang, teratur (sekitar 11% lemak), dipanggang;178;22,62;9,02;-;-
10137;Daging babi, diawetkan, ham, ekstra ramping (sekitar 4% lemak), kalengan, tidak dipanaskan;120;18,49;4,56;-;-
10138;Daging babi, diawetkan, ham, ekstra ramping (sekitar 4% lemak), kalengan, dipanggang;136;21,16;4,88;0,52;-
10140;Daging babi, diawetkan, ham, teratur (sekitar 13% lemak), kalengan, dipanggang;226;20,53;15,2;0,42;-
10141;Daging babi, diawetkan, ham, irisan tengah, gaya country, hanya lean terpisah, mentah;195;27,8;8,32;0,3;-
10142;Daging babi, diawetkan, ham, irisan tengah, ramping dan lemak terpisah, tidak dipanaskan;203;20,17;12,9;0,05;-
10146;Daging babi, diawetkan, ham, roti, tidak dipanaskan;315;12,78;28,19;1,69;-
10149;Daging babi, diawetkan, ham, steak, tanpa tulang, lebih ramping, tidak dipanaskan;122;19,56;4,25;-;-
10150;Daging babi, diawetkan, ham, utuh, dapat dipisahkan lemak dan lemaknya, tidak dipanaskan;246;18,49;18,52;0,06;-
10152;Daging babi, diawetkan, ham, utuh, hanya bisa dipisah, tidak dipanaskan;147;22,32;5,71;0,05;-
10153;Daging babi, diawetkan, ham, utuh, hanya bisa dipisah, dipanggang;157;25,05;5,5;-;-
10158;Komoditas USDA, daging babi, kalengan;196;19,4;12,95;0,59;-
10163;Daging babi, segar, pinggang, pinggang tengah (tanpa tulang), tanpa tulang, tanpa lemak yang dapat dipisahkan, dimasak, ditumis;162;30,02;4,65;-;-
10164;Daging babi, segar, pinggang, pusat pinggang (daging), tanpa tulang, lemak dan lemak terpisah, mentah;201;21,14;12,96;-;-
10165;Babi, diawetkan, babi asin, mentah;748;5,05;80,5;-;-
10166;Daging babi, diawetkan, lemak terpisah (dari piknik ham dan lengan), tidak dipanaskan;579;5,68;61,41;0,09;-
10167;Daging babi, diawetkan, lemak terpisah (dari piknik ham dan lengan), dipanggang;591;7,64;61,86;-;-
10168;Daging babi, diawetkan, bahu, piknik lengan, dapat dipisahkan lemak dan lemaknya, dipanggang;280;20,43;21,35;-;-
10169;Babi, diawetkan, bahu, piknik lengan, hanya lean terpisah, dipanggang;170;24,94;7,04;-;-
10170;Daging babi, diawetkan, bahu, roll blade, ramping dan lemak terpisah, tidak dipanaskan;269;16,47;21,98;-;-
10171;Daging babi, diawetkan, bahu, roll blade, ramping dan lemak terpisah, dipanggang;287;17,28;23,48;0,37;-
10173;Daging babi, segar, aneka daging dan produk sampingan, kaki, dimasak, dididihkan;238;21,94;16,05;-;-
10174;Daging babi, segar, aneka daging dan produk sampingan, ekor, mentah;378;17,75;33,5;-;-
10175;Daging babi, segar, aneka daging dan produk sampingan, ekor, dimasak, direbus;396;17;35,8;-;-
10176;Daging babi, segar, pinggang, pinggang tengah, daging pendek, ramping tanpa lemak, dimasak, digoreng;195;29,56;7,66;-;-
10177;Daging babi, segar, pinggang, rusuk tengah (daging), tulang-dalam, hanya lean terpisah, dimasak, digoreng;211;28,84;9,73;-;-
10178;Daging babi, segar, pinggang, pisau (daging), tulang-dalam, lemak dan lemak terpisah, dimasak, digoreng;256;25,02;16,56;-;-
10179;Daging babi, segar, pinggang, pinggang tengah, daging, lemak tanpa lemak yang dapat dipisahkan, dimasak, digoreng;238;27,63;13,32;-;-
10180;Daging babi, segar, pinggang, iga tengah, daging, lemak tanpa lemak yang dapat dipisahkan, dimasak, digoreng;256;26,81;15,71;-;-
10181;Daging babi, segar, pinggang, pinggang atas (tanpa tulang), tanpa tulang, tanpa lemak yang dapat dipisahkan, dimasak, digoreng;172;30,46;4,62;-;-
10182;Daging babi, diawetkan, ham, tanpa tulang, ekstra ramping dan teratur, tidak dipanaskan;162;18,26;8,39;2,28;-
10183;Daging babi, diawetkan, ham, tanpa tulang, ekstra ramping dan teratur, dipanggang;165;21,97;7,66;0,5;-
10184;Daging babi, diawetkan, ham, ekstra ramping dan teratur, kaleng, tidak dipanaskan;144;17,97;7,46;-;-
10185;Daging babi, diawetkan, ham, ekstra ramping dan teratur, kalengan, dipanggang;167;20,94;8,43;0,49;-
10186;Daging babi, segar, pinggang, pinggang atas (tanpa tulang), tanpa tulang, daging dan lemak terpisah, dimasak, digoreng;196;29,36;7,86;-;-
10187;Daging babi, segar, komposit dari potongan ritel yang dipotong (kaki, pinggang, bahu, dan spareribs), ramping dan lemak terpisah, mentah;216;18,95;14,95;-;-
10188;Daging babi, segar, komposit dari potongan eceran yang dipotong (kaki, pinggang, bahu, dan sparerib), tanpa lemak dan lemak yang dapat dipisahkan, dimasak;238;26,36;13,89;-;-
10189;Daging babi, segar, pinggang, pinggang tengah, tanpa tulang, lemak dan lemak terpisah, dimasak, ditumis;229;26,68;13,6;-;-
10192;Daging babi, segar, backribs, dapat dipisahkan lemak dan lemak, mentah;224;19,07;16,33;-;-
10193;Daging babi, segar, backribs, dapat dipisahkan lemak dan lemaknya, dimasak, dipanggang;292;23,01;21,51;-;-
10194;Daging babi, segar, pinggang, iga tengah (daging atau daging panggang), tanpa tulang, ramping dan lemak terpisah, mentah;211;19,9;14,01;-;-
10195;Daging babi, segar, pinggang, rusuk tengah (daging), tanpa tulang, lemak dan lemak yang dapat dipisahkan, dimasak, direbus;255;26,29;15,79;-;-
10196;Daging babi, segar, pinggang, rusuk tengah (daging), tanpa tulang, lemak dan lemak yang dapat dipisahkan, dimasak, dipanggang;260;27,63;15,76;-;-
10197;Daging babi, segar, pinggang, iga tengah, tanpa tulang, tanpa lemak dan lemak terpisah, dimasak, digoreng;273;25,82;18,05;-;-
10198;Daging babi, segar, pinggang, iga tengah (panggang), tanpa tulang, lemak dan lemak yang dapat dipisahkan, dimasak, dipanggang;252;26,99;15,15;-;-
10199;Daging babi, segar, pinggang, tulang iga tengah (daging atau daging panggang), tanpa tulang, hanya bisa dipisahkan tanpa lemak, mentah;152;21,8;6,48;-;-
10200;Daging babi, segar, pinggang, rusuk tengah (daging), tanpa tulang, hanya dapat dipisahkan tanpa lemak, dimasak, direbus;211;27,95;10,14;-;-
10201;Daging babi, segar, pinggang, iga tengah (tanpa tulang), tanpa tulang, tanpa lemak yang dapat dipisahkan, dimasak, dipanggang;216;29,46;10,05;-;-
10202;Daging babi, segar, pinggang, tulang iga tengah, tanpa tulang, tanpa lemak yang dapat dipisahkan, dimasak, digoreng;224;27,68;11,8;-;-
10203;Daging babi, segar, pinggang, rusuk tengah (panggang), tanpa tulang, hanya bisa dipisahkan tanpa lemak, dimasak, dipanggang;214;28,81;10,13;-;-
10204;Daging babi, segar, pinggang, tulang rusuk bergaya country, ramping dan lemak terpisah, mentah;189;19,34;11,82;-;-
10205;Daging babi, segar, pinggang, tulang rusuk bergaya country, dapat dipisahkan lemak dan lemaknya, dimasak, direbus;273;26,49;17,71;-;-
10206;Daging babi, segar, pinggang, tulang rusuk bergaya country, tanpa lemak dan lemak yang dapat dipisahkan, tulang-dalam, dimasak, dipanggang;359;21,75;29,46;-;-
10207;Daging babi, segar, pinggang, tulang rusuk bergaya country, hanya ramping yang dapat dipisahkan, mentah;140;20,76;5,64;-;-
10208;Daging babi, segar, pinggang, tulang rusuk bergaya country, hanya dapat dipisahkan tanpa lemak, dimasak, direbus;247;27,74;14,26;-;-
10209;Daging babi, segar, pinggang, tulang rusuk bergaya country, hanya lean yang dapat dipisahkan, tulang-dalam, dimasak, dipanggang;227;29,2;11,38;-;-
10210;Daging babi, segar, pinggang, sirloin (daging atau daging panggang), tanpa tulang, lemak dan lemak terpisah, mentah;133;22,49;4,05;-;-
10211;Daging babi, segar, pinggang, sirloin (daging), tanpa tulang, lemak dan lemak terpisah, dimasak, direbus;171;28,41;5,47;-;-
10212;Daging babi, segar, pinggang, sirloin (tanpa tulang), tanpa tulang, daging dan lemak terpisah, dimasak, dipanggang;170;28,19;5,53;-;-
10213;Daging babi, segar, pinggang, sirloin (panggang), tanpa tulang, lemak dan lemak yang dapat dipisahkan, dimasak, dipanggang;192;29,62;7,32;-;-
10214;Daging babi, segar, pinggang, sirloin (daging atau daging panggang), tanpa tulang, hanya bisa dipisahkan tanpa lemak, mentah;121;22,81;2,59;-;-
10215;Daging babi, segar, pinggang, sirloin (daging), tanpa tulang, tanpa lemak, dimasak, direbus;163;28,75;4,5;-;-
10216;Daging babi, segar, pinggang, sirloin (daging), tanpa tulang, hanya dapat dipisahkan tanpa lemak, dimasak, dipanggang;161;28,6;4,36;-;-
10217;Daging babi, segar, pinggang, sirloin (daging panggang), tanpa tulang, hanya bisa dipisahkan tanpa lemak, dimasak, dipanggang;178;30,39;5,31;-;-
10218;Daging babi, segar, pinggang, tenderloin, dapat dipisahkan lemak dan lemak, mentah;120;20,65;3,53;-;-
10219;Daging babi, segar, ditumbuk, mentah;263;16,88;21,19;-;-
10220;Daging babi, segar, ditumbuk, dimasak;297;25,69;20,77;-;-
10221;Daging babi, segar, pinggang, tenderloin, dapat dipisahkan lemak dan lemaknya, dimasak, dipanggang;201;29,86;8,11;-;-
10222;Daging babi, segar, pinggang, tenderloin, dapat dipisahkan lemak dan lemaknya, dimasak, dipanggang;147;26,04;3,96;-;-
10223;Daging babi, segar, pinggang, tenderloin, hanya dapat dipisahkan tanpa lemak, dimasak, dipanggang;187;30,42;6,33;-;-
10224;Daging babi, segar, pinggang, pinggang atas (panggang), tanpa tulang, lemak dan lemak terpisah, mentah;166;21,34;8,33;-;-
10225;Daging babi, segar, pinggang, pinggang atas (panggang), tanpa tulang, hanya bisa dipisahkan tanpa lemak, mentah;132;22,39;4,06;-;-
10226;Daging babi, segar, komposit dari potongan ritel yang dipangkas (pinggang dan tulang belikat), ramping dan lemak yang dapat dipisahkan, mentah;177;20,08;10,14;-;-
10227;Daging babi, segar, komposit dari potongan eceran yang dipangkas (pinggang dan tulang belikat), tanpa lemak dan lemak yang dapat dipisahkan, dimasak;235;26,07;13,66;-;-
10228;Daging babi, segar, komposit dari potongan ritel yang dipotong (loin dan tulang belikat), hanya lean yang dapat dipisahkan, mentah;144;21,23;5,88;-;-
10229;Daging babi, segar, komposit dari potongan ritel yang dipotong (loin dan tulang belikat), hanya lean yang dapat dipisahkan, dimasak;211;29,47;9,44;-;-
10802;Komoditas USDA, daging babi, diawetkan, ham, tanpa tulang, dimasak, dipanaskan;149;18,84;7,62;-;-
10803;Komoditas USDA, daging babi, tanah, halus / kasar, beku, dimasak;265;23,55;18,19;-;-
10804;Komoditas USDA, daging babi, diawetkan, ham, tanpa tulang, dimasak, tidak dipanaskan;133;17,44;6,16;0,69;-
10805;Komoditas USDA, daging babi, tanah, halus / kasar, beku, mentah;221;15,41;17,18;-;-
10851;Hormel, Cure 81 Ham;106;18,43;3,59;0,21;-
10852;Hormel Selalu Tender, Tenderloin Babi, Teriyaki-Flavoured;119;18,2;3,07;4,63;-
10853;Hormel Selalu Tender, Tenderloin Babi, Rasa Lada;110;17,21;3,8;1,82;-
10854;Hormel Selalu Tender, Filet Pork Loin, Lemon Bawang Putih;118;17,83;4,16;1,79;-
10855;Hormel Selalu Tender, Center Cut Chops, Babi Segar;167;18,74;9,62;0,84;-
10856;Hormel Selalu Tender, Loin Babi Tanpa Babi, Babi Segar;145;19,02;7,18;0,76;-
10857;Hormel Gaya Kanada Bacon;122;16,88;4,94;1,87;-
10858;Daging babi, segar, pinggang, pinggang atas (tanpa tulang), tanpa tulang, lebih baik, hanya bisa dipisahkan tanpa lemak, dimasak, ditumis;169;28,95;5;-;-
10859;Daging babi, segar, pinggang, pinggang atas, daging tanpa tulang, lebih baik, lemak dan lemak terpisah, dimasak, ditumis;190;28,35;7,66;-;-
10860;Daging babi, diawetkan, bacon, dimasak, dipanggang;548;35,73;43,27;1,35;-
10861;Daging babi, diawetkan, bacon, dimasak, microwave;476;39,01;34,12;0,48;-
10862;Daging babi, diawetkan, bacon, pra-iris, dimasak, digoreng;468;33,92;35,09;1,7;-
10863;Daging babi, segar, aneka daging dan produk sampingan, perut, dimasak, dididihkan;157;21,4;7,26;0,09;-
10864;Daging babi, daging asap, lemak yang diberikan, dimasak;898;0,07;99,5;-;-
10865;Daging babi, diawetkan, ham - air ditambahkan, pantat, tulang-in, hanya bersandar terpisah, dipanaskan, dipanggang;121;21,41;3,56;0,87;-
10866;Daging babi, diawetkan, ham - air ditambahkan, pantat, tulang-in, hanya bersandar terpisah, tidak dipanaskan;95;15,43;3,48;0,67;-
10867;Daging babi, diawetkan, ham - air ditambahkan, betis, tulang-in, hanya bersandar terpisah, dipanaskan, dipanggang;128;20,92;4,43;1,2;-
10868;Daging babi, diawetkan, ham - air ditambahkan, iris, tulang-dalam, hanya lean terpisah, dipanaskan, pan-broil;131;22,04;4,3;1,48;-
10869;Daging babi, diawetkan, ham dan produk air, irisan, bone-in, lean lean terpisah, dipanaskan, pan-broil;122;20,9;3,63;1,35;-
10870;Daging babi, diawetkan, ham dan produk air, irisan, tanpa tulang, hanya bersandar ramping, dipanaskan, wajan;123;15,09;5,06;4,69;-
10871;Daging babi, diawetkan, produk ham dan air, utuh, tanpa tulang, hanya lean terpisah, dipanaskan, dipanggang;123;13,88;5,46;4,61;-
10872;Daging babi, diawetkan, produk ham dan air, utuh, tanpa tulang, hanya lean saja, tidak dipanaskan;116;14,07;4,86;4,22;-
10873;Daging babi, diawetkan, ham dengan jus alami, pantat, tulang-in, hanya bersandar ramping, dipanaskan, dipanggang;137;24,14;4,25;0,48;-
10874;Daging babi, diawetkan, ham dengan jus alami, betis, tulang-in, hanya bersandar terpisah, dipanaskan, dipanggang;145;24,95;4,97;0,34;-
10875;Daging babi, diawetkan, ham dengan jus alami, irisan, tulang-in, hanya lean terpisah, dipanaskan, pan-broil;150;27,75;4,38;-;-
10876;Daging babi, diawetkan, ham dengan jus alami, irisan spiral, hanya daging, tanpa tulang, hanya dapat dipisahkan tanpa lemak, dipanaskan, dipanggang;126;22,56;3,78;1,08;-
10877;Daging babi, diawetkan, ham dan produk air, pantat, tulang-in, hanya lean terpisah, dipanaskan, dipanggang;131;21,28;4,7;1,15;-
10878;Daging babi, diawetkan, ham - air ditambahkan, iris, tanpa tulang, hanya bersandar tanpa lemak, dipanaskan, wajan;119;18,82;4,09;1,75;-
10879;Daging babi, diawetkan, ditambahkan air ham, utuh, tanpa tulang, hanya bisa dipisahkan tanpa lemak, dipanaskan, dipanggang;117;17,99;4,39;1,57;-
10880;Daging babi, diawetkan, ditambahkan air ham, utuh, tanpa tulang, hanya bisa dipisahkan tanpa lemak, tidak dipanaskan;110;17,34;3,97;1,45;-
10881;Daging babi, diawetkan, produk ham dan air, betis, tulang-in, hanya lean terpisah, dipanaskan, dipanggang;132;21,69;4,45;1,26;-
10882;Daging babi, diawetkan, ham dengan jus alami, irisan, tanpa tulang, hanya bersandar terpisah, dipanaskan, pan-broil;116;20,95;3,16;1,05;-
10883;Daging babi, diawetkan, ham dengan jus alami, utuh, tanpa tulang, hanya bersandar tanpa lemak, dipanaskan, dipanggang;113;20,57;3,01;0,84;-
10884;Daging babi, diawetkan, ham dengan jus alami, utuh, tanpa tulang, hanya bersandar tanpa lemak, tidak dipanaskan;111;19,44;3,21;1,03;-
10885;Daging babi, diawetkan, ham - air ditambahkan, betis, tulang-in, hanya bersandar terpisah, tidak dipanaskan;91;18,65;1,87;0,71;-
10886;Daging babi, diawetkan, ham - air ditambahkan, iris, tulang-in, hanya dapat dipisahkan tanpa lemak, tidak dipanaskan;95;17,38;2,29;1,23;-
10887;Daging babi, produk yang diawetkan, ham dan air, pantat, tulang-dalam, lean saja yang dapat dipisahkan, tidak dipanaskan;107;17,93;3,38;1,24;-
10888;Daging babi, diawetkan, ham dan produk air, irisan, tulang-in, hanya lean terpisah, tidak dipanaskan;103;14,47;3,78;2,82;-
10889;Daging babi, diawetkan, produk ham dan air, betis, tulang-in, tidak dipanaskan, lean hanya dipisahkan;113;17,53;4,18;1,2;-
10890;Daging babi, diawetkan, ham dengan jus alami, pantat, tulang-in, ramping saja, tidak dipanaskan;122;22,71;3,47;0,43;-
10891;Daging babi, diawetkan, ham dengan jus alami, betis, tulang-in, ramping saja, tidak dipanaskan;130;25,11;3,33;0,3;-
10892;Daging babi, diawetkan, ham dengan jus alami, irisan, tulang-in, hanya bersandar ramping, tidak dipanaskan;123;24,34;2,87;-;-
10893;Daging babi, diawetkan, ham dengan jus alami, irisan spiral, tanpa tulang, hanya bisa dipisahkan tanpa lemak, tidak dipanaskan;109;19,25;3,26;1,22;-
10894;Daging babi, diawetkan, ham, lemak terpisah, tanpa tulang, dipanaskan;507;8,77;51,57;2;-
10895;Daging babi, diawetkan, ham, lemak terpisah, tanpa tulang, tidak dipanaskan;515;7,5;53;1,87;-
10898;Babi, acar hocks babi;171;19,11;10,54;-;-
10899;Daging babi, diawetkan, ham, irisan, tulang-in, hanya lean terpisah, dipanaskan, pan-broil;148;27,18;4,09;0,74;-
10900;Daging babi, diawetkan, ham dengan jus alami, utuh, tanpa tulang, lemak dan lemak terpisah, tidak dipanaskan;112;19,38;3,43;1,02;-
10901;Daging babi, diawetkan, ham dengan jus alami, irisan spiral, tanpa tulang, ramping dan lemak terpisah, tidak dipanaskan;129;18,66;5,75;1,18;-
10902;Daging babi, diawetkan, ham dengan jus alami, irisan, tulang-in, lemak dan lemak terpisah, tidak dipanaskan;159;22,82;7,4;0,17;-
10903;Daging babi, diawetkan, ham dengan jus alami, betis, tulang-in, lemak dan lemak terpisah, tidak dipanaskan;191;22,35;11,11;0,32;-
10904;Daging babi, diawetkan, ham dengan jus alami, pantat, tulang-in, lemak dan lemak terpisah, tidak dipanaskan;200;19,7;13,26;0,43;-
10905;Daging babi, diawetkan, produk ham dan air, utuh, tanpa tulang, lemak dan lemak terpisah, tidak dipanaskan;117;14,05;4,99;4,21;-
10906;Daging babi, diawetkan, ham dan produk air, irisan, tulang-in, lemak dan lemak terpisah, tidak dipanaskan;149;13,69;9,29;2,72;-
10907;Daging babi, diawetkan, produk ham dan air, betis, tulang-dalam, lemak dan lemak terpisah, tidak dipanaskan;243;14,28;20;1,42;-
10908;Daging babi, diawetkan, ham dan produk air, pantat, tulang-in, lemak dan lemak terpisah, tidak dipanaskan;179;16,09;12,13;1,35;-
10909;Daging babi, diawetkan, ditambahkan air ham, utuh, tanpa tulang, lemak dan lemak terpisah, tidak dipanaskan;121;17,06;5,38;1,42;-
10910;Daging babi, diawetkan, ham - air ditambahkan, iris, tulang-dalam, lemak dan lemak terpisah, tidak dipanaskan;164;15,73;10,77;1,1;-
10911;Daging babi, diawetkan, ham - air ditambahkan, betis, tulang-dalam, lemak dan lemak terpisah, tidak dipanaskan;167;16,65;11,02;0,66;-
10912;Daging babi, diawetkan, ham - air ditambahkan, pantat, tulang-in, lemak dan lemak terpisah, tidak dipanaskan;172;13,99;12,5;0,8;-
10913;Daging babi, diawetkan, ham - air ditambahkan, pantat, tulang-in, lemak dan lemak terpisah, dipanaskan, dipanggang;161;20,1;8,56;0,99;-
10914;Daging babi, diawetkan, ham - air ditambahkan, betis, tulang-dalam, lemak dan lemak terpisah, dipanaskan, dipanggang;200;18,62;13,37;1,35;-
10915;Daging babi, diawetkan, ham - air ditambahkan, iris, tulang-dalam, lemak dan lemak terpisah, dipanaskan, pan-broil;166;20,8;8,73;1,54;-
10916;Daging babi, diawetkan, ham - air ditambahkan, iris, tanpa tulang, lemak dan lemak terpisah, dipanaskan, pan-broil;125;18,62;5,05;1,72;-
10917;Daging babi, diawetkan, ditambahkan air ham, utuh, tanpa tulang, lemak dan lemak terpisah, dipanaskan, dipanggang;126;17,77;5,48;1,54;-
10918;Daging babi, diawetkan, ham dan produk air, pantat, tulang-in, lemak dan lemak terpisah, dipanaskan, dipanggang;186;19,46;11,48;1,15;-
10919;Daging babi, diawetkan, ham dan produk air, betis, tulang-in, lemak dan lemak terpisah, dipanaskan, dipanggang;234;18,17;17,29;1,42;-
10920;Daging babi, diawetkan, ham dan produk air, irisan, tulang-in, lemak dan lemak terpisah, dipanaskan, pan-broil;155;19,85;7,78;1,41;-
10921;Daging babi, diawetkan, ham dan produk air, irisan, tanpa tulang, lemak dan lemak terpisah, dipanaskan, pan-broil;124;15,08;5,13;4,69;-
10922;Daging babi, diawetkan, produk ham dan air, utuh, tanpa tulang, lemak dan lemak terpisah, dipanaskan, dipanggang;123;13,88;5,46;4,61;-
10923;Daging babi, diawetkan, ham dengan jus alami, pantat, tulang-in, lemak dan lemak terpisah, dipanaskan, dipanggang;177;22,47;9,39;0,6;-
10924;Daging babi, diawetkan, ham dengan jus alami, betis, bone-in, lemak dan lemak terpisah, dipanaskan, dipanggang;191;22,88;10,93;0,33;-
10925;Daging babi, diawetkan, ham dengan jus alami, irisan, tulang-in, lemak dan lemak terpisah, dipanaskan, pan-broil;180;26,18;8,28;0,17;-
10926;Daging babi, diawetkan, ham dengan jus alami, irisan, tanpa tulang, lemak dan lemak terpisah, dipanaskan, pan-broil;118;20,89;3,4;1,04;-
10927;Daging babi, diawetkan, ham dengan jus alami, irisan spiral, tanpa tulang, lemak dan lemak terpisah, dipanaskan, dipanggang;139;22,18;5,1;1,06;-
10928;Daging babi, diawetkan, ham dengan jus alami, utuh, tanpa tulang, lemak dan lemak terpisah, dipanaskan, dipanggang;114;20,54;3,13;0,84;-
10929;Daging babi, diawetkan, ham, pantat, tulang-in, lemak dan terpisah, dipanaskan, dipanggang;177;23,95;8,88;0,64;-
10931;Daging babi, diawetkan, ham, pantat, tulang-in, hanya lean terpisah, dipanaskan, dipanggang;132;26,02;3,07;0,68;-
10932;Daging babi, diawetkan, ham, pantat, tulang-in, hanya dapat dipisahkan ramping, tidak dipanaskan;125;24,46;2,92;0,32;-
10933;Daging babi, diawetkan, ham, betis, tulang-in, hanya lean terpisah, dipanaskan, dipanggang;139;26,49;3,68;0,68;-
10934;Daging babi, diawetkan, ham, betis, tulang-dalam, lean terpisah saja, tidak dipanaskan;125;23,79;3,19;0,18;-
10935;Daging babi, diawetkan, ham, betis, tulang-dalam, ramping dan lemak terpisah, dipanaskan, dipanggang;191;24,39;9,35;0,64;-
10936;Daging babi, diawetkan, ham, betis, tulang-dalam, lemak dan lemak terpisah, tidak dipanaskan;177;21,61;9,85;0,41;-
10937;Daging babi, diawetkan, ham, irisan, tulang-in, lemak dan terpisah, dipanaskan, pan-broil;181;25,48;8,48;0,7;-
10938;Daging babi, diawetkan, ham, irisan, tulang-in, hanya bisa dipisahkan tanpa lemak, tidak dipanaskan;130;24,36;3,59;-;-
10939;Daging babi, diawetkan, ham, irisan, tulang-in, lemak dan lemak terpisah, tidak dipanaskan;173;22,45;9,17;0,21;-
10940;Daging babi, segar, sparerib, dapat dipisahkan lemak dan lemaknya, dimasak, dipanggang;361;20,89;30,86;-;-
10942;Daging babi, segar, ditingkatkan, komposit dari lemak yang dapat dipisahkan, mentah;508;9,27;52,33;-;-
10943;Daging babi, segar, lebih baik, pinggang, tenderloin, hanya dapat dipisahkan tanpa lemak, dimasak, dipanggang;116;21,61;3,15;0,31;-
10944;Daging babi, segar, lebih baik, pinggang, tenderloin, hanya bisa dipisahkan tanpa lemak, mentah;106;20,39;2,09;-;-
10945;Daging babi, segar, lebih baik, bahu, (pantat Boston), bilah (steak), hanya lean leanable, dimasak, direbus;227;27,58;12,14;-;-
10946;Daging babi, segar, lebih baik, bahu, (pantat Boston), bilah (steak), hanya lean terpisah, mentah;122;18,29;5,36;0,18;-
10947;Daging babi, segar, disempurnakan, pinggang, pinggang atas (tanpa tulang), tanpa tulang, hanya dapat dipisahkan tanpa lemak, dimasak, dipanggang;170;29,65;5,73;-;-
10948;Daging babi, segar, ditingkatkan, pinggang, atas pinggang (tanpa tulang), tanpa tulang, hanya dapat dipisahkan tanpa lemak, mentah;117;21,09;3,48;0,22;-
10949;Daging babi, segar, lebih tinggi, pinggang, pinggang atas (daging), tanpa tulang, lemak dan lemak yang dapat dipisahkan, mentah;171;19,45;10,26;-;-
10950;Daging babi, segar, disempurnakan, pinggang, pinggang atas (daging), tanpa tulang, lemak dan lemak terpisah, dimasak, dipanggang;198;28,33;9,42;0,02;-
10951;Daging babi, segar, lebih baik, pinggang, tenderloin, ramping dan lemak terpisah, mentah;114;20,16;3,14;-;-
10952;Daging babi, segar, lebih tinggi, pinggang, tenderloin, lemak tanpa lemak yang dapat dipisahkan, dimasak, dipanggang;121;21,5;3,7;0,31;-
10953;Daging babi, segar, ditingkatkan, bahu, (pantat Boston), pisau (steak), ramping dan lemak terpisah, mentah;169;17,19;11,12;0,16;-
10954;Daging babi, segar, ditingkatkan, bahu, (pantat Boston), pisau (steak), lemak dan lemak yang dapat dipisahkan, dimasak, direbus;263;25,84;16,94;0,03;-
10955;Daging babi, diawetkan, ham, pantat, tulang-in, lemak dan lemak terpisah, tidak dipanaskan;176;22,27;9,38;0,52;-
10956;Babi, pinggang, steak tutup kaki, tanpa tulang, lemak dan lemak yang dapat dipisahkan, dimasak, dipanggang;158;27,57;4,41;-;-
10957;Babi, Leg Cap Steak, tanpa tulang, ramping dan lemak terpisah, mentah;123;21,64;3,39;-;-
10958;Babi, dada bahu, tanpa tulang, ramping dan lemak terpisah, mentah;127;22,54;3,4;-;-
10959;Babi, dada bahu, tanpa tulang, ramping dan lemak terpisah, dimasak, dipanggang;162;28,47;4,49;-;-
10960;Daging babi, bahu, empuk mungil, tanpa tulang, dapat dipisahkan lemak dan lemaknya, dimasak, dipanggang;155;27,47;4,23;-;-
10961;Babi, Bahu mungil empuk, tanpa tulang, ramping dan lemak terpisah, mentah;128;21,65;3,91;-;-
10962;Daging babi, Leg sirloin ujung panggang, tanpa tulang, lemak dan lemak terpisah, dimasak, direbus;156;31,11;2,56;-;-
10963;Daging babi, Panggang ujung sirloin panggang, tanpa tulang, ramping dan lemak terpisah, mentah;113;22,88;1,71;-;-
10972;Daging babi, tanah, 84% kurus / 16% lemak, mentah;218;17,99;16;0,44;-
10973;Daging babi, digiling, 96% kurus / 4% lemak, mentah;121;21,1;4;0,21;-
10974;Daging babi, digiling, 72% kurus / 28% lemak, matang, remuk;393;22,83;32,93;1,39;-
10975;Daging babi, tanah, 84% kurus / 16% lemak, matang, remuk;289;26,69;20,04;0,58;-
10976;Daging babi, digiling, 96% kurus / 4% lemak, matang, remuk;187;30,55;7,15;-;-
10977;Daging babi, digiling, 72% kurus / 28% lemak, dimasak, ditumis;377;22,59;31,42;1,08;-
10978;Daging babi, digiling, 84% kurus / 16% lemak, dimasak, ditumis;301;27,14;21,39;-;-
10979;Daging babi, digiling, 96% kurus / 4% lemak, dimasak, ditumis;185;31,69;6,2;0,57;-
10980;Babi pinggang, segar, backribs, tulang-in, mentah, ramping saja;172;20,85;9,84;-;-
10981;Pork pinggang, segar, backribs, tulang-in, matang-panggang, ramping saja;255;24,15;17,65;-;-
10982;Daging babi, segar, pinggang, bilah (daging atau daging panggang), tanpa tulang, hanya bisa dipisahkan tanpa lemak, mentah;123;21,35;3,78;0,82;-
10983;Daging babi, segar, pinggang, bilah (panggang), tanpa tulang, hanya bisa dipisah-pisahkan, dimasak, dipanggang;175;27,58;7,14;-;-
10984;Daging babi, segar, pinggang, pisau (tanpa tulang), tanpa tulang, hanya dapat dipisahkan tanpa tulang, tanpa tulang, dimasak, dipanggang;169;26,14;6,74;0,89;-
10985;Daging babi, segar, pinggang, tulang rusuk bergaya country, hanya dapat dipisahkan tanpa tulang, tanpa tulang, dimasak, dipanggang;216;27,83;11,65;-;-
10986;Daging babi, segar, pinggang, tulang rusuk bergaya country, hanya dapat dipisahkan tanpa lemak, tulang-dalam, dimasak, dipanggang;216;27,83;11,65;-;-
10987;Daging babi, segar, pinggang, tulang rusuk bergaya country, hanya dapat dipisahkan tanpa tulang, tanpa tulang, dimasak, dipanggang;219;29,2;11,38;-;-
10988;Daging babi, segar, bilah, (daging), tanpa tulang, lemak dan lemak yang dapat dipisahkan, dimasak, dipanggang;202;24,73;11,13;0,83;-
10989;Daging babi, segar, pinggang, bilah (daging atau daging panggang), tanpa tulang, ramping dan lemak saja, mentah;157;20,54;7,94;0,76;-
10990;Daging babi, segar, pinggang, bilah (panggang), tanpa tulang, tanpa lemak, dapat dipisahkan, dimasak, dipanggang;199;26,48;10,32;-;-
10991;Daging babi, segar, pinggang, tulang rusuk bergaya country, dapat dipisahkan lemak dan lemaknya, tanpa tulang, dimasak, dipanggang;247;26,28;15,73;-;-
10992;Daging babi, segar, pinggang, tulang rusuk bergaya country, tanpa lemak dan lemak yang dapat dipisahkan, tulang-dalam, dimasak, dipanggang;260;25,58;17,56;-;-
10993;Daging babi, segar, pinggang, iga bergaya country, tanpa lemak dan tanpa lemak, tanpa tulang, dimasak, dipanggang;270;26,4;18,31;-;-
10994;Bacon, pra-diiris, dikurangi / rendah sodium, tidak siap;407;12,53;39,27;0,83;-
10998;Daging asap Kanada, dimasak, digoreng;146;28,31;2,78;1,8;-
11001;Biji Alfalfa, kecambah, mentah;23;3,99;0,69;2,1;1,9
11003;Daun bayam, mentah;23;2,46;0,33;4,02;-
11004;Daun bayam, dimasak, direbus, dikeringkan, tanpa garam;21;2,11;0,18;4,11;-
11005;Arrowhead, mentah;99;5,33;0,29;20,23;-
11006;Arrowhead, dimasak, direbus, dikeringkan, tanpa garam;78;4,49;0,1;16,14;-
11007;Artichoke, (globe atau Perancis), mentah;47;3,27;0,15;10,51;5,4
11008;Artichoke, (globe atau Perancis), dimasak, direbus, dikeringkan, tanpa garam;53;2,89;0,34;11,95;5,7
11009;Artichoke, (globe atau Perancis), beku, tidak siap;38;2,63;0,43;7,75;3,9
11010;Artichoke, (globe atau Perancis), beku, dimasak, direbus, dikeringkan, tanpa garam;45;3,11;0,5;9,18;4,6
11011;Asparagus, mentah;20;2,2;0,12;3,88;2,1
11012;Asparagus, dimasak, direbus, tiriskan;22;2,4;0,22;4,11;2
11013;Asparagus, kaleng, kemasan reguler, padatan dan cairan;15;1,8;0,18;2,48;1
11015;Asparagus, kaleng, padatan yang dikeringkan;19;2,14;0,65;2,46;1,6
11018;Asparagus, beku, tidak siap;24;3,23;0,23;4,1;1,9
11019;Asparagus, beku, dimasak, direbus, dikeringkan, tanpa garam;18;2,95;0,42;1,92;1,6
11022;Pare (Peria), pucuk daun, mentah;30;5,3;0,69;3,29;-
11023;Pare (Peria), pucuk daun, dimasak, direbus, tiriskan, tanpa garam;34;3,6;0,2;6,68;1,9
11024;Pare (Peria), polong, mentah;17;1;0,17;3,7;2,8
11025;Pare (Peria), polong, dimasak, direbus, tiriskan, tanpa garam;19;0,84;0,18;4,32;2
11026;Rebung, mentah;27;2,6;0,3;5,2;2,2
11027;Rebung, dimasak, direbus, dikeringkan, tanpa garam;12;1,53;0,22;1,92;1
11028;Rebung, kaleng, padatan yang dikeringkan;19;1,72;0,4;3,22;1,4
11029;Kacang merah, biji matang, tumbuh, mentah;29;4,2;0,5;4,1;-
11030;Kacang merah, biji matang, tumbuh, dimasak, direbus, dikeringkan, tanpa garam;33;4,83;0,58;4,72;-
11031;Kacang lima, biji belum matang, mentah;113;6,84;0,86;20,17;4,9
11032;Lima kacang, biji belum matang, dimasak, direbus, dikeringkan, tanpa garam;123;6,81;0,32;23,64;5,4
11033;Buncis, lima, biji belum matang, kaleng, paket reguler, padatan dan cairan;71;4,07;0,29;13,33;3,6
11037;Lima kacang, biji belum matang, beku, fordhook, tidak siap;106;6,4;0,35;19,83;5,5
11038;Lima kacang, biji belum matang, beku, fordhook, dimasak, direbus, dikeringkan, tanpa garam;103;6,07;0,34;19,32;5,3
11039;Lima kacang, biji belum matang, beku, bayi, tidak siap;132;7,59;0,44;25,14;6
11040;Lima kacang, biji belum matang, beku, bayi, dimasak, direbus, dikeringkan, tanpa garam;105;6,65;0,3;19,45;4,8
11043;Kacang hijau, biji matang, kecambah, mentah;30;3,04;0,18;5,94;1,8
11044;Kacang hijau, biji matang, kecambah, dimasak, direbus, tiriskan, tanpa garam;21;2,03;0,09;4,19;0,8
11045;Kacang hijau, biji matang, kecambah, dimasak, tumis;50;4,3;0,21;10,59;1,9
11046;Buncis, navy, biji matang, bertunas, mentah;67;6,15;0,7;13,05;-
11047;Buncis, navy, biji matang, bertunas, dimasak, direbus, dikeringkan, tanpa garam;78;7,07;0,81;15,01;-
11048;Buncis, pinto, biji belum matang, beku, tidak siap;170;9,8;0,5;32,5;5,7
11049;Buncis, pinto, biji belum matang, beku, dimasak, direbus, tiriskan, tanpa garam;162;9,31;0,48;30,87;5,4
11050;Buncis, kerang, kaleng, padatan dan cairan;30;1,76;0,19;6,19;3,4
11052;Buncis, jepret, hijau, mentah;31;1,83;0,22;6,97;2,7
11053;Buncis, snap, hijau, matang, rebus, tiriskan, tanpa garam;35;1,89;0,28;7,88;3,2
11054;Buncis, jepret, varietas hijau, kaleng, bungkus biasa;15;0,72;0,17;3,27;1,5
11056;Buncis, jepret, hijau, kaleng, bungkus reguler, dikeringkan;21;1,05;0,41;4,19;1,9
11058;Buncis, snap, kalengan, semua gaya, berpengalaman, padatan dan cairan;16;0,83;0,2;3,49;1,5
11060;Buncis, jepret, hijau, beku, semua gaya, tidak siap;39;1,79;0,21;7,54;2,6
11061;Buncis, jepret, hijau, beku, matang, rebus, tiriskan tanpa garam;28;1,49;0,17;6,45;3
11062;Buncis, snap, hijau, beku, semua gaya, microwave;40;1,98;0,41;6,98;3,4
11063;Buncis, jepret, hijau, microwave;39;2,31;0,5;6,41;3,4
11080;Bit, mentah;43;1,61;0,17;9,56;2,8
11081;Bit, dimasak, direbus, tiriskan;44;1,68;0,18;9,96;2
11082;Bit, kaleng, kemasan reguler, padatan dan cairan;30;0,73;0,09;7,14;1,2
11084;Bit, kaleng, padatan yang dikeringkan;31;0,91;0,14;7,21;1,8
11086;Bit hijau, mentah;22;2,2;0,13;4,33;3,7
11087;Bit hijau, dimasak, direbus, tiriskan, tanpa garam;27;2,57;0,2;5,46;2,9
11088;Broadbeans, biji belum matang, mentah;72;5,6;0,6;11,7;4,2
11089;Broadbeans, biji belum matang, dimasak, direbus, tiriskan, tanpa garam;62;4,8;0,5;10,1;3,6
11090;Brokoli, mentah;34;2,82;0,37;6,64;2,6
11091;Brokoli, dimasak, direbus, tiriskan, tanpa garam;35;2,38;0,41;7,18;3,3
11092;Brokoli, beku, cincang, tidak siap;26;2,81;0,29;4,78;3
11093;Brokoli, beku, cincang, dimasak, direbus, tiriskan, tanpa garam;28;3,1;0,12;5,35;3
11094;Brokoli, beku, muda, tidak siap;29;3,06;0,34;5,35;3
11095;Brokoli, beku, muda, dimasak, direbus, tiriskan, tanpa garam;28;3,1;0,11;5,36;3
11096;Brokoli raab/rabe, mentah;22;3,17;0,49;2,85;2,7
11097;Brokoli raab/rabe, dimasak;33;3,83;0,52;3,12;2,8
11098;Kecambah brussel, mentah;43;3,38;0,3;8,95;3,8
11099;Kecambah brussel, dimasak, direbus, dikeringkan, tanpa garam;36;2,55;0,5;7,1;2,6
11100;Kecambah brussel, beku, tidak siap;41;3,78;0,41;7,86;3,8
11101;Kecambah brussel, beku, dimasak, direbus, tiriskan, tanpa garam;42;3,64;0,39;8,32;4,1
11104;Akar Burdock, mentah;72;1,53;0,15;17,34;3,3
11105;Akar burdock, dimasak, direbus, dikeringkan, tanpa garam;88;2,09;0,14;21,15;1,8
11106;Butterbur, (fuki), mentah;14;0,39;0,04;3,61;-
11107;Butterbur, dimasak, direbus, dikeringkan, tanpa garam;8;0,23;0,02;2,16;-
11108;Butterbur, kaleng;3;0,11;0,13;0,38;-
11109;Kubis, mentah;25;1,28;0,1;5,8;2,5
11110;Kubis, dimasak, direbus, tiriskan, tanpa garam;23;1,27;0,06;5,51;1,9
11112;Kubis merah, mentah;31;1,43;0,16;7,37;2,1
11113;Kubis merah, dimasak, direbus, tiriskan, tanpa garam;29;1,51;0,09;6,94;2,6
11114;Kubis sawi, mentah;27;2;0,1;6,1;3,1
11115;Kubis sawi, dimasak, direbus, tiriskan, tanpa garam;24;1,8;0,09;5,41;2,8
11116;Pakcoy, mentah;13;1,5;0,2;2,18;1
11117;Pakcoy, dimasak, direbus, tiriskan, tanpa garam;12;1,56;0,16;1,78;1
11118;Kubis kimchi;15;1,1;0,5;2,4;1,6
11119;Sawi putih (Petsai), mentah;16;1,2;0,2;3,23;1,2
11120;Sawi putih (Petsai), dimasak, direbus, tiriskan, tanpa garam;14;1,5;0,17;2,41;1,7
11122;Cardoon, mentah;17;0,7;0,1;4,07;1,6
11123;Cardoon, dimasak, direbus, tiriskan, tanpa garam;22;0,76;0,11;5,33;1,7
11124;Wortel, mentah;41;0,93;0,24;9,58;2,8
11125;Wortel, dimasak, direbus, tiriskan, tanpa garam;35;0,76;0,18;8,22;3
11126;Wortel, kaleng, bungkus biasa, padatan dan cairan;23;0,58;0,14;5,37;1,8
11128;Wortel, kaleng, bungkus biasa, padatan yang dikeringkan;25;0,64;0,19;5,54;1,5
11130;Wortel, beku, tidak siap;36;0,78;0,46;7,9;3,3
11131;Wortel, beku, dimasak, direbus, tiriskan, tanpa garam;37;0,58;0,68;7,73;3,3
11134;Singkong, mentah;160;1,36;0,28;38,06;1,8
11135;Kembang kol, mentah;25;1,92;0,28;4,97;2
11136;Kembang kol, dimasak, direbus, tiriskan, tanpa garam;23;1,84;0,45;4,11;2,3
11137;Kembang kol, beku, tidak siap;24;2,01;0,27;4,68;2,3
11138;Kembang kol, beku, dimasak, direbus, tiriskan, tanpa garam;19;1,61;0,22;3,75;2,7
11141;Celeriac (Seledri Akar), mentah;42;1,5;0,3;9,2;1,8
11142;Celeriac (Seledri Akar), dimasak, direbus, tiriskan, tanpa garam;27;0,96;0,19;5,9;1,2
11143;Seledri, mentah;16;0,69;0,17;2,97;1,6
11144;Seledri, dimasak, direbus, tiriskan, tanpa garam;18;0,83;0,16;4;1,6
11145;Celtuce, mentah;18;0,85;0,3;3,65;1,7
11147;Swiss Chard, mentah;19;1,8;0,2;3,74;1,6
11148;Swiss Chard, dimasak, direbus, tiriskan, tanpa garam;20;1,88;0,08;4,13;2,1
11149;Labu Siam, buah, mentah;19;0,82;0,13;4,51;1,7
11150;Labu Siam, buah, dimasak, direbus, tiriskan, tanpa garam;24;0,62;0,48;5,09;2,8
11151;Sawi putih (Chicory), witloof, mentah;17;0,9;0,1;4;3,1
11152;Chicory (Sawi Putih), mentah;23;1,7;0,3;4,7;4
11154;Akar Chicory (Sawi Putih), mentah;72;1,4;0,2;17,51;1,5
11156;Bawang Kucai, mentah;30;3,27;0,73;4,35;2,5
11157;Shungiku (Garland Chrysanthemum), mentah;24;3,36;0,56;3,02;3
11158;Shungiku (Garland Chrysanthemum), dimasak, direbus, tiriskan, tanpa garam;20;1,64;0,09;4,31;2,3
11161;Sawi kubis, mentah;32;3,02;0,61;5,42;4
11162;Sawi kubis, dimasak, direbus, dikeringkan, tanpa garam;33;2,71;0,72;5,65;4
11163;Sawi kubis, beku, cincang, tidak siap;33;2,69;0,37;6,46;3,6
11164;Sawi kubis, beku, dicincang, dimasak, direbus, dikeringkan, tanpa garam;36;2,97;0,41;7,1;2,8
11165;Daun ketumbar, mentah;23;2,13;0,52;3,67;2,8
11167;Jagung, manis, kuning, mentah;86;3,27;1,35;18,7;2
11168;Jagung, manis, kuning, matang, rebus, tiriskan, tanpa garam;96;3,41;1,5;20,98;2,4
11170;Jagung, manis, kuning, kaleng, paket air garam, paket biasa, padatan dan cairan;61;1,95;0,77;13,86;1,7
11172;Jagung, manis, kuning, kalengan, seluruh kernel, padatan yang dikeringkan;67;2,29;1,22;14,34;2
11174;Jagung, manis, kuning, kalengan, gaya krim, paket reguler;72;1,74;0,42;18,13;1,2
11176;Jagung, manis, kuning, kaleng, paket vakum, paket reguler;79;2,41;0,5;19,44;2
11177;Jagung, manis, kuning, kaleng, padatan yang dikeringkan, dibilas dengan air ledeng;74;2,18;1,43;13,02;1,7
11178;Jagung, manis, kuning, beku, kernel memotong tongkolnya, tidak siap;88;3,02;0,78;20,71;2,1
11179;Jagung, manis, kuning, beku, kernel memotong tongkol, direbus, dikeringkan, tanpa garam;81;2,55;0,67;19,3;2,4
11180;Jagung, manis, kuning, beku, kernel tongkol, tidak siap;98;3,28;0,78;23,5;2,8
11181;Jagung, manis, kuning, beku, kernel tongkol, dimasak, direbus, tiriskan, tanpa garam;94;3,11;0,74;22,33;2,8
11182;Jagung, kuning, seluruh kernel, beku, microwave;131;3,62;1,42;25,87;2,6
11184;Jagung dengan paprika merah dan hijau, kalengan, padatan dan cairan;75;2,33;0,55;18,17;-
11190;Salad jagung, mentah;21;2;0,4;3,6;-
11191;Kacang tunggak blackeyes, biji belum matang, mentah;90;2,95;0,35;18,83;5
11192;Kacang tunggak blackeyes, biji belum matang, dimasak, direbus, dikeringkan, tanpa garam;97;3,17;0,38;20,32;5
11195;Kacang tunggak blackeyes, biji belum matang, beku, tidak siap;139;8,98;0,7;25,13;5
11196;Kacang tunggak blackeyes, biji-bijian, dibekukan, dimasak, direbus, dikeringkan, tanpa garam;132;8,49;0,66;23,76;6,4
11197;Kacang tunggak, polong muda dengan biji, mentah;44;3,3;0,3;9,5;3,3
11198;Kacang tunggak, polong muda dengan biji, dimasak, direbus, tiriskan, tanpa garam;34;2,6;0,3;7;-
11199;Kacang panjang, mentah;47;2,8;0,4;8,35;-
11200;Kacang panjang, dimasak, direbus, tiriskan, tanpa garam;47;2,53;0,1;9,18;-
11201;Kacang tunggak, ujung berdaun, mentah;29;4,1;0,25;4,82;-
11202;Kacang tunggak, ujung berdaun, dimasak, direbus, tiriskan, tanpa garam;22;4,67;0,1;2,8;-
11203;Cress, taman, mentah;32;2,6;0,7;5,5;1,1
11204;Cress, taman, matang, rebus, tiriskan, tanpa garam;23;1,9;0,6;3,8;0,7
11205;Mentimun, dengan kulitnya, mentah;15;0,65;0,11;3,63;0,5
11206;Mentimun, dikupas, mentah;12;0,59;0,16;2,16;0,7
11207;Sayuran dandelion, mentah;45;2,7;0,7;9,2;3,5
11208;Sayuran dandelion, dimasak, direbus, dikeringkan, tanpa garam;33;2;0,6;6,4;2,9
11209;Terong, mentah;25;0,98;0,18;5,88;3
11210;Terong, dimasak, direbus, tiriskan, tanpa garam;35;0,83;0,23;8,73;2,5
11211;Kacang Edamame, beku, tidak disiapkan;109;11,22;4,73;7,61;4,8
11212;Kacang Edamame, beku, disiapkan;121;11,91;5,2;8,91;5,2
11213;Endive / Chicory, mentah;17;1,25;0,2;3,35;3,1
11214;Escarole, dimasak, direbus, dikeringkan, tidak ditambah garam;19;1,15;0,18;3,07;2,8
11215;Bawang putih, mentah;149;6,36;0,5;33,06;2,1
11216;Akar jahe, mentah;80;1,82;0,75;17,77;2
11218;Labu air (calabash), mentah;14;0,62;0,02;3,39;0,5
11219;Labu air (calabash), dimasak, direbus, tiriskan, tanpa garam;15;0,6;0,02;3,69;1,2
11220;Oyong / Gambas (Towelgourd), mentah;20;1,2;0,2;4,35;1,1
11221;Oyong / Gambas (Towelgourd), dimasak, direbus, tiriskan, tanpa garam;56;0,66;0,34;14,34;2,9
11222;Daun Kelor, mentah;64;9,4;1,4;8,28;2
11223;Daun Kelor, dimasak, direbus, dikeringkan, tanpa garam;60;5,27;0,93;11,15;2
11224;Buncis, biji belum matang, mentah;46;2,1;0,2;9,19;3,3
11225;Buncis, biji belum matang, dimasak, direbus, tiriskan, tanpa garam;50;2,95;0,27;9,2;-
11226;Artichoke Yerusalem, mentah;73;2;0,01;17,44;1,6
11228;Jew's ear, (pepeao), mentah;25;0,48;0,04;6,75;-
11230;Pepeao, keringkan;298;4,82;0,44;81,03;-
11231;Rami, potherb, mentah;34;4,65;0,25;5,8;-
11232;Rami, potherb, dimasak, direbus, tiriskan, tanpa garam;37;3,68;0,2;7,29;2
11233;Kale, mentah;49;4,28;0,93;8,75;3,6
11234;Kale, dimasak, direbus, tiriskan, tanpa garam;28;1,9;0,4;5,63;2
11235;Kale, beku, tidak siap;28;2,66;0,46;4,9;2
11236;Kale, beku, dimasak, direbus, tiriskan, tanpa garam;30;2,84;0,49;5,23;2
11237;Kanpyo, (potongan labu kering);258;8,58;0,56;65,03;9,8
11238;Jamur, shiitake, mentah;34;2,24;0,49;6,79;2,5
11239;Jamur, Chanterelle, mentah;38;1,49;0,53;6,86;3,8
11240;Jamur, morel, mentah;31;3,12;0,57;5,1;2,8
11241;Kohlrabi, mentah;27;1,7;0,1;6,2;3,6
11242;Kohlrabi, dimasak, direbus, tiriskan, tanpa garam;29;1,8;0,11;6,69;1,1
11243;Jamur, portabella, dipanggang;29;3,28;0,58;4,44;2,2
11244;Lambsquarters, mentah;43;4,2;0,8;7,3;4
11245;Lambsquarters, dimasak, direbus, dikeringkan, tanpa garam;32;3,2;0,7;5;2,1
11246;Daun bawang, (umbi dan bagian daun bawah), mentah;61;1,5;0,3;14,15;1,8
11247;Daun bawang, (umbi dan bagian daun bawah), dimasak, direbus, dikeringkan, tanpa garam;31;0,81;0,2;7,62;1
11248;Lentil, kecambah, mentah;106;8,96;0,55;22,14;-
11249;Lentil, kecambah, dimasak, tumis, tanpa garam;101;8,8;0,45;21,25;-
11250;Selada, butterhead (termasuk jenis boston dan bibb), mentah;13;1,35;0,22;2,23;1,1
11251;Selada, cos atau romaine, mentah;17;1,23;0,3;3,29;2,1
11252;Selada, gunung es (termasuk jenis crisphead), mentah;14;0,9;0,14;2,97;1,2
11253;Daun selada, daun hijau, mentah;15;1,36;0,15;2,87;1,3
11254;Akar teratai, mentah;74;2,6;0,1;17,23;4,9
11255;Akar teratai, dimasak, direbus, tiriskan, tanpa garam;66;1,58;0,07;16,02;3,1
11257;Daun selada, potongan daun, mentah;16;1,33;0,22;2,26;0,9
11258;Ubi gunung, hawai, mentah;67;1,34;0,1;16,3;2,5
11259;Ubi gunung, hawai, dimasak, dikukus, tanpa garam;82;1,73;0,08;20;-
11260;Jamur, putih, mentah;22;3,09;0,34;3,26;1
11261;Jamur, putih, matang, rebus, tiriskan, tanpa garam;28;2,17;0,47;5,29;2,2
11263;Jamur, putih, tumis;26;3,58;0,33;4,04;1,8
11264;Jamur, kaleng, padatan yang dikeringkan;25;1,87;0,29;5,09;2,4
11265;Jamur, portabella, mentah;22;2,11;0,35;3,87;1,3
11266;Jamur, cokelat, Italia, atau crimini, mentah;22;2,5;0,1;4,3;0,6
11267;Jamur, shiitake, tumis;39;3,45;0,35;7,68;3,6
11268;Jamur, shiitake, kering;296;9,58;0,99;75,37;11,5
11269;Jamur, shiitake, dimasak, tanpa garam;56;1,56;0,22;14,39;2,1
11270;Mizuna (Mustard Greens), mentah;27;2,86;0,42;4,67;3,2
11271;Mizuna (Mustard Greens), dimasak, direbus, tiriskan, tanpa garam;26;2,56;0,47;4,51;2
11272;Sawi Pahit, beku, tidak siap;20;2,49;0,27;3,41;3,3
11273;Sawi Pahit, beku, dimasak, direbus, tiriskan, tanpa garam;19;2,27;0,25;3,11;2,8
11274;Sawi Pagoda, tendergreen, mentah;22;2,2;0,3;3,9;2,8
11275;Sawi Pagoda, tendergreen, dimasak, direbus, tiriskan, tanpa garam;16;1,7;0,2;2,8;2
11276;Bayam spinacia Selandia Baru, mentah;14;1,5;0,2;2,5;1,5
11277;Bayam spinacia Selandia Baru, dimasak, direbus, dikeringkan, tanpa garam;12;1,3;0,17;2,13;1,4
11278;Okra, mentah;33;1,93;0,19;7,45;3,2
11279;Okra, dimasak, direbus, tiriskan, tanpa garam;22;1,87;0,21;4,51;2,5
11280;Okra, beku, tidak siap;30;1,69;0,25;6,63;2,2
11281;Okra, beku, matang, rebus, tiriskan, tanpa garam;29;1,63;0,24;6,41;2,1
11282;Bawang Bombay, mentah;40;1,1;0,1;9,34;1,7
11283;Bawang Bombay, dimasak, direbus, tiriskan, tanpa garam;44;1,36;0,19;10,15;1,4
11284;Bawang Bombay, serpih kering;349;8,95;0,46;83,28;9,2
11285;Bawang Bombay, kalengan, padatan dan cairan;19;0,85;0,09;4,02;1,2
11286;Bawang Bombay, kuning, tumis;132;0,95;10,8;7,86;1,7
11287;Bawang Bombay, beku, cincang, tidak siap;29;0,79;0,1;6,82;1,8
11288;Bawang Bombay, beku, dicincang, dimasak, direbus, tiriskan, tanpa garam;28;0,77;0,1;6,59;1,8
11289;Bawang Bombay, beku, utuh, tidak siap;35;0,89;0,06;8,45;1,7
11290;Bawang Bombay, beku, utuh, matang, rebus, tiriskan, tanpa garam;28;0,71;0,05;6,7;1,4
11291;Bawang Bombay, pegas atau daun Bawang Bombay (termasuk bagian atas dan umbi), mentah;32;1,83;0,19;7,34;2,6
11292;Bawang Bombay, hijau muda, hanya atasan;27;0,97;0,47;5,74;1,8
11293;Bawang Bombay, welsh, mentah;34;1,9;0,4;6,5;2,4
11294;Bawang Bombay, manis, mentah;32;0,8;0,08;7,55;0,9
11295;Cincin Bawang Bombay, dilapisi tepung roti, par goreng, beku, tidak siap;258;3,15;14,1;30,53;1,8
11296;Cincin Bawang Bombay, dilapisi tepung roti, par goreng, beku, disiapkan, dipanaskan dalam oven;276;4,14;14,3;33,79;2,2
11297;Peterseli, mentah;36;2,97;0,79;6,33;3,3
11298;Lobak parsnips, mentah;75;1,2;0,3;17,99;4,9
11299;Lobak parsnips, dimasak, direbus, tiriskan, tanpa garam;71;1,32;0,3;17,01;3,6
11300;Kacang polong, dapat dimakan-pod, mentah;42;2,8;0,2;7,55;2,6
11301;Kacang polong, dapat dimakan, direbus, dikeringkan, tanpa garam;42;3,27;0,23;7,05;2,8
11302;Kacang polong, dapat dimakan pod, beku, tidak siap;42;2,8;0,3;7,2;3,1
11303;Kacang polong, dapat dimakan-pod, beku, dimasak, direbus, dikeringkan, tanpa garam;52;3,5;0,38;9,02;3,1
11304;Kacang polong, hijau, mentah;81;5,42;0,4;14,45;5,7
11305;Kacang polong, hijau, matang, rebus, tiriskan, tanpa garam;84;5,36;0,22;15,63;5,5
11306;Kacang polong, hijau, kalengan, kemasan reguler, padatan dan cairan;58;3,01;0,48;10,6;3,3
11308;Kacang polong, hijau (termasuk jenis bayi dan lesuer), kaleng, padatan yang dikeringkan, tidak siap;68;4,47;0,8;11,36;4,9
11310;Kacang polong, hijau, kalengan, berpengalaman, padatan dan cairan;50;3,09;0,27;9,25;2
11311;Kacang polong, hijau, kaleng, padatan yang dikeringkan, dibilas dengan air keran;71;4,33;0,95;11,82;-
11312;Kacang polong, hijau, beku, tidak siap;77;5,22;0,4;13,62;4,5
11313;Kacang polong, hijau, beku, matang, rebus, tiriskan, tanpa garam;78;5,15;0,27;14,26;4,5
11316;Kacang polong, biji matang, bertunas, mentah;124;8,8;0,68;27,11;-
11317;Kacang polong, biji matang, bertunas, dimasak, direbus, dikeringkan, tanpa garam;98;7,05;0,51;17,08;-
11318;Kacang polong dan wortel, kaleng, bungkus biasa, padatan dan cairan;38;2,17;0,27;8,48;2
11322;Kacang polong dan wortel, beku, tidak siap;53;3,4;0,47;11,15;3,4
11323;Kacang polong dan wortel, beku, dimasak, direbus, tiriskan, tanpa garam;48;3,09;0,42;10,12;3,1
11324;Kacang polong dan bawang bombai, kalengan, padatan dan cairan;51;3,28;0,38;8,57;2,3
11326;Kacang polong dan bawang, beku, tidak siap;70;3,98;0,32;13,51;3,5
11327;Kacang polong dan bawang bombai, beku, dimasak, direbus, tiriskan, tanpa garam;45;2,54;0,2;8,63;2,2
11329;Cabai pedas, hijau, kaleng, polong, tidak termasuk biji, padatan dan cairan;21;0,9;0,1;5,1;1,3
11333;Paprika, manis, hijau, mentah;20;0,86;0,17;4,64;1,7
11334;Paprika, manis, hijau, matang, rebus, tiriskan, tanpa garam;28;0,92;0,2;6,7;1,2
11335;Paprika, manis, hijau, kalengan, padatan, dan cairan;18;0,8;0,3;3,9;1,2
11337;Paprika, manis, hijau, beku, cincang, tidak siap;20;1,08;0,21;4,45;1,6
11338;Paprika, manis, hijau, beku, dicincang, direbus, dikeringkan, tanpa garam;18;0,95;0,18;3,9;0,9
11339;Paprika, manis, hijau, tumis;127;0,78;11,85;4,22;1,8
11344;Kacang gude, biji belum matang, mentah;136;7,2;1,64;23,88;5,1
11345;Kacang gude, biji belum matang, dimasak, direbus, tiriskan, tanpa garam;111;5,96;1,36;19,49;4,2
11349;Poi;112;0,38;0,14;27,23;0,4
11350;Rebung Pokeberry, (poke), mentah;23;2,6;0,4;3,7;1,7
11351;Rebung Pokeberry, (poke), dimasak, direbus, dikeringkan, tanpa garam;20;2,3;0,4;3,1;1,5
11352;Kentang, daging dan kulit, mentah;77;2,05;0,09;17,49;2,1
11353;Kentang, russet, daging dan kulit, mentah;79;2,14;0,08;18,07;1,3
11354;Kentang, putih, daging dan kulit, mentah;69;1,68;0,1;15,71;2,4
11355;Kentang, merah, daging dan kulit, mentah;70;1,89;0,14;15,9;1,7
11356;Kentang, Russet, daging dan kulit, dipanggang;97;2,63;0,13;21,44;2,3
11357;Kentang, putih, daging dan kulit, dipanggang;94;2,1;0,15;21,08;2,1
11358;Kentang, merah, daging dan kulit, dipanggang;89;2,3;0,15;19,59;1,8
11359;Kentang, kentang goreng, belok atau potongan biasa, garam ditambahkan dalam pemrosesan, beku, seperti yang dibeli;150;2,34;4,99;23,96;2
11360;Kentang, kentang goreng, kerut atau potongan biasa, garam ditambahkan dalam pemrosesan, beku, dipanaskan dengan oven;166;2,51;5,13;27,5;2,3
11361;Kentang, dipanggang, ditambahkan garam dalam proses, beku, tidak siap;130;2,22;1,81;26,15;2,6
11362;Kentang, mentah, kulit;58;2,57;0,1;12,44;2,5
11363;Kentang, dipanggang, daging, tanpa garam;93;1,96;0,1;21,55;1,5
11364;Kentang, dipanggang, kulit, tanpa garam;198;4,29;0,1;46,06;7,9
11365;Kentang, direbus, dimasak di kulit, daging, tanpa garam;87;1,87;0,1;20,13;1,8
11366;Kentang, direbus, dimasak dalam kulit, kulit, tanpa garam;78;2,86;0,1;17,21;3,3
11367;Kentang, direbus, dimasak tanpa kulit, daging, tanpa garam;86;1,71;0,1;20,01;1,8
11368;Kentang, microwave, dimasak di kulit, daging, tanpa garam;100;2,1;0,1;23,28;1,6
11369;Kentang, microwave, dimasak di kulit, kulit, tanpa garam;132;4,39;0,1;29,63;5,5
11370;Kentang, hash brown, disiapkan di rumah;265;3;12,52;35,11;3,2
11371;Kentang, dihaluskan, disiapkan di rumah, seluruh susu dan margarin ditambahkan;113;1,96;4,2;16,94;1,5
11372;Kentang, bergigi, disiapkan di rumah dengan mentega;88;2,87;3,68;10,78;1,9
11373;Kentang, au gratin, disiapkan sendiri dari resep menggunakan mentega;132;5,06;7,59;11,27;1,8
11374;Kentang, kalengan, padatan, dan cairan;44;1,2;0,11;9,89;1,4
11376;Kentang, kaleng, padatan yang dikeringkan;60;1,41;0,21;13,61;2,3
11378;Kentang, dihaluskan, dehidrasi, serpihan tanpa susu, bentuk kering;354;8,34;0,41;81,17;6,6
11379;Kentang, dihaluskan, didehidrasi, dibuat dari serpihan tanpa susu, susu murni dan mentega ditambahkan;97;1,77;5,13;10,87;0,8
11380;Kentang, tumbuk, dehidrasi, butiran tanpa susu, bentuk kering;372;8,22;0,54;85,51;7,1
11381;Kentang, dihaluskan, didehidrasi, dibuat dari butiran tanpa susu, ditambah susu dan mentega;108;2,05;4,96;14,36;2,2
11382;Kentang, tumbuk, dehidrasi, butiran dengan susu, bentuk kering;357;10,9;1,1;77,7;6,6
11383;Kentang, dihaluskan, didehidrasi, disiapkan dari butiran dengan susu, air dan margarin ditambahkan;116;2,13;4,8;16,13;1,3
11384;Kentang, au gratin, campuran kering, tidak siap;314;8,9;3,7;74,31;4,1
11385;Kentang, au gratin, campuran kering, disiapkan dengan air, susu murni dan mentega;93;2,3;4,12;12,84;0,9
11386;Kentang, bergigi, campuran kering, tidak siap;358;7,77;4,59;73,93;8,6
11387;Kentang, scalloped, campuran kering, disiapkan dengan air, susu murni dan mentega;93;2,12;4,3;12,77;1,1
11390;Kentang, hash brown, beku, polos, tidak siap;82;2,06;0,62;17,72;1,4
11391;Kentang, hash brown, beku, tawar, disiapkan, digoreng dengan minyak canola;219;2,65;11,59;28,51;3,2
11392;Kentang, kentang goreng, beku, dengan saus mentega, tidak siap;135;1,87;6,66;18,28;2,9
11393;Kentang, kentang goreng, beku, dengan saus mentega, disiapkan;178;2,46;8,79;24,13;3,8
11394;Kentang, kentang goreng, tali sepatu, garam ditambahkan dalam pemrosesan, beku, seperti yang dibeli;167;2,16;6,24;25,59;2,3
11395;Kentang, kentang goreng, tali sepatu, garam ditambahkan dalam pemrosesan, beku, dipanaskan dengan oven;199;2,9;6,76;31,66;2,8
11396;Kentang, o'brien, beku, tidak siap;76;1,83;0,14;17,47;1,9
11397;Kentang, o'brien, beku, disiapkan;204;2,22;13,21;21,86;1,7
11398;Puff kentang, beku, tidak siap;178;1,93;8,71;24,8;2,3
11399;Puff kentang, beku, dipanaskan dengan oven;192;2,13;9,05;27,29;2
11400;Kentang, beku, utuh, tidak siap;78;2,38;0,16;17,47;1,2
11401;Kentang, beku, utuh, matang, rebus, tiriskan, tanpa garam;65;1,98;0,13;14,52;1,4
11402;Kentang, kentang goreng, semua jenis, garam ditambahkan dalam pemrosesan, beku, tidak siap;147;2,24;4,66;24,81;1,9
11403;Kentang, kentang goreng, semua jenis, garam ditambahkan dalam pemrosesan, beku, disiapkan di rumah, dipanaskan dengan oven;158;2,75;5,48;25,55;2
11406;Kentang, kentang goreng, potongan cottage, garam tidak ditambahkan dalam pemrosesan, beku, seperti yang dibeli;153;2,42;5,78;23,98;3
11407;Kentang, kentang goreng, potongan cottage, garam tidak ditambahkan dalam pemrosesan, beku, dipanaskan dengan oven;218;3,44;8,2;34,03;3,2
11408;Kentang, beku, goreng Prancis, par goreng, diekstrusi, tidak siap;260;2,83;14,95;30,15;2,9
11409;Kentang, beku, goreng Prancis, par goreng, diekstrusi, disiapkan, dipanaskan dalam oven, tanpa garam;333;3,55;18,71;39,68;3,2
11410;Komoditas USDA, Potongan kentang, beku;123;2,7;2,2;25,5;2
11411;Kentang, kentang goreng, kentang goreng, garam ditambahkan dalam pemrosesan, beku, seperti yang dibeli;133;2,19;3,39;23,51;1,9
11412;Kentang, kentang goreng, kentang goreng, garam ditambahkan dalam pemrosesan, beku, dipanaskan dengan oven;152;2,57;3,76;26,98;2,6
11413;Tepung kentang;357;6,9;0,34;83,1;5,9
11414;Salad kentang, disiapkan di rumah;143;2,68;8,2;11,17;1,3
11416;Bunga Labu Kuning, mentah;15;1,03;0,07;3,28;-
11417;Bunga Labu Kuning, dimasak, direbus, tiriskan, tanpa garam;15;1,09;0,08;3,3;0,9
11418;Daun Labu Kuning, mentah;19;3,15;0,4;2,33;-
11419;Daun Labu Kuning, dimasak, direbus, tiriskan, tanpa garam;21;2,72;0,22;3,39;2,7
11422;Labu Kuning, mentah;26;1;0,1;6,5;0,5
11423;Labu Kuning, dimasak, direbus, tiriskan, tanpa garam;20;0,72;0,07;4,9;1,1
11424;Labu Kuning, kalengan, tanpa garam;34;1,1;0,28;8,09;2,9
11426;Pai Labu Kuning, campuran, kalengan;104;1,09;0,13;26,39;8,3
11427;Purslane, mentah;20;2,03;0,36;3,39;-
11428;Purslane, dimasak, direbus, tiriskan, tanpa garam;18;1,49;0,19;3,55;-
11429;Lobak radish, mentah;16;0,68;0,1;3,4;1,6
11430;Lobak radish, oriental, mentah;18;0,6;0,1;4,1;1,6
11431;Lobak radish, oriental, dimasak, direbus, tiriskan, tanpa garam;17;0,67;0,24;3,43;1,6
11432;Lobak radish, oriental, kering;271;7,9;0,72;63,37;23,9
11435;Rutabagas, mentah;37;1,08;0,16;8,62;2,3
11436;Rutabaga, dimasak, direbus, dikeringkan, tanpa garam;30;0,93;0,18;6,84;1,8
11437;Salsify, (tiram sayur), mentah;82;3,3;0,2;18,6;3,3
11438;Salsifikasi, dimasak, direbus, tiriskan, tanpa garam;68;2,73;0,17;15,36;3,1
11439;Asinan kubis, kalengan, padatan dan cairan;19;0,91;0,14;4,28;2,9
11442;Rumput laut, agar, mentah;26;0,54;0,03;6,75;0,5
11444;Rumput laut, irishmoss, mentah;49;1,51;0,16;12,29;1,3
11445;Rumput laut, rumput laut, mentah;43;1,68;0,56;9,57;1,3
11446;Rumput laut, bejana, mentah;35;5,81;0,28;5,11;0,3
11447;Bunga turi/sesbania, mentah;27;1,28;0,04;6,73;-
11448;Bunga turi/sesbania, dimasak, dikukus, tanpa garam;22;1,14;0,05;5,23;-
11450;Kedelai, hijau, mentah;147;12,95;6,8;11,05;4,2
11451;Kedelai, hijau, matang, rebus, tiriskan, tanpa garam;141;12,35;6,4;11,05;4,2
11452;Kedelai, biji matang, tumbuh, mentah;122;13,09;6,7;9,57;1,1
11453;Kedelai, biji matang, tumbuh, dimasak, dikukus;81;8,47;4,45;6,53;0,8
11454;Kedelai, biji matang, tumbuh, dimasak, tumis;125;13,1;7,1;9,4;0,8
11457;Bayam spinacia, mentah;23;2,86;0,39;3,63;2,2
11458;Bayam spinacia, dimasak, direbus, tiriskan, tanpa garam;23;2,97;0,26;3,75;2,4
11459;Bayam spinacia, kaleng, kemasan biasa, padatan dan cairan;19;2,11;0,37;2,92;1,6
11461;Bayam spinacia, kaleng, kemasan biasa, padatan yang dikeringkan;23;2,81;0,5;3,4;2,4
11463;Bayam spinacia, beku, cincang atau daun, tidak siap;29;3,63;0,57;4,21;2,9
11464;Bayam spinacia, beku, cincang atau daun, dimasak, direbus, tiriskan, tanpa garam;34;4,01;0,87;4,8;3,7
11467;Labu botol, mentah;19;1,01;0,27;3,88;1
11468;Labu botol, dimasak, direbus, tiriskan, tanpa garam;23;1,04;0,39;3,79;1,1
11471;Labu botol, kaleng, tiriskan, padat, tanpa garam;13;0,61;0,07;2,96;1,4
11473;Labu botol, beku, tidak siap;20;0,83;0,14;4,8;1,2
11474;Labu botol, beku, dimasak, direbus, tiriskan, tanpa garam;25;1,28;0,2;5,54;1,4
11475;Labu scallop kuning, mentah;18;1,2;0,2;3,84;1,2
11476;Labu scallop kuning, dimasak, direbus, tiriskan, tanpa garam;16;1,03;0,17;3,3;1,9
11477;Zucchini, musim panas, termasuk kulit, mentah;17;1,21;0,32;3,11;1
11478;Zucchini, musim panas, termasuk kulit, dimasak, direbus, tiriskan, tanpa garam;15;1,14;0,36;2,69;1
11479;Zucchini, musim panas, termasuk kulit, beku, tidak siap;17;1,16;0,13;3,58;1,3
11480;Zucchini, musim panas, termasuk kulit, beku, dimasak, direbus, tiriskan, tanpa garam;17;1,15;0,13;3,56;1,3
11481;Zucchini, musim panas, gaya italia, kaleng;29;1,03;0,11;6,85;-
11482;Biji Labu Parang/Kuning, mentah;40;0,8;0,1;10,42;1,5
11483;Biji Labu Parang/Kuning, dimasak, dipanggang, tanpa garam;56;1,12;0,14;14,58;4,4
11484;Biji Labu Parang/Kuning, dimasak, direbus, dihaluskan, tanpa garam;34;0,67;0,08;8,79;2,6
11485;Labu Madu, mentah;45;1;0,1;11,69;2
11486;Labu Madu, dimasak, dipanggang, tanpa garam;40;0,9;0,09;10,49;3,2
11487;Labu Madu, beku, tidak siap;57;1,76;0,1;14,41;1,3
11488;Labu Madu, beku, dimasak, direbus, tanpa garam;39;1,23;0,07;10,05;-
11489;Labu Parang/Kuning hubbard, mentah;40;2;0,5;8,7;3,9
11490;Labu Parang/Kuning hubbard, dipanggang, tanpa garam;50;2,48;0,62;10,81;4,9
11491;Labu Parang/Kuning hubbard, dimasak, direbus, dihaluskan, tanpa garam;30;1,48;0,37;6,46;2,9
11492;Labu Parang/Kuning, spageti, mentah;31;0,64;0,57;6,91;1,5
11493;Labu Parang/Kuning, spageti, dimasak, direbus, dikeringkan, atau dipanggang, tanpa garam;27;0,66;0,26;6,46;1,4
11495;Succotash, (jagung dan limas), mentah;99;5,03;1,02;19,59;3,8
11496;Succotash, (jagung dan limas), dimasak, direbus, dikeringkan, tanpa garam;115;5,07;0,8;24,38;4,5
11497;Succotash, (jagung dan limas), kalengan, dengan gaya krim jagung;77;2,64;0,54;17,61;3
11499;Succotash, (jagung dan limas), kalengan, dengan jagung kernel utuh, padatan, dan cairan;63;2,6;0,49;13,98;2,6
11501;Succotash, (jagung dan limas), beku, tidak siap;93;4,31;0,89;19,94;4
11502;Succotash, (jagung dan limas), dibekukan, dimasak, direbus, dikeringkan, tanpa garam;93;4,31;0,89;19,95;4,1
11503;Kangkung, mentah;19;2,6;0,2;3,14;2,1
11504;Kangkung, dimasak, direbus, tiriskan, tanpa garam;20;2,08;0,24;3,7;1,9
11505;Daun ubi jalar, mentah;42;2,49;0,51;8,82;5,3
11506;Daun ubi jalar, dimasak, dikukus, tanpa garam;41;2,18;0,34;7,38;1,9
11507;Ubi jalar, mentah, tidak siap;86;1,57;0,05;20,12;3
11508;Ubi jalar, dimasak, dipanggang di kulit, daging, tanpa garam;90;2,01;0,15;20,71;3,3
11510;Ubi jalar, dimasak, direbus, tanpa kulit;76;1,37;0,14;17,72;2,5
11512;Ubi jalar, kaleng, kemasan vakum;91;1,65;0,2;21,12;1,8
11514;Ubi jalar, kalengan, dihaluskan;101;1,98;0,2;23,19;1,7
11516;Ubi jalar, beku, tidak siap;96;1,71;0,18;22,22;1,7
11517;Ubi jalar, beku, dimasak, dipanggang, tanpa garam;100;1,71;0,12;23,4;1,8
11518;Talas, mentah;112;1,5;0,2;26,46;4,1
11519;Talas, dimasak, tanpa garam;142;0,52;0,11;34,6;5,1
11520;Daun talas, mentah;42;4,98;0,74;6,7;3,7
11521;Daun talas, dimasak, dikukus, tanpa garam;24;2,72;0,41;4,02;2
11522;Tunas talas, mentah;11;0,92;0,09;2,32;-
11523;Tunas talas, dimasak, tanpa garam;14;0,73;0,08;3,2;-
11525;Talas, tahitian, mentah;44;2,79;0,97;6,91;-
11526;Talas, tahitian, dimasak, tanpa garam;44;4,16;0,68;6,85;-
11527;Tomat, hijau, mentah;23;1,2;0,2;5,1;1,1
11529;Tomat, dikurangi, matang, mentah, rata-rata sepanjang tahun;18;0,88;0,2;3,89;1,2
11530;Tomat, dikurangi, matang, dimasak;18;0,95;0,11;4,01;0,7
11531;Tomat, dikurangi, matang, kalengan, dikemas dalam jus tomat;16;0,79;0,25;3,47;1,9
11533;Tomat, dikurangi, matang, kalengan, direbus;26;0,91;0,19;6,19;1
11537;Tomat, dikurangi, matang, kalengan, dengan cabai hijau;15;0,69;0,08;3,62;-
11540;Jus tomat, kaleng, dengan garam;17;0,85;0,29;3,53;0,4
11546;Produk tomat, kalengan, tempel, tanpa garam ditambahkan;82;4,32;0,47;18,91;4,1
11547;Produk tomat, kalengan, bubur, tanpa garam;38;1,65;0,21;8,98;1,9
11548;Bubuk tomat;302;12,91;0,44;74,68;16,5
11549;Produk tomat, kalengan, saus;24;1,2;0,3;5,31;1,5
11551;Produk tomat, kalengan, saus, dengan jamur;35;1,45;0,13;8,43;1,5
11553;Produk tomat, kalengan, saus, dengan bawang;42;1,56;0,19;9,94;1,8
11555;Produk tomat, kalengan, saus, dengan bumbu dan keju;59;2,13;1,93;10,24;2,2
11557;Produk tomat, kalengan, saus, dengan bawang, paprika hijau, dan seledri;41;0,94;0,74;8,77;1,4
11559;Produk tomat, kalengan, saus, dengan tidbits tomat;32;1,32;0,39;7,09;1,4
11563;Pohon pakis, dimasak, tanpa garam;40;0,29;0,07;10,98;3,7
11564;Turnip, mentah;28;0,9;0,1;6,43;1,8
11565;Turnip, dimasak, direbus, tiriskan, tanpa garam;22;0,71;0,08;5,06;2
11566;Turnip, beku, tidak siap;16;1,04;0,16;2,94;1,8
11567;Turnip, beku, matang, rebus, tiriskan, tanpa garam;23;1,53;0,24;4,35;2
11568;Turnip hijau, mentah;32;1,5;0,3;7,13;3,2
11569;Turnip hijau, dimasak, direbus, tiriskan, tanpa garam;20;1,14;0,23;4,36;3,5
11570;Turnip hijau, kalengan, padatan dan cairan;14;1,36;0,3;2,42;1,7
11574;Turnip hijau, beku, tidak siap;22;2,47;0,31;3,67;2,5
11575;Turnip hijau, beku, dimasak, direbus, tiriskan, tanpa garam;29;3,35;0,42;4,98;3,4
11576;Turnip hijau dan Turnip, beku, tidak siap;21;2,46;0,19;3,39;2,4
11577;Turnip hijau dan Turnip, beku, dimasak, direbus, tiriskan, tanpa garam;35;2,99;0,38;4,85;3,1
11578;Koktail jus sayuran, kalengan;22;0,93;0,31;3,87;0,5
11579;Sayuran, campuran, kalengan, padatan dan cairan;36;1,42;0,25;7,13;3,8
11581;Sayuran, campuran, kalengan, padatan yang dikeringkan;49;2,59;0,25;9,26;3
11583;Sayuran, campuran, beku, tidak siap;72;3,33;0,52;13,47;4
11584;Sayuran, campur, beku, dimasak, direbus, tiriskan, tanpa garam;65;2,86;0,15;13,09;4,4
11585;Koktail jus sayuran, natrium rendah, kaleng;19;0,91;0,32;3,83;0,5
11587;Vinespinach, (basella), mentah;19;1,8;0,3;3,4;-
11588;Waterchestnuts, chinese, (matai), mentah;97;1,4;0,1;23,94;3
11590;Waterchestnuts, chinese, canned, solids and liquid;50;0,88;0,06;12,3;2,5
11591;Selada air, mentah;11;2,3;0,1;1,29;0,5
11593;Labu lilin, mentah;13;0,4;0,2;3;2,9
11594;Labu lilin, dimasak, direbus, dikeringkan, tanpa garam;14;0,4;0,2;3,04;1
11595;Kecipir, biji belum matang, mentah;49;6,95;0,87;4,31;-
11596;Kecipir, biji belum matang, dimasak, direbus, tiriskan, tanpa garam;38;5,31;0,66;3,21;-
11597;Daun kecipir, mentah;74;5,85;1,1;14,1;-
11599;Umbi kecipir, mentah;148;11,6;0,9;28,1;-
11601;Yam, mentah;118;1,53;0,17;27,88;4,1
11602;Ubi, dimasak, direbus, dikeringkan, atau dipanggang, tanpa garam;116;1,49;0,14;27,48;3,9
11603;Bengkuang (Yambean/Jicama), mentah;38;0,72;0,09;8,82;4,9
11604;Bengkuang (Yambean/Jicama), dimasak, direbus, tiriskan, tanpa garam;38;0,72;0,09;8,82;-
11605;Bit, harvard, kalengan, padatan dan cairan;73;0,84;0,06;18,18;2,5
11609;Bit, acar, kalengan, padatan dan cairan;65;0,8;0,08;16,28;0,8
11613;Borage, mentah;21;1,8;0,7;3,06;-
11614;Borage, dimasak, direbus, tiriskan, tanpa garam;25;2,09;0,81;3,55;-
11615;Bawang Kucai, beku-kering;311;21,2;3,5;64,29;26,2
11616;Sorrel, mentah;22;2;0,7;3,2;2,9
11617;Sorrel, dimasak, direbus, tiriskan, tanpa garam;20;1,83;0,64;2,93;2,6
11618;Eppaw, mentah;150;4,6;1,8;31,68;-
11620;Buah Kelor, mentah;37;2,1;0,2;8,53;3,2
11621;Buah Kelor, dimasak, direbus, dikeringkan, tanpa garam;36;2,09;0,19;8,18;4,2
11622;Kale, scotch, mentah;42;2,8;0,6;8,32;1,7
11623;Kale, scotch, dimasak, direbus, tiriskan, tanpa garam;28;1,9;0,41;5,63;1,2
11624;Daun bawang, (umbi dan bagian daun lebih rendah), dikering-bekukan;321;15,2;2,1;74,65;10,4
11625;Peterseli, beku-kering;271;31,3;5,2;42,38;32,7
11626;Buncis, hijau, biji matang, kecambah, kaleng, padatan yang dikeringkan;12;1,4;0,06;2,14;0,8
11632;Cabai Jalapeno, kalengan, padatan, dan cairan;27;0,92;0,94;4,74;2,6
11634;Paprika, manis, hijau, beku-kering;314;17,9;3;68,7;21,3
11637;Lobak radish, putih, mentah;14;1,1;0,1;2,63;1,4
11640;Bawang merah, beku-kering;348;12,3;0,5;80,7;15,7
11641;Labu botol/air, semua varietas, mentah;16;1,21;0,18;3,35;1,1
11642;Labu botol/air, semua varietas, dimasak, direbus, tiriskan, tanpa garam;20;0,91;0,31;4,31;1,4
11643;Labu Parang/Kuning, semua varietas, mentah;34;0,95;0,13;8,59;1,5
11644;Labu Parang/Kuning, semua varietas, dimasak, dipanggang, tanpa garam;37;0,89;0,35;8,85;2,8
11645;Ubi jalar, kaleng, paket sirup, padatan dan cairan;89;0,98;0,2;20,93;2,5
11647;Ubi jalar, kaleng, paket sirup, padatan yang dikeringkan;108;1,28;0,32;25,36;3
11649;Produk tomat, kalengan, saus, gaya Spanyol;33;1,44;0,27;7,24;1,4
11653;Buncis, pinto, biji matang, kecambah, mentah;62;5,25;0,9;11,6;-
11654;Buncis, pinto, biji matang, kecambah, dimasak, direbus, dikeringkan, tanpa garam;22;1,86;0,32;4,1;-
11655;Jus wortel, kalengan;40;0,95;0,15;9,28;0,8
11656;Puding jagung, disiapkan di rumah;131;4,42;5,04;16,97;1,2
11657;Kentang, dihaluskan, disiapkan di rumah, seluruh susu ditambahkan;83;1,91;0,57;17,57;1,5
11658;Bayam spinacia Souffle;172;7,89;12,95;5,9;0,7
11659;Ubi jalar, dimasak, manisan, disiapkan di rumah;164;0,89;3,54;32,12;2,1
11660;Tomat, dikurangi, matang, dimasak, direbus;79;1,96;2,68;13,05;1,7
11663;Rumput laut, agar, dikeringkan;306;6,21;0,3;80,88;7,7
11666;Rumput laut, spirulina, mentah;26;5,92;0,39;2,42;0,4
11667;Rumput laut, spirulina, kering;290;57,47;7,72;23,9;3,6
11669;Rumput laut, wakame, mentah;45;3,03;0,64;9,14;0,5
11670;Cabai pedas, hijau, mentah;40;2;0,2;9,46;1,5
11671;Kentang, o'brien, disiapkan sendiri;81;2,35;1,28;15,47;-
11672;Panekuk kentang;268;6,08;14,76;27,81;3,3
11674;Kentang, dipanggang, daging dan kulit, tanpa garam;93;2,5;0,13;21,15;2,2
11675;Kentang, microwave, dimasak dalam kulit, daging dan kulit, tanpa garam;105;2,44;0,1;24,24;2,3
11676;Biji lobak radish, tumbuh, mentah;43;3,81;2,53;3,6;-
11677;Bawang merah, mentah;72;2,5;0,1;16,8;3,2
11683;Wortel, kering;341;8,1;1,49;79,57;23,6
11693;Tomat, dihancurkan, kalengan;32;1,64;0,28;7,29;1,9
11695;Tomat, oranye, mentah;16;1,16;0,19;3,18;0,9
11696;Tomat, kuning, mentah;15;0,98;0,26;2,98;0,7
11697;Garut, mentah;65;4,24;0,2;13,39;1,3
11698;Daun krisan, mentah;24;3,36;0,56;3,01;3
11700;Daun bayam, dimasak, direbus, dikeringkan, dengan garam;21;2,11;0,18;4,11;-
11701;Arrowhead, dimasak, direbus, dikeringkan, dengan garam;78;4,49;0,1;16,14;-
11702;Artichoke, (globe atau Perancis), dimasak, direbus, dikeringkan, dengan garam;51;2,89;0,34;11,39;5,7
11703;Artichoke, (globe atau Perancis), beku, dimasak, direbus, dikeringkan, dengan garam;45;3,11;0,5;9,18;4,6
11705;Asparagus, dimasak, direbus, dikeringkan, dengan garam;22;2,4;0,22;4,11;2
11707;Asparagus, kaleng, tanpa garam, padatan dan cairan;15;1,8;0,18;2,48;1
11709;Asparagus, beku, dimasak, direbus, tiriskan, dengan garam;18;2,95;0,42;1,92;1,6
11710;Pare (Peria), pucuk daun, dimasak, direbus, tiriskan, dengan garam;32;3,6;0,2;6,16;1,9
11711;Pare (Peria), polong, dimasak, direbus, tiriskan, dengan garam;19;0,84;0,18;4,32;2
11712;Rebung, dimasak, direbus, dikeringkan, dengan garam;11;1,53;0,22;1,52;1
11713;Kacang merah, biji matang, tumbuh, dimasak, direbus, dikeringkan, dengan garam;33;4,83;0,58;4,72;-
11714;Lima kacang, biji belum matang, dimasak, direbus, dikeringkan, dengan garam;123;6,81;0,32;23,64;5,3
11715;Lima kacang, biji belum matang, kalengan, tanpa garam ditambahkan, padatan dan cairan;71;4,07;0,29;13,33;3,6
11716;Lima kacang, biji belum matang, beku, bayi, dimasak, direbus, dikeringkan, dengan garam;105;6,65;0,3;19,45;4,8
11717;Lima kacang, biji belum matang, beku, fordhook, dimasak, direbus, dikeringkan, dengan garam;103;6,07;0,34;19,32;5,3
11718;Kacang hijau, biji matang, kecambah, dimasak, direbus, tiriskan, dengan garam;19;2,03;0,09;3,6;0,8
11719;Buncis, navy, biji matang, kecambah, dimasak, direbus, dikeringkan, dengan garam;78;7,07;0,81;15,01;-
11720;Buncis, pinto, biji belum matang, beku, dimasak, direbus, dikeringkan, dengan garam;162;9,31;0,48;30,87;5,4
11721;Buncis, pinto, biji matang, kecambah, dimasak, direbus, dikeringkan, dengan garam;20;1,86;0,32;3,5;-
11722;Buncis, jepret, kuning, mentah;31;1,82;0,12;7,13;3,4
11723;Buncis, snap, hijau, matang, rebus, tiriskan, dengan garam;35;1,89;0,28;7,88;3,2
11724;Buncis, jepret, kuning, matang, rebus, tiriskan, tanpa garam;35;1,89;0,28;7,88;3,3
11725;Buncis, jepret, kuning, matang, rebus, tiriskan, dengan garam;35;1,89;0,28;7,88;3,3
11726;Buncis, jepret, hijau, kalengan, tanpa garam ditambahkan, padatan dan cairan;15;0,8;0,1;3,5;1,5
11727;Buncis, jepret, kuning, kaleng, bungkus reguler, padatan dan cairan;15;0,8;0,1;3,5;1,5
11728;Buncis, jepret, kuning, kaleng, tanpa garam ditambahkan, padatan dan cairan;15;0,8;0,1;3,5;1,5
11729;Buncis, jepret, hijau, kalengan, tanpa garam ditambahkan, padatan yang dikeringkan;22;1,12;0,46;4,32;1,9
11730;Buncis, jepret, kuning, beku, semua gaya, tidak siap;33;1,8;0,21;7,58;2,8
11731;Buncis, jepret, hijau, beku, matang, rebus, tiriskan, dengan garam;28;1,49;0,17;6,45;3
11732;Buncis, jepret, kuning, beku, direbus, tanpa garam;28;1,49;0,17;6,45;3
11733;Buncis, jepret, kuning, beku, direbus, dengan garam;28;1,49;0,17;6,45;3
11734;Bit, dimasak, direbus. dikeringkan, dengan garam;44;1,68;0,18;9,96;2
11735;Bit, kalengan, tanpa garam, padatan dan cairan;28;0,8;0,07;6,57;1,2
11736;Bit hijau, dimasak, direbus, tiriskan, dengan garam;27;2,57;0,2;5,46;2,9
11737;Borage, dimasak, direbus, tiriskan, dengan garam;25;2,09;0,81;3,55;-
11738;Broadbeans, biji belum matang, dimasak, direbus, dikeringkan, dengan garam;62;4,8;0,5;10,1;-
11739;Brokoli, daun, mentah;28;2,98;0,35;5,06;2,3
11740;Brokoli, cluster bunga, mentah;28;2,98;0,35;5,06;2,3
11741;Brokoli, batang, mentah;28;2,98;0,35;5,24;-
11742;Brokoli, dimasak, direbus, tiriskan, dengan garam;35;2,38;0,41;7,18;3,3
11743;Brokoli, beku, cincang, dimasak, direbus, tiriskan, dengan garam;28;3,1;0,12;5,35;3
11744;Brokoli, beku, muda, dimasak, direbus, tiriskan, dengan garam;28;3,1;0,11;5,35;3
11745;Kecambah brussel, dimasak, direbus, dikeringkan, dengan garam;36;2,55;0,5;7,1;2,6
11746;Kecambah brussel, beku, dimasak, direbus, tiriskan, dengan garam;42;3,64;0,39;8,32;4,1
11747;Akar burdock, dimasak, direbus, dikeringkan, dengan garam;88;2,09;0,14;21,15;1,8
11748;Butterbur, dimasak, direbus, dikeringkan, dengan garam;8;0,23;0,02;2,16;-
11749;Kubis, baru panen, mentah;24;1,21;0,18;5,37;2,3
11750;Kubis, disimpan, mentah;24;1,21;0,18;5,37;2,3
11751;Kubis, dimasak, direbus, tiriskan, dengan garam;23;1,27;0,06;5,51;1,9
11752;Kubis merah, dimasak, direbus, tiriskan, dengan garam;29;1,51;0,09;6,94;2,6
11753;Kubis sawi, dimasak, direbus, tiriskan, dengan garam;24;1,8;0,09;5,41;2,8
11754;Pakcoy, dimasak, direbus, tiriskan, dengan garam;12;1,56;0,16;1,78;1
11755;Sawi putih (Petsai), dimasak, direbus, tiriskan, dengan garam;14;1,5;0,17;2,41;1,7
11756;Cardoon, dimasak, direbus, tiriskan, dengan garam;20;0,76;0,11;4,74;1,7
11757;Wortel, dimasak, direbus, tiriskan, dengan garam;35;0,76;0,18;8,22;3
11758;Wortel, kalengan, tanpa garam, padatan dan cairan;23;0,59;0,14;5,36;1,8
11759;Wortel, kalengan, tanpa garam, padatan yang dikeringkan;25;0,64;0,19;5,54;1,5
11760;Wortel, beku, dimasak, direbus, tiriskan, dengan garam;37;0,58;0,68;7,73;3,3
11761;Kembang kol, dimasak, direbus, tiriskan, dengan garam;23;1,84;0,45;4,11;2,3
11762;Kembang kol, beku, dimasak, direbus, tiriskan, dengan garam;17;1,61;0,22;3,16;2,7
11763;Celeriac (Seledri Akar), dimasak, direbus, tiriskan, dengan garam;27;0,96;0,19;5,9;-
11764;Seledri, dimasak, direbus, tiriskan, dengan garam;18;0,83;0,16;4;1,6
11765;Swiss Chard, dimasak, direbus, tiriskan, dengan garam;20;1,88;0,08;4,13;2,1
11766;Labu Siam, buah, dimasak, direbus, tiriskan, dengan garam;22;0,62;0,48;4,5;2,8
11767;Shungiku (Garland Chrysanthemum), dimasak, direbus, tiriskan, dengan garam;20;1,64;0,09;4,31;2,3
11768;Sawi kubis, dimasak, direbus, dikeringkan, dengan garam;33;2,71;0,72;5,65;4
11769;Sawi kubis, beku, dicincang, dimasak, direbus, dikeringkan, dengan garam;36;2,97;0,41;7,1;2,8
11770;Jagung, manis, kuning, matang, rebus, tiriskan, dengan garam;96;3,41;1,5;20,98;2,4
11771;Jagung, manis, kuning, kalengan, tanpa garam, padatan dan cairan;61;1,95;0,77;13,86;1,7
11772;Jagung, manis, kuning, kalengan, gaya krim, tanpa garam;72;1,74;0,42;18,13;1,2
11773;Jagung, manis, kuning, kaleng, paket vakum, tanpa garam;79;2,41;0,5;19,44;2
11774;Jagung, manis, kuning, beku, kernel, potong tongkolnya, rebus, tiriskan, dengan garam;79;2,55;0,67;18,71;2,4
11775;Jagung, manis, kuning, beku, kernel tongkol, dimasak, direbus, tiriskan, dengan garam;94;3,11;0,74;22,33;2,8
11777;Kacang tunggak blackeyes, biji belum matang, dimasak, direbus, dikeringkan, dengan garam;94;3,17;0,38;19,73;5
11778;Kacang tunggak blackeyes, biji belum matang, beku, dimasak, direbus, dikeringkan, dengan garam;131;8,49;0,66;23,5;6,4
11779;Kacang tunggak, polong muda dengan biji, dimasak, direbus, dikeringkan, dengan garam;34;2,6;0,3;7;-
11780;Kacang tunggak, ujung berdaun, dimasak, direbus, tiriskan, dengan garam;22;4,67;0,1;2,8;-
11781;Cress, taman, matang, rebus, tiriskan, dengan garam;23;1,9;0,6;3,8;0,7
11782;Sayuran dandelion, dimasak, direbus, dikeringkan, dengan garam;33;2;0,6;6,4;2,9
11783;Terong, dimasak, direbus, tiriskan, dengan garam;33;0,83;0,23;8,14;2,5
11784;Labu air (calabash), dimasak, direbus, tiriskan, dengan garam;13;0,6;0,02;3,1;1,2
11785;Oyong / Gambas (Towelgourd), dimasak, direbus, dikeringkan, dengan garam;54;0,66;0,34;13,75;2,9
11786;Daun Kelor, dimasak, direbus, dikeringkan, dengan garam;60;5,27;0,93;11,15;2
11787;Buah Kelor, dimasak, direbus, dikeringkan, dengan garam;36;2,09;0,19;8,18;4,2
11788;Buncis, biji belum matang, dimasak, direbus, dikeringkan, dengan garam;50;2,95;0,27;9,2;-
11789;Rami, potherb, dimasak, direbus, tiriskan, dengan garam;37;3,68;0,2;7,29;2
11790;Kale, dimasak, direbus, tiriskan, dengan garam;28;1,9;0,4;5,63;2
11791;Kale, beku, dimasak, direbus, tiriskan, dengan garam;30;2,84;0,49;5,23;2
11792;Kale, scotch, dimasak, direbus, tiriskan, dengan garam;28;1,9;0,41;5,62;-
11793;Kohlrabi, dimasak, direbus, tiriskan, dengan garam;29;1,8;0,11;6,69;1,1
11794;Lambsquarters, dimasak, direbus, dikeringkan, dengan garam;32;3,2;0,7;5;2,1
11795;Daun bawang, (umbi dan bagian daunnya lebih rendah), dimasak, direbus, dikeringkan, dengan garam;31;0,81;0,2;7,62;1
11796;Akar teratai, dimasak, direbus, dikeringkan, dengan garam;66;1,58;0,07;16,02;3,1
11797;Jamur, putih, matang, rebus, tiriskan, dengan garam;28;2,17;0,47;5,29;2,2
11798;Jamur, shiitake, dimasak, dengan garam;56;1,56;0,22;14,39;2,1
11799;Mizuna (Mustard Greens), dimasak, direbus, tiriskan, dengan garam;26;2,56;0,47;4,51;2
11800;Sawi Pahit, beku, dimasak, direbus, tiriskan, dengan garam;19;2,27;0,25;3,11;2,8
11801;Sawi Pagoda, tendergreen, dimasak, direbus, dikeringkan, dengan garam;16;1,7;0,2;2,8;2
11802;Bayam spinacia Selandia Baru, dimasak, direbus, tiriskan, dengan garam;12;1,3;0,17;2,13;1,4
11803;Okra, dimasak, direbus, tiriskan, dengan garam;22;1,87;0,21;4,51;2,5
11804;Okra, beku, matang, rebus, tiriskan, dengan garam;34;1,63;0,24;6,41;2,1
11805;Bawang Bombay, dimasak, direbus, tiriskan, dengan garam;42;1,36;0,19;9,56;1,4
11806;Bawang Bombay, beku, dicincang, dimasak, direbus, tiriskan, dengan garam;26;0,77;0,1;6;1,7
11807;Bawang Bombay, beku, utuh, matang, rebus, tiriskan, dengan garam;26;0,71;0,05;6,11;1,4
11808;Lobak parsnips, dimasak, direbus, tiriskan, dengan garam;71;1,32;0,3;17,01;4
11809;Kacang polong, dapat dimakan, dimasak, direbus, dikeringkan, dengan garam;40;3,27;0,23;6,46;2,8
11810;Kacang polong, dapat dimakan-pod, beku, dimasak, direbus, dikeringkan, dengan garam;50;3,5;0,38;8,43;3,1
11811;Kacang polong, hijau, matang, rebus, tiriskan, dengan garam;84;5,36;0,22;15,63;5,5
11812;Kacang polong, hijau, kalengan, tanpa garam, padatan dan cairan;53;3,19;0,3;9,75;3,3
11813;Kacang polong, hijau, kalengan, tanpa garam, padatan yang dikeringkan;69;4,42;0,35;12,58;4,1
11814;Kacang polong, hijau, beku, matang, rebus, tiriskan, dengan garam;78;5,15;0,27;14,26;4,5
11815;Kacang polong, biji matang, bertunas, dimasak, direbus, dikeringkan, dengan garam;98;7,05;0,51;17,08;-
11816;Kacang polong dan wortel, kalengan, tanpa garam ditambahkan, padatan dan cairan;38;2,17;0,27;8,48;3,3
11817;Kacang polong dan wortel, beku, dimasak, direbus, tiriskan, dengan garam;48;3,09;0,42;10,12;3,1
11818;Kacang polong dan bawang bombai, beku, dimasak, direbus, tiriskan, dengan garam;45;2,54;0,2;8,63;2,2
11819;Cabai pedas, merah, mentah;40;1,87;0,44;8,81;1,5
11820;Cabai, dikurangi, kalengan, tidak termasuk biji, padatan dan cairan;21;0,9;0,1;5,1;1,3
11821;Paprika, manis, berkurang, mentah;31;0,99;0,3;6,03;2,1
11822;Paprika, manis, hijau, matang, rebus, tiriskan, dengan garam;26;0,92;0,2;6,11;1,2
11823;Paprika, manis, diperkecil, dimasak, direbus, dikeringkan, tanpa garam;28;0,92;0,2;6,7;1,2
11824;Paprika, manis, diperkecil, dimasak, direbus, dikeringkan, dengan garam;26;0,92;0,2;6,11;1,2
11825;Paprika, manis, hijau, beku, dicincang, dimasak, direbus, dikeringkan, dengan garam;16;0,95;0,18;3,31;0,9
11826;Kacang gude, biji belum matang, dimasak, direbus, dikeringkan, dengan garam;111;5,96;1,36;19,49;4,2
11827;Rebung Pokeberry, (poke), dimasak, direbus, dikeringkan, dengan garam;20;2,3;0,4;3,1;1,5
11828;Kentang, dipanggang, daging dan kulit, dengan garam;93;2,5;0,13;21,15;2,2
11829;Kentang, dipanggang, daging, dengan garam;93;1,96;0,1;21,55;1,5
11830;Kentang, dipanggang, hanya kulit, dengan garam;198;4,29;0,1;46,06;7,9
11831;Kentang, direbus, dimasak dalam kulit, daging, dengan garam;87;1,87;0,1;20,13;2
11832;Kentang, direbus, dimasak di kulit, kulit, dengan garam;78;2,86;0,1;17,2;3,3
11833;Kentang, direbus, dimasak tanpa kulit, daging, dengan garam;86;1,71;0,1;20,01;2
11834;Kentang, microwave, dimasak, di kulit, daging dan kulit, dengan garam;105;2,44;0,1;24,24;2,3
11835;Kentang, microwave, dimasak di kulit, daging, dengan garam;100;2,1;0,1;23,28;1,6
11836;Kentang, microwave, dimasak, di kulit, kulit dengan garam;132;4,39;0,1;29,63;5,5
11837;Kentang, beku, utuh, matang, rebus, tiriskan, dengan garam;63;1,98;0,13;13,93;1,4
11840;Kentang, beku, goreng Prancis, par goreng, potongan pondok, disiapkan, dipanaskan dalam oven, dengan garam;218;3,44;8,2;34,03;3,2
11841;Kentang, kentang goreng, semua jenis, garam tidak ditambahkan dalam pemrosesan, beku, dipanaskan dengan oven;172;2,66;5,22;28,71;2,6
11842;Kentang, kentang goreng, semua jenis, garam tidak ditambahkan dalam pemrosesan, dibekukan, seperti yang dibeli;150;2,24;4,66;24,81;1,9
11843;Kentang, au gratin, disiapkan sendiri dari resep menggunakan margarin;132;5,06;7,59;11,27;1,8
11844;Kentang, bergigi, disiapkan di rumah dengan margarin;88;2,87;3,68;10,78;1,9
11845;Labu Kuning, dimasak, direbus, tiriskan, dengan garam;18;0,72;0,07;4,31;1,1
11846;Labu Kuning, kalengan, dengan garam;34;1,1;0,28;8,09;2,9
11847;Bunga Labu Kuning, dimasak, direbus, tiriskan, dengan garam;15;1,09;0,08;3,18;0,9
11848;Daun Labu Kuning, dimasak, direbus, tiriskan, dengan garam;21;2,72;0,22;3,39;2,7
11849;Purslane, dimasak, direbus, tiriskan, dengan garam;18;1,49;0,19;3,55;-
11850;Lobak radish, oriental, dimasak, direbus, tiriskan, dengan garam;17;0,67;0,24;3,43;1,6
11851;Rutabaga, dimasak, direbus, dikeringkan, dengan garam;30;0,93;0,18;6,84;1,8
11852;Salsifikasi, dimasak, direbus, tiriskan, dengan garam;68;2,73;0,17;15,36;3,1
11853;Kedelai, hijau, matang, rebus, tiriskan, dengan garam;141;12,35;6,4;11,05;4,2
11854;Bayam spinacia, dimasak, direbus, tiriskan, dengan garam;23;2,97;0,26;3,75;2,4
11855;Bayam spinacia, kaleng, tanpa garam, padatan dan cairan;19;2,11;0,37;2,92;2,2
11856;Bayam spinacia, beku, cincang atau daun, dimasak, direbus, tiriskan, dengan garam;34;4,01;0,87;4,8;3,7
11857;Labu botol/air, semua varietas, dimasak, direbus, tiriskan, dengan garam;20;0,91;0,31;4,31;1,4
11858;Labu botol, dimasak, direbus, tiriskan, dengan garam;19;1,04;0,39;3,79;1,1
11859;Labu botol, beku, dimasak, direbus, tiriskan, dengan garam;25;1,28;0,2;5,54;1,4
11860;Labu scallop kuning, dimasak, direbus, tiriskan, dengan garam;16;1,03;0,17;3,3;1,9
11861;Zucchini, musim panas, termasuk kulit, dimasak, direbus, dikeringkan, dengan garam;15;1,14;0,36;2,69;1
11862;Zucchini, musim panas, termasuk kulit, beku, dimasak, direbus, tiriskan, dengan garam;14;1,15;0,13;2,97;1,3
11863;Labu Parang/Kuning, semua varietas, dimasak, dipanggang, dengan garam;37;0,89;0,35;8,85;2,8
11864;Biji Labu Parang/Kuning, dimasak, dipanggang, dengan garam;56;1,12;0,14;14,58;4,4
11865;Biji Labu Parang/Kuning, dimasak, direbus, dihaluskan, dengan garam;34;0,67;0,08;8,79;2,6
11866;Labu Madu, dimasak, dipanggang, dengan garam;40;0,9;0,09;10,49;3,2
11867;Labu Madu, beku, dimasak, direbus, dengan garam;39;1,23;0,07;10,04;-
11868;Labu Parang/Kuning hubbard, dipanggang, dengan garam;50;2,48;0,62;10,81;4,9
11869;Labu Parang/Kuning hubbard, dimasak, direbus, dihaluskan, dengan garam;30;1,48;0,37;6,46;2,9
11870;Labu Parang/Kuning, spageti, dimasak, direbus, dikeringkan, atau dipanggang, dengan garam;27;0,66;0,26;6,46;1,4
11871;Succotash, (jagung dan limas), dimasak, direbus, dikeringkan, dengan garam;111;5,07;0,8;24,37;-
11872;Succotash, (jagung dan limas), dibekukan, dimasak, direbus, dikeringkan, dengan garam;93;4,31;0,89;19,95;4,1
11873;Kangkung, dimasak, direbus, tiriskan, dengan garam;20;2,08;0,24;3,7;1,9
11874;Daun ubi jalar, dimasak, dikukus, dengan garam;35;2,18;0,34;7,38;1,9
11875;Ubi jalar, dimasak, dipanggang di kulit, daging, dengan garam;92;2,01;0,15;20,71;3,3
11876;Ubi jalar, dimasak, direbus, tanpa kulit, dengan garam;76;1,37;0,14;17,72;2,5
11877;Ubi jalar, beku, dimasak, dipanggang, dengan garam;100;1,71;0,12;23,4;1,8
11878;Talas, dimasak, dengan garam;142;0,52;0,11;34,6;5,1
11879;Talas, daunnya, dimasak, dikukus, dengan garam;24;2,72;0,41;3,89;2
11880;Talas, rebung, dimasak, dengan garam;14;0,73;0,08;3,19;-
11881;Talas, tahitian, dimasak, dengan garam;44;4,16;0,68;6,85;-
11884;Tomat, dikurangi, matang, dimasak, dengan garam;18;0,95;0,11;4,01;0,7
11885;Tomat, dikurangi, matang, kalengan, dikemas dalam jus tomat, tanpa garam;16;0,79;0,25;3,47;1,9
11886;Jus tomat, kaleng, tanpa garam;17;0,85;0,29;3,53;0,4
11888;Produk tomat, kalengan, bubur, dengan garam;38;1,65;0,21;8,98;1,9
11889;Turnip, dimasak, direbus, tiriskan, dengan garam;22;0,71;0,08;5,06;2
11890;Turnip, beku, matang, rebus, tiriskan, dengan garam;21;1,53;0,24;3,73;2
11891;Turnip hijau, dimasak, direbus, tiriskan, dengan garam;20;1,14;0,23;4,36;3,5
11892;Turnip hijau, beku, dimasak, direbus, tiriskan, dengan garam;29;3,35;0,42;4,98;3,4
11893;Turnip hijau dan Turnip, beku, dimasak, direbus, tiriskan, dengan garam;34;2,99;0,38;4,74;3,1
11894;Sayuran, dicampur, beku, dimasak, direbus, dikeringkan, dengan garam;60;2,86;0,15;13,09;4,4
11895;Labu lilin, dimasak, direbus, dikeringkan, dengan garam;11;0,4;0,2;2,45;1
11896;Kecipir, biji belum matang, dimasak, direbus, tiriskan, dengan garam;37;5,31;0,66;3,21;-
11897;Ubi, dimasak, direbus, dikeringkan, atau dipanggang, dengan garam;114;1,49;0,14;26,99;3,9
11898;Bengkuang (Yambean/Jicama), dimasak, direbus, tiriskan, dengan garam;36;0,72;0,09;8,23;-
11899;Kacang panjang, dimasak, direbus, tiriskan, dengan garam;47;2,53;0,1;9,17;-
11900;Jagung, manis, putih, mentah;86;3,22;1,18;19,02;2,7
11901;Jagung, manis, putih, matang, rebus, tiriskan, tanpa garam;97;3,34;1,41;21,71;2,7
11902;Jagung, manis, putih, matang, rebus, tiriskan, dengan garam;97;3,34;1,41;21,71;2,7
11903;Jagung, manis, putih, kalengan, seluruh kernel, paket reguler, padatan dan cairan;64;1,95;0,5;15,41;1,7
11904;Jagung, manis, putih, kalengan, inti utuh, tanpa garam, padatan dan cairan;64;1,95;0,5;15,41;0,7
11905;Jagung, manis, putih, kalengan, inti utuh, padatan yang dikeringkan;71;2,32;1,37;15,06;2,3
11906;Jagung, manis, putih, kalengan, gaya krim, paket reguler;74;1,74;0,42;18,62;1,2
11907;Jagung, manis, putih, kalengan, gaya krim, tanpa garam;72;1,74;0,42;18,13;1,2
11908;Jagung, manis, putih, kaleng, paket vakum, paket reguler;79;2,41;0,5;19,44;2
11909;Jagung, manis, putih, kaleng, paket vakum, tanpa garam;79;2,41;0,5;19,44;2
11910;Jagung, manis, putih, beku, kernel memotong tongkolnya, tidak siap;88;3,02;0,77;20,73;2,9
11911;Jagung, manis, putih, beku, kernel memotong tongkol, direbus, dikeringkan, tanpa garam;80;2,75;0,43;19,56;2,4
11912;Jagung, manis, putih, beku, kernel memotong tongkol, direbus, dikeringkan, dengan garam;80;2,75;0,43;19,56;2,4
11913;Jagung, manis, putih, beku, kernel tongkol, tidak siap;98;3,28;0,78;23,5;2,8
11914;Jagung, manis, putih, beku, kernel tongkol, dimasak, direbus, tiriskan, tanpa garam;94;3,11;0,74;22,33;2,1
11915;Jagung, manis, putih, beku, kernel tongkol, dimasak, direbus, tiriskan, dengan garam;94;3,11;0,74;22,33;2,8
11916;Paprika, manis, tereduksi, kalengan, padatan dan cairan;18;0,8;0,3;3,9;1,2
11917;Paprika, manis, berkurang, beku, cincang, tidak siap;20;1,08;0,21;4,45;1,6
11918;Paprika, manis, berkurang, beku, dicincang, dimasak, direbus, dikeringkan, tanpa garam;16;0,95;0,18;3,31;0,8
11919;Paprika, manis, berkurang, beku, dicincang, dimasak, direbus, dikeringkan, dengan garam;16;0,95;0,18;3,31;0,8
11921;Paprika, manis, berkurang, tumis;133;1,04;12,75;6,57;1,8
11922;Bunga turi/sesbania, dimasak, dikukus, dengan garam;21;1,14;0,05;5,1;-
11923;Kedelai, biji matang, tumbuh, dimasak, dikukus, dengan garam;81;8,47;4,45;6,53;0,8
11924;Kedelai, biji matang, tumbuh, dimasak, tumis, dengan garam;125;13,1;7,1;9,4;0,8
11925;Sorrel, dimasak, direbus, tiriskan, dengan garam;20;1,83;0,64;2,93;-
11926;Lentil, bertunas, dimasak, tumis, dengan garam;101;8,8;0,45;21,25;-
11927;Ubi gunung, hawai, dimasak, dikukus, dengan garam;82;1,73;0,08;19,99;-
11928;Pakis pohon, dimasak, dengan garam;40;0,29;0,07;10,78;3,7
11929;Kentang, dihaluskan, dibuat dari butiran, tanpa susu, susu murni dan margarin;108;2,05;4,93;14,4;2,2
11930;Kentang, dihaluskan, didehidrasi, dibuat dari serpihan tanpa susu, susu murni dan margarin ditambahkan;113;1,9;5,6;15,02;2,3
11931;Paprika, manis, berkurang, beku-kering;314;17,9;3;68,7;21,3
11932;Buncis, jepret, kuning, kaleng, bungkus reguler, dikeringkan;20;1,15;0,1;4,5;1,3
11933;Buncis, jepret, kuning, kaleng, tanpa garam, padatan yang dikeringkan;20;1,15;0,1;4,5;1,3
11934;Kentang, dihaluskan, disiapkan di rumah, seluruh susu dan mentega ditambahkan;113;1,86;4,22;16,81;1,5
11935;Saus tomat;101;1,04;0,1;27,4;0,3
11936;Jamur, cokelat, Italia, atau crimini, terkena sinar ultraviolet, mentah;22;2,5;0,1;4,3;0,6
11937;Acar, mentimun, adas atau adas halal;12;0,5;0,3;2,41;1
11938;Jamur, putih, terkena sinar ultraviolet, mentah;22;3,09;0,34;3,26;1
11939;Jamur, portabella, terkena sinar ultraviolet, dipanggang;29;3,28;0,58;4,44;2,2
11940;Acar, mentimun, manis (termasuk acar roti dan mentega);91;0,58;0,41;21,15;1
11941;Acar, mentimun, asam;11;0,33;0,2;2,26;1,2
11943;Pimento, kalengan;23;1,1;0,3;5,1;1,9
11944;Acar, relish, hot dog;91;1,5;0,46;23,35;1,5
11945;Acar, relish, manis;130;0,37;0,47;35,06;1,1
11946;Acar, mentimun, asam, natrium rendah;11;0,33;0,2;2,26;1,2
11947;Acar, mentimun, adas, sodium rendah;12;0,5;0,3;2,41;1
11948;Acar, mentimun, manis, natrium rendah (termasuk acar roti dan mentega);122;0,37;0,26;33,73;1,1
11949;Catsup, sodium rendah;101;1,04;0,1;27,4;0,3
11950;Jamur, enoki, mentah;37;2,66;0,29;7,81;2,7
11951;Paprika, manis, kuning, mentah;27;1;0,21;6,32;0,9
11952;Radicchio, mentah;23;1,43;0,25;4,48;0,9
11953;Zucchini, baby, mentah;21;2,71;0,4;3,11;1,1
11954;Tomatillo, mentah;32;0,96;1,02;5,84;1,9
11955;Tomat, dijemur;258;14,11;2,97;55,76;12,3
11956;Tomat, dijemur, dikemas dalam minyak, tiriskan;213;5,06;14,08;23,33;5,8
11957;Umbi adas fennel, mentah;31;1,24;0,2;7,3;3,1
11958;Acar, relish, hamburger;129;0,63;0,54;34,48;3,2
11959;Arugula, mentah;25;2,58;0,66;3,65;1,6
11960;Wortel, baby, mentah;35;0,64;0,13;8,24;2,9
11961;Palem cinta, kalengan;28;2,52;0,62;4,62;2,4
11962;Cabai pedas, dijemur;324;10,58;5,81;69,86;28,7
11963;Nopales, mentah;16;1,32;0,09;3,33;2,2
11964;Nopales, dimasak, tanpa garam;15;1,35;0,05;3,28;2
11965;Kembang kol, hijau, mentah;31;2,95;0,3;6,09;3,2
11967;Kembang kol, hijau, matang, tanpa garam;32;3,04;0,31;6,28;3,3
11968;Kembang kol, hijau, dimasak, dengan garam;32;3,04;0,31;6,28;3,3
11969;Kailan, dimasak;22;1,14;0,72;3,81;2,5
11970;Sawi Putih (napa cabbage), dimasak;12;1,1;0,17;2,23;-
11972;Rumput lemon (serai), mentah;99;1,82;0,49;25,31;-
11973;Buncis, fava, dalam polong, mentah;88;7,92;0,73;17,63;7,5
11974;Daun anggur, mentah;93;5,6;2,12;17,31;11
11975;Daun anggur, kaleng;69;4,27;1,97;11,71;9,9
11976;Lada/Merica Pisang, mentah;27;1,66;0,45;5,35;3,4
11977;Lada/Merica Serrano, mentah;32;1,74;0,44;6,7;3,7
11978;Lada/Merica Ancho, dikeringkan;281;11,86;8,2;51,42;21,6
11979;Cabai Jalapeno, mentah;29;0,91;0,37;6,5;2,8
11980;Cabai hijau, kalengan;21;0,72;0,27;4,6;1,7
11981;Paprika, Hongaria, mentah;29;0,8;0,41;6,7;1
11982;Paprika, pasilla, kering;345;12,35;15,85;51,13;26,8
11983;Acar, chowchow, dengan mustard bawang kembang kol, manis;121;1,5;0,9;26,64;1,5
11984;Epazote, mentah;32;0,33;0,52;7,44;3,8
11985;Fireweed, daun, mentah;103;4,71;2,75;19,22;10,6
11986;Gendola (Bayam Malabar), dimasak;23;2,98;0,78;2,71;2,1
11987;Jamur, tiram, mentah;33;3,31;0,41;6,09;2,3
11988;Jamur, telinga awan, kering;284;9,25;0,73;73,01;70,1
11989;Jamur, jerami, kaleng, padatan yang dikeringkan;32;3,83;0,68;4,64;2,5
11990;Wasabi, root, mentah;109;4,8;0,63;23,54;7,8
11991;Yautia (penyamakan kulit), mentah;98;1,46;0,4;23,63;1,5
11992;Jamur, putih, microwave;35;3,91;0,46;6,04;2,5
11993;Jamur, maitake, mentah;31;1,94;0,19;6,97;2,7
11994;Kailan, mentah;30;1,2;0,76;4,67;2,6
11995;Pakis fiddlehead, mentah;34;4,55;0,4;5,54;-
11996;Pakis fiddlehead, beku, tidak siap;34;4,31;0,35;5,74;-
11998;Jamur, portabella, terkena sinar ultraviolet, mentah;22;2,11;0,35;3,87;1,3
12001;Biji sukun, mentah;191;7,4;5,59;29,24;5,2
12003;Biji sukun, direbus;168;5,3;2,3;32;4,8
12004;Biji, biji pohon kacang, mentah;217;5,97;0,99;46,28;-
12005;Biji, biji pohon kacang, kering;367;8,62;1,68;79,39;14,9
12006;Biji, biji chia, kering;486;16,54;30,74;42,12;34,4
12007;Tepung biji kapas, sebagian dihilangkan lemaknya (glandless);359;40,96;6,2;40,54;3
12008;Tepung biji kapas, rendah lemak (glandless);332;49,83;1,41;36,1;-
12011;Makanan dari biji kapas, sebagian dihilangkan lemaknya (tanpa kelenjar);367;49,1;4,77;38,43;-
12012;Biji, biji rami, dikuliti;553;31,56;48,75;8,67;4
12013;Biji teratai, kering;332;15,41;1,97;64,47;-
12014;Biji Labu Kuning, kering;559;30,23;49,05;10,71;6
12016;Biji Labu Kuning, dipanggang, tanpa garam;574;29,84;49,05;14,71;6,5
12021;Kernel biji safflower, kering;517;16,18;38,45;34,29;-
12022;Tepung biji safflower, sebagian dihilangkan lemaknya;342;35,62;2,39;48,73;-
12023;Biji wijen, utuh, kering;573;17,73;49,67;23,45;11,8
12024;Biji wijen, utuh, dipanggang;565;16,96;48;25,74;14
12029;Biji wijen, kernel, dipanggang, tanpa garam (didekortasi);567;16,96;48;26,04;16,9
12032;Tepung wijen, sebagian dihilangkan lemaknya;382;40,32;11,89;35,14;-
12033;Tepung wijen, rendah lemak;333;50,14;1,75;35,51;-
12034;Wijen, makanan, sebagian dihilangkan lemaknya;567;16,96;48;26,04;-
12036;Biji bunga matahari, kernel, kering;584;20,78;51,46;20;8,6
12037;Biji bunga matahari, kernel, panggang kering, tanpa garam;582;19,33;49,8;24,07;11,1
12038;Biji bunga matahari, kernel, dipanggang minyak, tanpa garam;592;20,06;51,3;22,89;10,6
12039;Biji bunga matahari, kernel, dipanggang, tanpa garam;619;17,21;56,8;20,59;11,5
12040;Biji bunga matahari, mentega, tanpa garam;617;17,28;55,2;23,32;5,7
12041;Tepung biji bunga matahari, sebagian dihilangkan lemaknya;326;48,06;1,61;35,83;5,2
12058;Kacang, biji, mentah;387;6,15;23,86;40,75;-
12059;Kacang, biji, kering;509;8,1;31,41;53,66;-
12060;Kacang, tepung biji, lemak penuh;501;7,49;30,17;54,65;-
12061;Kacang almond;579;21,15;49,93;21,55;12,5
12062;Kacang almond, pucat;590;21,4;52,52;18,67;9,9
12063;Kacang almond, panggang kering, tanpa garam ditambahkan;598;20,96;52,54;21,01;10,9
12065;Kacang almond, minyak yang dipanggang, tanpa garam ditambahkan;607;21,23;55,17;17,68;10,5
12071;Kacang, pasta almond;458;9;27,74;47,81;4,8
12077;Kacang, beechnuts, dikeringkan;576;6,2;50;33,5;-
12078;Kacang brazil, dikeringkan, tidak berwarna;659;14,32;67,1;11,74;7,5
12084;Kacang, butternuts, kering;612;24,9;56,98;12,05;4,7
12085;Kacang mete, dipanggang kering, tanpa garam;574;15,31;46,35;32,69;3
12086;Kacang mete, minyak sangrai, tanpa garam;580;16,84;47,77;29,87;3,3
12087;Kacang mete, mentah;553;18,22;43,85;30,19;3,3
12088;Mentega mete, polos, tanpa garam;587;17,56;49,41;27,57;2
12093;Kacang, chestnut, Cina, mentah;224;4,2;1,11;49,07;-
12094;Kacang, chestnut, Cina, kering;363;6,82;1,81;79,76;-
12095;Kacang, chestnut, Cina, direbus dan dikukus;153;2,88;0,76;33,64;-
12096;Kacang, chestnut, Cina, dipanggang;239;4,48;1,19;52,36;-
12097;Kacang, chestnut, Eropa, mentah, tidak dikupas;213;2,42;2,26;45,54;8,1
12098;Kacang, chestnut, Eropa, mentah, dikupas;196;1,63;1,25;44,17;-
12099;Kacang, chestnut, Eropa, dikeringkan, tidak dikupas;374;6,39;4,45;77,31;11,7
12100;Kacang, chestnut, Eropa, dikeringkan, dikupas;369;5,01;3,91;78,43;-
12101;Kacang, chestnut, Eropa, direbus dan dikukus;131;2;1,38;27,76;-
12104;Daging kelapa, mentah;354;3,33;33,49;15,23;9
12108;Daging kelapa, dikeringkan, tidak dimaniskan;660;6,88;64,53;23,65;16,3
12109;Daging kelapa, dikeringkan, dimaniskan, dikupas, dikemas;456;3,13;27,99;51,85;9,9
12110;Daging kelapa, dikeringkan, dipermanis, dikupas, kaleng;443;3,35;31,69;40,91;4,5
12114;Daging kelapa, dikeringkan, dipanggang;592;5,3;47;44,4;-
12115;Kacang, krim kelapa, mentah (cairan disajikan dari daging parut);330;3,63;34,68;6,65;2,2
12116;Kacang, krim kelapa, kaleng, dimaniskan;357;1,17;16,31;53,21;0,2
12117;Kacang, santan, mentah (cairan disajikan dari daging dan air parut);230;2,29;23,84;5,54;2,2
12118;Kacang, santan, kaleng (cairan disajikan dari daging dan air parut);197;2,02;21,33;2,81;-
12119;Kacang-kacangan, air kelapa (cairan dari kelapa);19;0,72;0,2;3,71;1,1
12120;Kacang, hazelnut atau filber;628;14,95;60,75;16,7;9,7
12121;Kacang, hazelnut atau filber, pucat;629;13,7;61,15;17;11
12122;Kacang, hazelnut atau filber, dipanggang kering, tanpa ditambah garam;646;15,03;62,4;17,6;9,4
12127;Kacang ginkgo, mentah;182;4,32;1,68;37,6;-
12128;Kacang ginkgo, dikeringkan;348;10,35;2;72,45;-
12129;Kacang ginkgo, kalengan;111;2,29;1,62;22,1;9,3
12130;Kacang, hickorynuts, dikeringkan;657;12,72;64,37;18,25;6,4
12131;Kacang macadamia, mentah;718;7,91;75,77;13,82;8,6
12132;Kacang macadamia, panggang kering, tanpa garam ditambahkan;718;7,79;76,08;13,38;8
12135;Kacang campuran, panggang kering, dengan kacang tanah, tanpa garam ditambahkan;607;19,5;53,5;22,42;6,4
12136;Kacang campuran, panggang kering, dengan kacang tanah, garam ditambahkan, Planters campuran pistachio;580;21,95;49,3;22,51;8,1
12137;Kacang campuran, minyak bakar, dengan kacang tanah, tanpa garam ditambahkan;607;20,04;53,95;21,05;7
12138;Kacang campuran, minyak panggang, tanpa kacang, tanpa garam ditambahkan;615;15,52;56,17;22,27;5,5
12140;Kacang-kacangan, diformulasikan, berbahan dasar gandum, tanpa rasa, ditambah garam;622;13,82;57,7;23,68;5,2
12141;Kacang campuran, panggang kering, dengan kacang tanah, garam ditambahkan, Chosen Roaster;632;18;58,8;19,02;7,1
12142;Kacang pecan;691;9,17;71,97;13,86;9,6
12143;Kacang pecan, panggang kering, tanpa garam ditambahkan;710;9,5;74,27;13,55;9,4
12144;Kacang pecan, minyak panggang, tanpa garam ditambahkan;715;9,2;75,23;13,01;9,5
12145;Kacang, pilin, kering;719;10,8;79,55;3,98;-
12147;Kacang, kacang pinus, kering;673;13,69;68,37;13,08;3,7
12149;Kacang pinus, pinyon, kering;629;11,57;60,98;19,3;10,7
12151;Kacang pistachio, mentah;560;20,16;45,32;27,17;10,6
12152;Kacang pistachio, panggang kering, tanpa garam ditambahkan;572;21,05;45,82;28,28;10,3
12154;Kacang, kenari, hitam, kering;619;24,06;59,33;9,58;6,8
12155;Kacang, kenari, bahasa Inggris;654;15,23;65,21;13,71;6,7
12156;Kacang, kenari, berkaca;500;8,28;35,71;47,59;3,6
12157;Kacang, kenari, panggang kering, ditambah garam;643;14,29;60,71;17,86;7,1
12158;Biji sukun, dipanggang;207;6,2;2,7;40,1;6
12160;Kernel biji kapas, dipanggang (glandless);506;32,59;36,29;21,9;5,5
12163;Biji Labu Kuning, utuh, dipanggang, tanpa garam;446;18,55;19,4;53,75;18,4
12166;Mentega wijen, tahini, dari biji panggang (jenis yang paling umum);595;17;53,76;21,19;9,3
12167;Kacang, chestnut, Eropa, dipanggang;245;3,17;2,2;52,96;5,1
12169;Mentega wijen, tempel;586;18,08;50,87;24,05;5,5
12170;Tepung wijen, tinggi lemak;526;30,78;37,1;26,62;-
12171;Mentega wijen, tahini, dari biji yang tidak dipanggang;607;17,95;56,44;17,89;9,3
12174;Biji semangka, kernel, kering;557;28,33;47,37;15,31;-
12175;Kacang, chestnut, Jepang, kering;360;5,25;1,24;81,43;-
12176;Kacang, santan, beku (cairan disajikan dari daging dan air parut);202;1,61;20,8;5,58;-
12177;Daging kelapa, kering (kering), krim;684;5,3;69,08;21,52;-
12179;Daging kelapa, dikeringkan, dimaniskan, diparut;501;2,88;35,49;47,67;4,5
12193;Biji, sisymbrium sp. biji, utuh, kering;318;12,14;4,6;58,26;-
12195;Kacang, mentega almond, polos, tanpa garam ditambahkan;614;20,96;55,5;18,82;10,3
12198;Mentega wijen, tahini, dari biji mentah dan batu bubuk;570;17,81;48;26,19;9,3
12200;Kacang-kacangan, diformulasikan, berbahan dasar gandum, semua rasa kecuali macadamia, tanpa garam;647;13,11;62,3;20,79;5,2
12201;Biji wijen, kernel, dikeringkan (dideportasi);631;20,45;61,21;11,73;11,6
12202;Kacang, chestnut, Jepang, mentah;154;2,25;0,53;34,91;-
12203;Kacang, chestnut, Jepang, direbus dan dikukus;56;0,82;0,19;12,64;-
12204;Kacang, chestnut, Jepang, dipanggang;201;2,97;0,8;45,13;-
12205;Biji teratai, mentah;89;4,13;0,53;17,28;-
12206;Kacang almond, madu panggang, tidak berwarna;594;18,17;49,9;27,9;13,7
12220;Biji, biji rami;534;18,29;42,16;28,88;27,3
12516;Biji Labu Kuning, dipanggang, dengan garam;574;29,84;49,05;14,71;6,5
12529;Biji wijen, kernel, dipanggang, dengan garam (didekortasi);567;16,96;48;26,04;16,9
12536;Biji bunga matahari dari cangkang, dipanggang kering, ditambah garam;546;19,33;49,8;15,31;9
12537;Biji bunga matahari, kernel, panggang kering, dengan garam;582;19,33;49,8;24,07;9
12538;Biji bunga matahari, kernel, dipanggang minyak, dengan garam;592;20,06;51,3;22,89;10,6
12539;Biji bunga matahari, kernel, dipanggang, dengan garam;619;17,21;56,8;20,59;11,5
12540;Biji bunga matahari, mentega, dengan garam;617;17,28;55,2;23,32;5,7
12563;Kacang almond, panggang kering, ditambah garam;598;20,96;52,54;21,01;10,9
12565;Kacang almond, minyak yang dipanggang, ditambah garam;607;21,23;55,17;17,68;10,5
12567;Kacang almond, minyak yang dipanggang, ditambah garam, bumbu asap;607;21,43;55,89;17,86;10,7
12585;Kacang mete, dipanggang kering, dengan garam;574;15,31;46,35;32,69;3
12586;Kacang mete, minyak sangrai, dengan garam;581;16,84;47,77;30,16;3,3
12588;Mentega mete, polos, dengan garam;609;12,12;53,03;30,3;3
12632;Kacang macadamia, panggang kering, ditambah garam;716;7,79;76,08;12,83;8
12635;Kacang campuran, panggang kering, dengan kacang tanah, ditambah garam;594;17,3;51,45;25,35;9
12637;Kacang, campuran, minyak bakar, dengan kacang tanah, ditambah garam;607;20,04;53,95;21,05;7
12638;Kacang campuran, minyak panggang, tanpa kacang, ditambah garam;615;15,52;56,17;22,27;5,5
12643;Kacang pecan, panggang kering, ditambah garam;710;9,5;74,27;13,55;9,4
12644;Kacang pecan, minyak panggang, ditambah garam;715;9,2;75,23;13,01;9,5
12652;Kacang pistachio, panggang kering, ditambah garam;569;21,05;45,82;27,55;10,3
12663;Biji Labu Kuning, utuh, dipanggang, dengan garam;446;18,55;19,4;53,75;18,4
12665;Kacang almond, minyak yang dipanggang, asin ringan;607;21,23;55,17;17,68;10,5
12695;Kacang, mentega almond, tawar, ditambah garam;614;20,96;55,5;18,82;10,3
12698;Mentega wijen, tahini, kernel tidak ditentukan;592;17,4;53,01;21,5;4,7
12737;Kacang campuran, minyak sangrai, dengan kacang, asin ringan;607;20,04;53,95;21,05;7
12738;Kacang campuran, minyak yang dipanggang, tanpa kacang, asin ringan;607;17,86;50;25;7,1
13000;Daging sapi, diberi makan rumput, strip steak, hanya ramping, mentah;117;23,07;2,69;-;-
13001;Daging sapi, karkas, lemak dan lemak terpisah, pilihan, mentah;291;17,32;24,05;-;-
13002;Daging sapi, karkas, dipisahkan lemak dan lemak, pilih, mentah;278;17,48;22,55;-;-
13019;Daging sapi, potongan eceran, lemak terpisah, mentah;674;8,21;70,89;-;-
13020;Daging sapi, potongan eceran, lemak terpisah, dimasak;680;10,65;70,33;-;-
13023;Daging sapi, Sandung lamur, utuh, hanya lean saja, semua grade, mentah;155;20,72;7,37;-;-
13047;Daging sapi, diberi makan rumput, digiling, mentah;198;19,42;12,73;-;-
13055;"Daging sapi, brisket, setengah rata, lemak dan lemak yang dapat dipisahkan, dipangkas hingga 1/8"" lemak, pilih, dimasak, direbus";280;28,97;17,37;-;-
13065;"Daging sapi, panggul, steak, lemak tanpa lemak yang dapat dipisahkan, dipangkas menjadi 0"" lemak, pilihan, mentah";165;21,22;8,29;-;-
13066;"Daging sapi, panggul, steak, dapat dipisahkan lemak dan lemak, dipangkas menjadi 0"" lemak, pilihan, dimasak, direbus";263;26,98;16,44;-;-
13067;"Daging sapi, panggul, steak, dapat dipisahkan lemak dan lemaknya, dipangkas menjadi 0"" lemak, pilihan, dimasak, dipanggang";202;27,55;9,31;-;-
13068;"Daging sapi, panggul, steak, hanya lemak yang bisa dipisahkan, dipangkas menjadi 0"" lemak, pilihan, mentah";149;21,72;6,29;-;-
13069;"Daging sapi, panggul, steak, hanya lemak yang dapat dipisahkan, dipangkas hingga 0"" lemak, pilihan, dimasak, direbus";237;28,02;13;-;-
13070;"Daging sapi, panggul, steak, hanya lemak yang bisa dipisahkan, dipangkas menjadi 0"" lemak, pilihan, dimasak, dipanggang";194;27,82;8,32;-;-
13095;"Daging sapi, tulang rusuk, mata, ujung kecil (tulang rusuk 10-12), lemak tanpa lemak yang dapat dipisahkan, dipangkas menjadi 0"" lemak, pilihan, mentah";274;17,51;22,07;-;-
13096;"Daging sapi, tulang rusuk, mata, ujung kecil (tulang rusuk 10-12), lemak dan lemak yang dapat dipisahkan, dipangkas menjadi 0"" lemak, pilihan, dimasak, dipanggang";265;26,58;16,76;-;-
13097;"Daging sapi, tulang rusuk, mata, ujung kecil (tulang rusuk 10-12), hanya lean yang dapat dipisahkan, dipangkas hingga 0"" lemak, pilihan, mentah";161;20,13;8,3;-;-
13098;"Daging sapi, iga, mata, ujung kecil (tulang rusuk 10-12), hanya bersandar tanpa lemak, dipangkas hingga 0"" lemak, pilihan, dimasak, dipanggang";205;28,88;9,01;-;-
13147;Daging sapi, iga, shortribs, lemak dan lemak terpisah, pilihan, mentah;388;14,4;36,23;-;-
13148;Daging sapi, iga, shortribs, lemak dan lemak terpisah, pilihan, dimasak, direbus;471;21,57;41,98;-;-
13149;Daging sapi, iga, shortribs, hanya lean leanable, pilihan, mentah;173;19,05;10,19;-;-
13150;Daging sapi, iga, shortribs, hanya lean leanable, pilihan, matang, direbus;295;30,76;18,13;-;-
13156;"Daging sapi, bundar, potongan penuh, hanya dapat dipisahkan tanpa lemak, dipangkas menjadi 1/4"" lemak, pilihan, dimasak, dipanggang";191;29,21;7,31;-;-
13158;"Daging sapi, bundar, potongan penuh, hanya bisa dipisahkan tanpa lemak, dipangkas menjadi lemak 1/4"", pilih, dimasak, dipanggang";172;29,25;5,22;-;-
13165;"Daging sapi, brisket, setengah rata, dapat dipisahkan lemak dan lemaknya, dipangkas menjadi 0"" lemak, pilihan, dimasak, direbus";221;32,21;9,24;-;-
13166;Komoditas USDA, daging sapi, kalengan;246;20,52;17,57;-;-
13227;"Daging sapi, potongan daging betis, hanya lean yang terpisah, dipangkas menjadi 1/4"" lemak, pilihan, mentah";128;21,75;3,85;-;-
13228;"Daging sapi, potongan daging betis, hanya lean yang terpisah, dipangkas menjadi 1/4"" lemak, pilihan, dimasak, direbus";201;33,68;6,36;-;-
13231;"Daging sapi, pinggang pendek, kedai bir, hanya lean leanable, dipangkas menjadi 1/8"" lemak, pilihan, mentah";161;22,13;7,39;-;-
13232;"Daging sapi, pinggang pendek, kedai bir, hanya lean leanable, dipangkas menjadi 1/8"" lemak, pilihan, dimasak, bakar";221;27,65;11,36;-;-
13235;"Daging sapi, pinggang pendek, t-bone steak, bone-in, lean saja yang dapat dipisahkan, dipangkas hingga 1/8"" lemak, pilihan, mentah";160;22,1;7,27;-;-
13236;"Daging sapi, pinggang pendek, steak t-bone, bone-in, lean saja yang dapat dipisahkan, dipangkas hingga 1/8"" lemak, pilihan, dimasak, dipanggang";217;27,48;11,05;-;-
13284;"Daging sapi, tulang rusuk, ujung kecil (tulang rusuk 10-12), hanya lean yang dapat dipisahkan, dipangkas menjadi 0"" lemak, pilih, mentah";149;21,17;6,57;-;-
13285;"Daging sapi, chuck, panggang di bawah bilah panci, tanpa tulang, hanya bersandar tanpa lemak, dipangkas hingga 0"" lemak, semua grade, dimasak, direbus";216;30,54;10,46;-;-
13293;"Daging sapi, chuck, panggang di bawah bilah panci atau steak, tanpa tulang, hanya bersandar tanpa lemak, dipangkas hingga 0"" lemak, semua nilai, mentah";140;21,13;6,07;0,31;-
13294;"Daging sapi, chuck, panggang di bawah bilah panci atau steak, tanpa tulang, hanya bersandar tanpa lemak, dipangkas hingga 0"" lemak, pilihan, mentah";145;21,19;6,51;0,39;-
13317;Daging sapi, digiling, roti, beku, dimasak, dipanggang;295;23,05;21,83;-;-
13318;Daging sapi, aneka daging dan produk sampingan, otak, mentah;143;10,86;10,3;1,05;-
13319;Daging sapi, aneka daging dan produk sampingan, otak, dimasak, digoreng;196;12,57;15,83;-;-
13320;Daging sapi, aneka daging dan produk sampingan, otak, dimasak, dididihkan;151;11,67;10,53;1,48;-
13321;Daging sapi, aneka daging dan produk sampingan, jantung, mentah;112;17,72;3,94;0,14;-
13322;Daging sapi, aneka daging dan produk sampingan, jantung, dimasak, dididihkan;165;28,48;4,73;0,15;-
13323;Daging sapi, aneka daging dan produk sampingan, ginjal, mentah;99;17,4;3,09;0,29;-
13324;Daging sapi, aneka daging dan produk sampingan, ginjal, dimasak, dididihkan;158;27,27;4,65;-;-
13325;Daging sapi, aneka daging dan produk sampingan, hati, mentah;135;20,36;3,63;3,89;-
13326;Daging sapi, aneka daging dan produk sampingan, hati, dimasak, direbus;191;29,08;5,26;5,13;-
13327;Daging sapi, aneka daging dan produk sampingan, hati, dimasak, digoreng;175;26,52;4,68;5,16;-
13328;Daging sapi, aneka daging dan produk sampingan, paru-paru, mentah;92;16,2;2,5;-;-
13329;Daging sapi, aneka daging dan produk sampingan, paru-paru, dimasak, direbus;120;20,4;3,7;-;-
13330;Daging sapi, aneka daging dan produk sampingan, daging sapi yang dipisahkan secara mekanis, mentah;276;14,97;23,52;-;-
13331;Daging sapi, aneka daging dan produk sampingan, pankreas, mentah;235;15,7;18,6;-;-
13332;Daging sapi, aneka daging dan produk sampingan, pankreas, dimasak, direbus;271;27,1;17,2;-;-
13333;Daging sapi, aneka daging dan produk sampingan, limpa, mentah;105;18,3;3;-;-
13334;Daging sapi, aneka daging dan produk sampingan, limpa, dimasak, direbus;145;25,1;4,2;-;-
13335;Daging sapi, aneka daging dan produk sampingan, suet, mentah;854;1,5;94;-;-
13337;Daging sapi, aneka daging dan produk sampingan, timus, mentah;236;12,18;20,35;-;-
13338;Daging sapi, aneka daging dan produk sampingan, timus, dimasak, direbus;319;21,85;24,98;-;-
13339;Daging sapi, aneka daging dan produk sampingan, lidah, mentah;224;14,9;16,09;3,68;-
13340;Daging sapi, aneka daging dan produk sampingan, lidah, dimasak, didihkan;284;19,29;22,3;-;-
13341;Daging sapi, aneka daging dan produk sampingan, babat, mentah;85;12,07;3,69;-;-
13342;Daging sapi, sandwich sandwich, dipipihkan, dipotong, dibentuk dan diiris tipis, mentah;309;16,5;27;-;-
13343;"Daging sapi, brisket, setengah rata, hanya dapat dipisahkan tanpa lemak, dipangkas hingga 0"" lemak, pilihan, dimasak, direbus";212;32,62;8,07;-;-
13344;Potongan daging sapi, diawetkan, sarapan, mentah atau tidak dipanaskan;406;12,5;38,8;0,7;-
13345;Potongan daging sapi, diawetkan, sarapan, dimasak;449;31,3;34,4;1,4;-
13346;Daging sapi, diawetkan, daging kornet, Sandung lamur, mentah;198;14,68;14,9;0,14;-
13347;Daging sapi, diawetkan, daging kornet, Sandung lamur, dimasak;251;18,17;18,98;0,47;-
13348;Daging sapi, diawetkan, daging kornet, kalengan;250;27,1;14,93;-;-
13349;"Daging sapi, chuck, panggang di bawah bilah panci atau steak, tanpa tulang, hanya bersandar tanpa lemak, dipangkas hingga 0"" lemak, pilih, mentah";134;21,03;5,41;0,19;-
13350;Daging sapi, diawetkan, kering;153;31,1;1,94;2,76;-
13351;"Daging sapi, chuck, di bawah bilah pusat bilah, tanpa tulang, Denver Cut, hanya dapat dipisahkan tanpa lemak, dipangkas hingga 0"" lemak, semua tingkat, dimasak, dipanggang";220;26,5;12,64;0,14;-
13352;"Daging sapi, chuck, di bawah bilah pusat bilah, tanpa tulang, Denver Cut, hanya bisa dipisah-pisahkan, dipangkas hingga 0"" lemak, pilihan, dimasak, bakar";228;26,49;13,42;0,28;-
13353;Daging sapi, diawetkan, daging makan siang, kental;111;19;3,3;-;-
13354;"Daging sapi, chuck, bistik di bawah bilah tengah, tanpa tulang, Denver Cut, hanya bisa dipisah-pisahkan, dipangkas hingga 0"" lemak, pilih, dimasak, bakar";209;26,53;11,46;-;-
13355;Daging sapi, diawetkan, pastrami;147;21,8;5,82;0,36;-
13356;"Daging sapi, chuck, di bawah bilah pusat bilah, tanpa tulang, Denver Cut, hanya dapat dipisahkan tanpa lemak, dipangkas hingga 0"" lemak, semua nilai, mentah";170;19,42;9,99;0,49;-
13357;Daging sapi, diawetkan, sosis, dimasak, diasap;312;14,11;26,91;2,42;-
13358;Daging sapi, diawetkan, diasapi, dicincang;133;20,19;4,42;1,86;-
13359;"Daging sapi, chuck, di bawah bilah pusat bilah, tanpa tulang, Denver Cut, hanya dapat dipisahkan tanpa lemak, dipangkas hingga 0"" lemak, pilihan, mentah";178;19,23;10,96;0,67;-
13361;"Daging sapi, gabungan dari potongan eceran yang dipotong, lemak dan lemak yang dapat dipisahkan, dipangkas menjadi lemak 0"", semua grade, dimasak";230;28,4;12,42;-;-
13362;"Daging sapi, gabungan dari potongan-potongan eceran yang dipotong, lemak dan lemak yang dapat dipisahkan, dipangkas menjadi 0"" lemak, pilihan, dimasak";233;28,17;12,53;-;-
13363;"Daging sapi, gabungan dari potongan ritel yang dipotong, lemak dan lemak yang dapat dipisahkan, dipangkas menjadi 0"" lemak, pilih, dimasak";203;28,61;9,18;-;-
13364;"Daging sapi, gabungan dari potongan eceran yang dipangkas, hanya lean yang dapat dipisah, dipangkas hingga lemak 0"", semua grade, dimasak";203;29,9;8,37;-;-
13365;"Daging sapi, gabungan dari potongan eceran yang dipangkas, hanya lean yang dapat dipisah, dipangkas hingga 0"" lemak, pilihan, dimasak";206;29,51;8,87;-;-
13366;"Daging sapi, gabungan dari potongan eceran yang dipangkas, hanya lean yang dapat dipisah, dipangkas hingga lemak 0"", pilih, dimasak";188;29,88;7,12;-;-
13367;"Daging sapi, brisket, utuh, lemak dan lemak yang dapat dipisahkan, dipangkas menjadi 0"" lemak, semua grade, dimasak, direbus";291;26,79;19,52;-;-
13368;"Daging sapi, brisket, utuh, hanya dapat dipisahkan tanpa lemak, dipangkas menjadi 0"" lemak, semua grade, dimasak, direbus";218;29,75;10,08;-;-
13369;"Daging sapi, brisket, setengah rata, lemak dan lemak yang dapat dipisahkan, dipangkas menjadi 0"" lemak, semua grade, dimasak, direbus";213;32,9;8,01;-;-
13370;"Daging sapi, brisket, setengah rata, hanya dapat dipisahkan tanpa lemak, dipangkas menjadi 0"" lemak, semua grade, dimasak, direbus";205;33,26;6,99;-;-
13371;"Daging sapi, brisket, koma setengah, lemak dan lemak terpisah, dipangkas menjadi 0"" lemak, semua grade, dimasak, direbus";358;23,53;28,5;-;-
13372;"Daging sapi, brisket, koma setengah, hanya dapat dipisahkan tanpa lemak, dipangkas menjadi 0"" lemak, semua grade, dimasak, direbus";244;28,05;13,8;-;-
13373;"Daging sapi, chuck, daging panggang panggang, lemak tanpa lemak yang dapat dipisahkan, dipangkas menjadi 0"" lemak, semua grade, dimasak, direbus";297;28,94;19,17;-;-
13375;"Daging sapi, chuck, daging panggang lengan, lemak tanpa lemak yang dapat dipisahkan, dipangkas menjadi 0"" lemak, pilih, dimasak, direbus";283;29,23;17,56;-;-
13377;"Daging sapi, chuck, daging panggang lengan, hanya bisa dipisah, dipangkas hingga 0"" lemak, pilihan, matang, direbus";212;33,36;7,67;-;-
13378;"Daging sapi, chuck, daging panggang panggang, hanya bisa dipisah-pisahkan, dipangkas hingga 0"" lemak, pilih, dimasak, direbus";195;33,37;5,8;-;-
13379;"Daging sapi, chuck, daging panggang, lemak dan lemak terpisah, dipangkas hingga 0"" lemak, semua grade, dimasak, direbus";334;27,18;24,14;-;-
13380;"Daging sapi, chuck, panggang di bawah bilah panci, tanpa tulang, lemak dan lemak yang dapat dipisahkan, dipangkas hingga 0"" lemak, pilihan, dimasak, direbus";306;26,39;21,48;-;-
13381;"Daging sapi, chuck, panggang di bawah bilah panci, tanpa tulang, lemak dan lemak yang dapat dipisahkan, dipangkas hingga 0"" lemak, pilih, dimasak, direbus";288;27,17;19,02;-;-
13382;"Daging sapi, chuck, daging panggang, hanya bisa dipisah-pisahkan, dipangkas hingga 0"" lemak, semua grade, dimasak, direbus";253;31,06;13,3;-;-
13383;"Daging sapi, chuck, panggang di bawah bilah panci, tanpa tulang, tanpa lemak yang dapat dipisahkan, dipangkas hingga 0"" lemak, pilihan, dimasak, direbus";231;30,45;11,14;-;-
13384;"Daging sapi, chuck, panggang di bawah bilah panci, tanpa tulang, hanya bersandar tanpa lemak, dipangkas hingga 0"" lemak, pilih, dimasak, direbus";216;30,68;9,44;-;-
13386;"Daging sapi, tulang rusuk, ujung besar (tulang rusuk 6-9), lemak dan lemak yang dapat dipisahkan, dipangkas menjadi 0"" lemak, pilihan, dimasak, dipanggang";372;22,8;30,49;-;-
13387;"Daging sapi, tulang rusuk, ujung besar (tulang rusuk 6-9), lemak dan lemak yang dapat dipisahkan, dipangkas menjadi 0"" lemak, pilih, dimasak, dipanggang";331;23,48;25,54;-;-
13388;"Daging sapi, tulang rusuk, ujung besar (tulang rusuk 6-9), tanpa lemak yang dapat dipisahkan, dipangkas hingga 0"" lemak, semua tingkat, dimasak, dipanggang";238;27,53;13,4;-;-
13389;"Daging sapi, tulang rusuk, ujung besar (tulang rusuk 6-9), tanpa lemak yang dapat dipisahkan, dipangkas hingga 0"" lemak, pilihan, dimasak, dipanggang";253;27,53;15;-;-
13390;"Daging sapi, tulang rusuk, ujung besar (tulang rusuk 6-9), tanpa lemak yang dapat dipisahkan, dipangkas hingga 0"" lemak, pilih, dimasak, dipanggang";220;27,53;11,4;-;-
13391;"Daging sapi, tulang rusuk, ujung kecil (tulang rusuk 10-12), lemak tanpa lemak yang dapat dipisahkan, dipangkas menjadi lemak 0"", semua tingkat, dimasak, dipanggang";249;27,27;14,74;-;-
13392;"Daging sapi, tulang rusuk, ujung kecil (tulang rusuk 10-12), lemak dan lemak yang dapat dipisahkan, dipangkas menjadi 0"" lemak, pilihan, dimasak, dipanggang";312;24,73;22,84;-;-
13393;"Daging sapi, tulang rusuk, ujung kecil (tulang rusuk 10-12), lemak tanpa lemak yang dapat dipisahkan, dipangkas menjadi 0"" lemak, pilih, dimasak, dipanggang";285;24,91;19,79;-;-
13394;"Daging sapi, tulang rusuk, ujung kecil (tulang rusuk 10-12), hanya lemak yang dapat dipisahkan, dipangkas hingga 0"" lemak, semua tingkat, dimasak, dipanggang";193;29,41;7,53;-;-
13395;"Daging sapi, tulang rusuk, ujung kecil (tulang rusuk 10-12), tanpa lemak yang dapat dipisahkan, dipangkas hingga 0"" lemak, pilihan, dimasak, dipanggang";225;28,04;11,7;-;-
13396;"Daging sapi, tulang rusuk, ujung kecil (tulang rusuk 10-12), hanya lemak yang dapat dipisahkan, dipangkas hingga 0"" lemak, pilih, dimasak, dipanggang";198;28,04;8,7;-;-
13398;"Daging sapi, bulat, putaran bawah, steak, lemak dan lemak terpisah, dipangkas menjadi 0"" lemak, semua grade, dimasak, direbus";223;33,56;8,86;-;-
13399;"Daging sapi, bulat, putaran bawah, dipanggang, dapat dipisahkan lemak dan lemaknya, dipangkas menjadi 0"" lemak, semua tingkatan, dimasak, dipanggang";187;27,42;7,72;-;-
13401;"Daging sapi, bulat, putaran bawah, steak, dapat dipisahkan lemak dan lemaknya, dipangkas menjadi 0"" lemak, pilihan, dimasak, direbus";230;32,73;10;-;-
13402;"Daging sapi, bulat, putaran bawah, dipanggang, dapat dipisahkan lemak dan lemaknya, dipangkas menjadi 0"" lemak, pilihan, dimasak, dipanggang";199;26,76;9,37;-;-
13404;"Daging sapi, bulat, putaran bawah, steak, lemak dan lemak yang dapat dipisahkan, dipangkas menjadi 0"" lemak, pilih, dimasak, direbus";217;34,39;7,72;-;-
13405;"Daging sapi, bulat, putaran bawah, dipanggang, dapat dipisahkan lemak dan lemaknya, dipangkas menjadi 0"" lemak, pilih, dimasak, dipanggang";175;28,08;6,06;-;-
13407;"Daging sapi, bulat, putaran bawah, steak, hanya lemak yang dapat dipisahkan, dipangkas hingga 0"" lemak, semua grade, dimasak, direbus";214;34;7,67;-;-
13408;"Daging sapi, bulat, putaran bawah, dipanggang, hanya dapat dipisahkan tanpa lemak, dipangkas menjadi 0"" lemak, semua grade, dimasak, dipanggang";177;27,76;6,48;-;-
13410;"Daging sapi, bulat, putaran bawah, steak, hanya lemak yang dapat dipisahkan, dipangkas hingga 0"" lemak, pilihan, dimasak, direbus";223;33,08;9,03;-;-
13411;"Daging sapi, bulat, putaran bawah, dipanggang, hanya dapat dipisahkan tanpa lemak, dipangkas hingga 0"" lemak, pilihan, dimasak, dipanggang";185;27,23;7,63;-;-
13413;"Daging sapi, bulat, putaran bawah, steak, hanya lemak yang dapat dipisahkan, dipangkas hingga 0"" lemak, pilih, dimasak, direbus";206;34,93;6,3;-;-
13414;"Daging sapi, daging bundar, daging panggang bundar bawah, hanya lemak yang dapat dipisah, dipangkas hingga 0"" lemak, pilih, dimasak, dipanggang";169;28,29;5,33;-;-
13415;"Daging sapi, bundar, mata bundar panggang, tanpa tulang, lemak tanpa lemak yang dapat dipisahkan, dipangkas menjadi 0"" lemak, semua grade, dimasak, dipanggang";167;29,66;4,46;-;-
13416;"Daging sapi, bundar, mata bundar panggang, tanpa tulang, lemak tanpa lemak yang dapat dipisahkan, dipangkas hingga 0"" lemak, pilihan, dimasak, dipanggang";171;29,79;4,83;-;-
13417;"Daging sapi, bundar, mata bundar panggang, tanpa tulang, lemak tanpa lemak yang dapat dipisahkan, dipangkas menjadi 0"" lemak, pilih, dimasak, dipanggang";162;29,45;3,97;-;-
13418;"Daging sapi, bulat, mata bundar panggang, tanpa tulang, hanya bersandar tanpa lemak, dipangkas menjadi 0"" lemak, semua grade, dimasak, dipanggang";163;29,85;3,9;-;-
13419;"Daging sapi, bundar, mata bundar panggang, tanpa tulang, hanya bersandar tanpa lemak, dipangkas hingga 0"" lemak, pilihan, dimasak, dipanggang";166;29,94;4,26;-;-
13420;"Daging sapi, bulat, mata panggang bulat, tanpa tulang, hanya bersandar tanpa lemak, dipangkas hingga 0"" lemak, pilih, dimasak, panggang";157;29,52;3,43;-;-
13421;"Daging sapi, bulat, ujung bundar, dipanggang, dapat dipisahkan lemak dan lemaknya, dipangkas menjadi 0"" lemak, semua tingkatan, dimasak, dipanggang";188;26,79;8,21;-;-
13422;"Daging sapi, bulat, ujung bundar, dipanggang, dapat dipisahkan lemak dan lemaknya, dipangkas menjadi 0"" lemak, pilihan, dimasak, dipanggang";196;27,01;8,9;-;-
13423;"Daging sapi, bulat, ujung bundar, dipanggang, dapat dipisahkan lemak dan lemaknya, dipangkas menjadi 0"" lemak, pilih, dimasak, dipanggang";181;26,57;7,53;-;-
13424;"Daging sapi, bundar, ujung bundar, dipanggang, hanya dapat dipisahkan tanpa lemak, dipangkas menjadi 0"" lemak, semua grade, dimasak, dipanggang";174;27,53;6,2;-;-
13425;"Daging sapi, bulat, ujung bundar, dipanggang, hanya bisa dipisah-pisahkan, dipangkas hingga 0"" lemak, pilihan, dimasak, dipanggang";176;27,68;6,42;-;-
13426;"Daging sapi, bundar, ujung bundar, dipanggang, hanya bersandar terpisah, dipangkas menjadi 0"" lemak, pilih, dimasak, dipanggang";149;27,37;4,38;-;-
13428;"Daging sapi, bulat, putaran atas, dapat dipisahkan lemak dan lemaknya, dipangkas menjadi 0"" lemak, semua grade, dimasak, direbus";209;35,62;6,31;-;-
13430;"Daging sapi, bulat, putaran atas, dapat dipisahkan lemak dan lemaknya, dipangkas menjadi 0"" lemak, pilihan, dimasak, direbus";216;35,62;7,09;-;-
13432;"Daging sapi, bulat, putaran atas, dapat dipisahkan lemak dan lemaknya, dipangkas menjadi lemak 0"", pilih, dimasak, direbus";200;35,62;5,33;-;-
13436;"Daging sapi, daging bundar, daging bundar, hanya lemak yang dapat dipisahkan, dipangkas hingga 0"" lemak, pilihan, dimasak, direbus";207;36,12;5,8;-;-
13438;"Daging sapi, daging bundar, daging bundar, hanya lemak yang dapat dipisahkan, dipangkas menjadi lemak 0"", pilih, dimasak, direbus";190;36,12;4;-;-
13439;"Daging sapi, pinggang, steak tenderloin, tanpa tulang, lemak tanpa lemak yang dapat dipisahkan, dipangkas menjadi 0"" lemak, semua grade, dimasak, dipanggang";211;30,5;8,91;-;-
13440;"Daging sapi, pinggang, steak tenderloin, tanpa tulang, lemak tanpa lemak yang dapat dipisahkan, dipangkas hingga 0"" lemak, pilihan, dimasak, dipanggang";217;30,21;9,71;-;-
13441;"Daging sapi, pinggang, steak tenderloin, tanpa tulang, lemak tanpa lemak yang dapat dipisahkan, dipangkas hingga 0"" lemak, pilih, dimasak, dipanggang";202;30,93;7,7;-;-
13442;"Daging sapi, pinggang, steak tenderloin, tanpa tulang, tanpa lemak yang dapat dipisahkan, dipangkas hingga 0"" lemak, semua grade, dimasak, dipanggang";198;30,7;8,32;-;-
13443;"Daging sapi, pinggang, steak tenderloin, tanpa tulang, tanpa lemak yang dapat dipisahkan, dipangkas hingga 0"" lemak, pilihan, dimasak, dipanggang";211;30,45;9,03;-;-
13444;"Daging sapi, pinggang, steak tenderloin, tanpa tulang, tanpa lemak yang dapat dipisahkan, dipangkas hingga 0"" lemak, pilih, dimasak, panggang";198;31,09;7,25;-;-
13445;"Daging sapi, pinggang, steak top pinggang, tanpa tulang, lip off, lemak dan lemak yang dapat dipisahkan, dipangkas menjadi 0"" lemak, semua tingkatan, dimasak, dipanggang";223;28,57;11,15;-;-
13446;"Daging sapi, pinggang, steak top pinggang, tanpa tulang, lip off, lemak dan lemak yang dapat dipisahkan, dipangkas hingga 0"" lemak, pilihan, dimasak, dipanggang";233;28,19;12,51;-;-
13447;"Daging sapi, pinggang, steak top pinggang, tanpa tulang, lip off, lemak dan lemak yang dapat dipisahkan, dipangkas menjadi 0"" lemak, pilih, dimasak, bakar";207;29,16;9,12;-;-
13448;"Daging sapi, pinggang, steak top pinggang, tanpa tulang, lip off, hanya dapat dipisahkan tanpa lemak, dipangkas hingga 0"" lemak, semua tingkat, dimasak, dipanggang";202;29,53;8,41;-;-
13449;"Daging sapi, pinggang, steak top pinggang, tanpa tulang, lip off, hanya dapat dipisahkan tanpa lemak, dipangkas hingga 0"" lemak, pilihan, dimasak, dipanggang";211;29,22;9,52;-;-
13450;"Daging sapi, pinggang, steak top pinggang, tanpa tulang, lip off, hanya dapat dipisahkan tanpa lemak, dipangkas hingga 0"" lemak, pilih, dimasak, panggang";189;29,99;6,74;-;-
13451;"Daging sapi, sirloin teratas, steak, lemak tanpa lemak yang dapat dipisahkan, dipangkas menjadi 0"" lemak, semua grade, dimasak, dipanggang";212;29,33;9,67;-;-
13452;"Daging sapi, sirloin atas, steak, lemak tanpa lemak yang dapat dipisahkan, dipangkas menjadi 0"" lemak, pilihan, dimasak, dipanggang";219;29,02;10,54;-;-
13453;"Daging sapi, sirloin atas, steak, lemak tanpa lemak yang dapat dipisahkan, dipangkas menjadi 0"" lemak, pilih, dimasak, dipanggang";206;29,65;8,8;-;-
13454;"Daging sapi, sirloin teratas, steak, hanya lemak tanpa lemak, dipangkas hingga 0"" lemak, semua grade, dimasak, dipanggang";183;30,55;5,79;-;-
13455;"Daging sapi, sirloin atas, steak, hanya lemak yang dapat dipisahkan, dipangkas hingga 0"" lemak, pilihan, dimasak, dipanggang";188;30,29;6,55;-;-
13456;"Daging sapi, sirloin atas, steak, hanya lemak yang dapat dipisahkan, dipangkas hingga 0"" lemak, pilih, dimasak, dipanggang";177;30,8;5,03;-;-
13459;"Daging sapi, pinggang pendek, kedai bir, lemak tanpa lemak yang dapat dipisahkan, dipangkas menjadi 0"" lemak, semua grade, dimasak, dipanggang";276;23,96;19,27;-;-
13460;"Daging sapi, pinggang pendek, kedai bir, lemak tanpa lemak yang dapat dipisahkan, dipangkas menjadi lemak 0"", pilihan USDA, dimasak, dipanggang";283;23,61;20,15;-;-
13463;"Daging sapi, pinggang pendek, kedai bir, lemak tanpa lemak yang dapat dipisahkan, dipangkas menjadi lemak 0"", USDA pilih, dimasak, dipanggang";267;24,47;17,98;-;-
13464;"Daging sapi, pinggang pendek, kedai bir, hanya lean leanable, dipangkas menjadi 1/8"" lemak, semua grade, mentah";155;22,32;6,6;-;-
13465;"Daging sapi, pinggang pendek, kedai bir, hanya lean leanable, dipangkas menjadi 1/8"" lemak, semua grade, dimasak, dipanggang";213;28,16;10,32;-;-
13466;"Daging sapi, pinggang pendek, kedai bir, hanya dapat dipisahkan tanpa lemak, dipangkas menjadi 0"" lemak, semua grade, dimasak, dipanggang";212;26,07;11,18;-;-
13467;"Daging sapi, pinggang pendek, kedai bir, hanya lean leanable, dipangkas menjadi 0"" lemak, pilihan, matang, panggang";224;25,51;12,8;-;-
13468;"Daging sapi, pinggang pendek, kedai bir, hanya lean leanable, dipangkas menjadi 1/8"" lemak, pilih, mentah";145;22,61;5,41;-;-
13469;"Daging sapi, pinggang pendek, kedai bir, hanya lean leanable, dipangkas menjadi 1/8"" lemak, pilih, dimasak, bakar";203;28,92;8,76;-;-
13470;"Daging sapi, pinggang pendek, kedai bir, hanya lean leanable, dipangkas menjadi 0"" lemak, pilih, dimasak, dipanggang";194;26,89;8,81;-;-
13473;"Daging sapi, pinggang pendek, t-bone steak, lemak dan lemak terpisah, dipangkas menjadi 0"" lemak, semua grade, dimasak, dipanggang";247;24,18;15,93;-;-
13474;"Daging sapi, pinggang pendek, t-bone steak, lemak dan lemak terpisah, dipangkas menjadi 0"" lemak, pilihan USDA, dimasak, dipanggang";258;24,05;17,26;-;-
13477;"Daging sapi, pinggang pendek, t-bone steak, lemak dan lemak terpisah, dipangkas menjadi 0"" lemak, USDA pilih, dimasak, dipanggang";230;24,38;14;-;-
13478;"Daging sapi, pinggang pendek, t-bone steak, bone-in, lean saja yang dapat dipisahkan, dipangkas hingga 1/8"" lemak, semua grade, mentah";153;22,22;6,5;-;-
13479;"Daging sapi, pinggang pendek, steak t-bone, bone-in, lean saja yang dapat dipisahkan, dipangkas hingga 1/8"" lemak, semua grade, dimasak, dipanggang";212;27,86;10,37;-;-
13481;"Daging sapi, pinggang pendek, steak t-bone, hanya lean yang dapat dipisahkan, dipangkas hingga 0"" lemak, pilihan, dimasak, dipanggang";198;25,98;9,61;-;-
13482;"Daging sapi, pinggang pendek, t-bone steak, bone-in, lean saja yang dapat dipisahkan, dipangkas hingga 1/8"" lemak, pilih, mentah";144;22,41;5,34;-;-
13483;"Daging sapi, pinggang pendek, steak t-bone, bone-in, lean saja yang dapat dipisahkan, dipangkas hingga 1/8"" lemak, pilih, dimasak, bakar";206;28,45;9,35;-;-
13484;"Daging sapi, pinggang pendek, steak t-bone, hanya lean yang dapat dipisahkan, dipangkas menjadi 0"" lemak, pilih, dimasak, dipanggang";177;26;7,36;-;-
13485;"Daging sapi, brisket, separuh rata, hanya dapat dipisahkan tanpa lemak, dipangkas menjadi 0"" lemak, pilih, dimasak, direbus";198;33,9;5,92;-;-
13486;"Daging sapi, bulat, ujung bundar, dipanggang, lemak dan lemak yang dapat dipisahkan, dipangkas menjadi 0"" lemak, semua nilai, mentah";151;20,48;7,01;-;-
13487;"Daging sapi, bulat, ujung bundar, dipanggang, dapat dipisahkan lemak dan lemaknya, dipangkas menjadi 0"" lemak, pilihan, mentah";156;20,16;7,73;-;-
13488;"Daging sapi, bulat, ujung bundar, dipanggang, dapat dipisahkan lemak dan lemaknya, dipangkas menjadi 0"" lemak, pilih, mentah";145;20,8;6,28;-;-
13490;"Daging sapi, tulang rusuk, mata, ujung kecil (tulang rusuk 10-12) hanya dapat dipisahkan tanpa lemak, dipangkas menjadi 0"" lemak, pilih, dimasak, dipanggang";182;29,93;6,05;-;-
13491;"Daging sapi, bulat, steak bundar atas, tanpa tulang, tanpa lemak yang dapat dipisahkan, dipangkas hingga 0"" lemak, semua grade, dimasak, dipanggang";162;30,09;3,77;-;-
13492;"Daging sapi, bulat, steak bundar atas, tanpa tulang, tanpa lemak yang dapat dipisahkan, dipangkas hingga 0"" lemak, pilihan, dimasak, dipanggang";166;30,24;4,11;-;-
13493;"Daging sapi, daging bundar, steak bundar atas, tanpa tulang, tanpa lemak yang dapat dipisahkan, dipangkas hingga 0"" lemak, pilih, dimasak, panggang";158;29,81;3,37;-;-
13494;Daging sapi, digiling, 70% daging tanpa lemak / 30% lemak, remuk, dimasak, kecoklatan;270;25,56;17,86;-;-
13495;Daging sapi, digiling, 70% daging tanpa lemak / 30% lemak, roti, dimasak, dipanggang;241;23,87;15,37;-;-
13496;Daging sapi, digiling, 70% daging tanpa lemak / 30% lemak, dimasak dengan patty, dipanggang dengan pan;238;22,86;15,54;-;-
13497;Daging sapi, digiling, 70% daging tanpa lemak / 30% lemak, patty, dimasak, dipanggang;277;25,38;18,66;-;-
13498;Daging sapi, digiling, 70% daging tanpa lemak / 30% lemak, mentah;332;14,35;30;-;-
13499;"Daging sapi, chuck, di bawah bilah tengah bilah, tanpa tulang, Denver Cut, hanya dapat dipisahkan tanpa lemak, dipangkas hingga 0"" lemak, pilih, mentah";157;19,71;8,54;0,21;-
13500;"Daging sapi, steak top shoulder, tanpa tulang, hanya lean yang dapat dipisahkan, dipangkas hingga 0"" lemak, semua grade, dimasak, panggang";196;28,15;9,23;-;-
13501;"Daging sapi, steak top shoulder, tanpa tulang, tanpa lemak yang dapat dipisahkan, dipangkas hingga 0"" lemak, pilihan, dimasak, dipanggang";202;28,28;9,83;-;-
13502;"Daging sapi, steak top shoulder, tanpa tulang, tanpa lemak yang dapat dipisahkan, dipangkas hingga 0"" lemak, pilih, dimasak, panggang";187;27,96;8,34;-;-
13519;"Daging sapi, steak top shoulder, tanpa tulang, hanya lean yang dapat dipisahkan, dipangkas hingga 0"" lemak, semua grade, mentah";139;20,36;6,42;-;-
13520;"Daging sapi, steak top shoulder, tanpa tulang, hanya lean yang dapat dipisahkan, dipangkas hingga 0"" lemak, pilihan, mentah";143;20,35;6,88;-;-
13523;"Daging sapi, steak top shoulder, tanpa tulang, hanya lean yang dapat dipisahkan, dipangkas hingga 0"" lemak, pilih, mentah";133;20,39;5,73;-;-
13595;"Daging sapi, brisket, setengah datar, tanpa lemak terpisah tanpa lemak, dipangkas hingga 0"" lemak, semua grade, mentah";132;21,47;5,11;-;-
13596;"Daging sapi, brisket, setengah rata, tanpa tulang, hanya dapat dipisahkan tanpa lemak, dipangkas hingga 0"" lemak, pilihan, mentah";137;21,28;5,75;-;-
13597;"Daging sapi, brisket, setengah rata, tanpa tulang, hanya dapat dipisahkan tanpa lemak, dipangkas hingga 0"" lemak, pilih, mentah";124;21,74;4,14;-;-
13598;"Daging sapi, steak top shoulder, tanpa tulang, lemak dan lemak yang dapat dipisahkan, dipangkas hingga 0"" lemak, semua grade, dimasak, dipanggang";210;27,59;11,07;-;-
13647;"Daging sapi, daging panggang atau bistik, tanpa tulang, tanpa lemak yang dapat dipisahkan, dipangkas hingga 0"" lemak, semua grade, mentah";123;21,64;4,09;-;-
13648;"Daging sapi, daging panggang atau bistik, tanpa tulang, tanpa lemak yang dapat dipisahkan, dipangkas hingga 0"" lemak, pilihan, mentah";125;21,45;4,35;0,11;-
13649;"Daging sapi, daging panggang atau steak, tanpa tulang, tanpa lemak yang dapat dipisahkan, dipangkas hingga 0"" lemak, pilih, mentah";121;21,93;3,7;-;-
13650;"Daging sapi, steak top shoulder, tanpa tulang, lemak dan lemak yang dapat dipisahkan, dipangkas hingga 0"" lemak, pilihan, matang, panggang";220;27,51;12,26;-;-
13786;"Daging sapi, daging panggang mata, tanpa tulang, Daging Sapi Amerika, daging tanpa lemak yang dapat dipisahkan, dipangkas menjadi 0"" lemak, semua tingkatan, mentah";180;19,18;11,48;-;-
13788;"Daging sapi, daging panggang mata, tanpa tulang, Daging Sapi Amerika, daging tanpa lemak yang dapat dipisahkan, dipangkas hingga 0"" lemak, pilihan, mentah";185;19,14;12,02;-;-
13791;"Daging sapi, daging panggang mata, tanpa tulang, Daging Sapi Amerika, lemak tanpa lemak yang dapat dipisahkan, dipangkas menjadi 0"" lemak, pilih, mentah";173;19,25;10,67;-;-
13795;"Daging sapi, gabungan dari potongan ritel yang dipotong, lemak dan lemak yang dapat dipisahkan, dipangkas menjadi lemak 1/8"", semua grade, mentah";214;20,01;14,42;-;-
13796;"Daging sapi, gabungan dari potongan eceran yang dipotong, lemak dan lemak yang dapat dipisahkan, dipangkas menjadi lemak 1/8"", semua grade, dimasak";259;26,11;16,59;-;-
13797;"Daging sapi, gabungan dari potongan ritel yang dipotong, lemak dan lemak yang dapat dipisahkan, dipangkas menjadi 1/8"" lemak, pilihan, mentah";222;19,79;15,42;-;-
13798;"Daging sapi, gabungan dari potongan eceran yang dipotong, lemak dan lemak yang dapat dipisahkan, dipangkas hingga 1/8"" lemak, pilihan, dimasak";268;25,85;17,68;-;-
13799;"Daging sapi, gabungan dari potongan ritel yang dipangkas, lemak dan lemak yang dapat dipisahkan, dipangkas menjadi 1/8"" lemak, pilih, mentah";192;19,06;12,4;-;-
13800;"Daging sapi, gabungan dari potongan eceran yang dipotong, lemak dan lemak yang dapat dipisahkan, dipangkas menjadi 1/8"" lemak, pilih, dimasak";245;26,06;15,09;-;-
13803;"Daging sapi, brisket, utuh, lemak dan lemak yang dapat dipisahkan, dipangkas menjadi lemak 1/8"", semua grade, mentah";251;18,42;19,06;-;-
13804;"Daging sapi, brisket, utuh, lemak dan lemak yang dapat dipisah, dipangkas hingga 1/8"" lemak, semua grade, dimasak, direbus";331;25,85;24,5;-;-
13805;"Daging sapi, brisket, setengah rata, lemak dan lemak yang dapat dipisahkan, dipangkas hingga 1/8"" lemak, semua grade, mentah";277;17,94;22,18;-;-
13806;"Daging sapi, brisket, setengah rata, lemak dan lemak yang dapat dipisahkan, dipangkas hingga 1/8"" lemak, semua grade, dimasak, direbus";289;28,82;18,42;-;-
13807;"Daging sapi, brisket, koma setengah, lemak dan lemak yang dapat dipisahkan, dipangkas hingga 1/8"" lemak, semua grade, mentah";265;17,65;20,98;-;-
13808;"Daging sapi, brisket, koma setengah, lemak dan lemak terpisah, dipangkas menjadi 1/8"" lemak, semua grade, dimasak, direbus";349;24,4;27,17;-;-
13809;"Daging sapi, chuck, daging panggang lengan, lemak tanpa lemak yang dapat dipisahkan, dipangkas hingga 1/8"" lemak, semua grade, mentah";244;19,23;17,98;-;-
13810;"Daging sapi, chuck, daging panggang panggang, lemak tanpa lemak yang dapat dipisahkan, dipangkas hingga 1/8"" lemak, semua grade, dimasak, direbus";302;30,12;19,22;-;-
13811;"Daging sapi, chuck, lengan panggang, lemak tanpa lemak yang dapat dipisahkan, dipangkas hingga 1/8"" lemak, pilihan, mentah";249;19,14;18,57;-;-
13812;"Daging sapi, chuck, daging panggang lengan, lemak tanpa lemak yang dapat dipisahkan, dipangkas hingga 1/8"" lemak, pilihan, dimasak, direbus";309;30,2;19,93;-;-
13813;"Daging sapi, chuck, lengan panggang, lemak tanpa lemak yang dapat dipisahkan, dipangkas hingga 1/8"" lemak, pilih, mentah";239;19,33;17,39;-;-
13814;"Daging sapi, chuck, daging panggang lengan, lemak tanpa lemak yang dapat dipisahkan, dipangkas hingga 1/8"" lemak, pilih, dimasak, direbus";295;30,05;18,5;-;-
13815;"Daging sapi, chuck, daging panggang, lemak dan lemak terpisah, dipangkas hingga 1/8"" lemak, semua grade, mentah";248;17,16;19,41;-;-
13816;"Daging sapi, chuck, daging panggang, lemak dan lemak terpisah, dipangkas hingga 1/8"" lemak, semua grade, dimasak, direbus";341;26,78;25,12;-;-
13817;"Daging sapi, chuck, daging panggang, dapat dipisahkan lemak dan lemaknya, dipangkas menjadi 1/8"" lemak, pilihan, mentah";265;16,98;21,31;-;-
13818;"Daging sapi, chuck, daging panggang, dapat dipisahkan lemak dan lemaknya, dipangkas menjadi 1/8"" lemak, pilihan, dimasak, direbus";359;26,37;27,26;-;-
13819;"Daging sapi, chuck, daging panggang, lemak tanpa lemak yang dapat dipisahkan, dipangkas hingga 1/8"" lemak, pilih, mentah";230;17,37;17,33;-;-
13820;"Daging sapi, chuck, daging panggang, lemak dan lemak terpisah, dipangkas hingga 1/8"" lemak, pilih, dimasak, direbus";318;27,33;22,35;-;-
13821;"Daging sapi, daging panggang mata, tanpa tulang, Daging Sapi Amerika, hanya daging tanpa lemak yang dapat dipisahkan, dipangkas hingga 0"" lemak, semua tingkatan, dimasak, dipanggang";183;26,65;8,46;-;-
13822;"Daging sapi, daging panggang mata, tanpa tulang, Daging Sapi Amerika, hanya daging tanpa lemak yang dapat dipisahkan, dipangkas hingga 0"" lemak, pilihan, dimasak, dipanggang";190;26,41;9,36;-;-
13823;"Daging sapi, daging panggang mata, tanpa tulang, Daging Sapi Amerika, hanya daging tanpa lemak yang dapat dipisahkan, dipangkas menjadi 0"" lemak, pilih, dimasak, bakar";172;27,02;7,12;-;-
13824;"Daging sapi, iga, utuh (tulang iga 6-12), lemak dan lemak yang dapat dipisahkan, dipangkas hingga 1/8"" lemak, semua tingkatan, mentah";306;16,53;26,1;-;-
13825;"Daging sapi, iga, utuh (tulang iga 6-12), lemak dan lemak yang dapat dipisahkan, dipangkas hingga 1/8"" lemak, semua tingkatan, dimasak, dipanggang";337;22,42;26,75;-;-
13826;"Daging sapi, iga, utuh (tulang iga 6-12), lemak dan lemak yang dapat dipisahkan, dipangkas hingga 1/8"" lemak, semua tingkat, dimasak, dipanggang";351;22,77;28,11;-;-
13827;"Daging sapi, tulang rusuk, utuh (tulang rusuk 6-12), lemak dan lemak yang dapat dipisahkan, dipangkas hingga 1/8"" lemak, pilihan, mentah";322;16,34;27,93;-;-
13828;"Daging sapi, iga, utuh (tulang iga 6-12), lemak dan lemak yang dapat dipisahkan, dipangkas hingga 1/8"" lemak, pilihan, dimasak, dipanggang";352;22,26;28,5;-;-
13829;"Daging sapi, iga, utuh (tulang rusuk 6-12), lemak dan lemak yang dapat dipisahkan, dipangkas hingga 1/8"" lemak, pilihan, dimasak, dipanggang";365;22,6;29,79;-;-
13830;"Daging sapi, iga, utuh (tulang iga 6-12), lemak dan lemak yang dapat dipisahkan, dipangkas hingga 1/8"" lemak, pilih, mentah";288;16,75;23,95;-;-
13831;"Daging sapi, iga, utuh (tulang iga 6-12), lemak dan lemak yang dapat dipisahkan, dipangkas hingga 1/8"" lemak, pilih, dimasak, dipanggang";315;22,73;24,2;-;-
13832;"Daging sapi, iga, utuh (tulang iga 6-12), lemak dan lemak yang dapat dipisahkan, dipangkas hingga 1/8"" lemak, pilih, dimasak, dipanggang";330;23,1;25,63;-;-
13833;"Daging sapi, iga, utuh (tulang iga 6-12), lemak dan lemak yang dapat dipisahkan, dipangkas hingga 1/8"" lemak, prima, mentah";355;16,15;31,66;-;-
13834;"Daging sapi, iga, utuh (tulang iga 6-12), lemak dan lemak yang dapat dipisahkan, dipangkas menjadi 1/8"" lemak, utama, dimasak, dipanggang";386;21,95;32,38;-;-
13835;"Daging sapi, iga, utuh (tulang iga 6-12), lemak dan lemak yang dapat dipisahkan, dipangkas hingga 1/8"" lemak, utama, dimasak, dipanggang";400;22,57;33,7;-;-
13838;"Daging sapi, tulang rusuk, ujung besar (tulang rusuk 6-9), lemak tanpa lemak yang dapat dipisahkan, dipangkas hingga 1/8"" lemak, semua nilai, mentah";316;16,26;27,29;-;-
13839;"Daging sapi, tulang rusuk, ujung besar (tulang rusuk 6-9), lemak tanpa lemak yang dapat dipisahkan, dipangkas hingga 1/8"" lemak, semua tingkat, dimasak, dipanggang";338;21,55;27,22;-;-
13840;"Daging sapi, tulang rusuk, ujung besar (tulang rusuk 6-9), lemak tanpa lemak yang dapat dipisahkan, dipangkas hingga 1/8"" lemak, semua tingkat, dimasak, dipanggang";355;23,01;28,51;-;-
13841;"Daging sapi, tulang rusuk, ujung besar (tulang rusuk 6-9), lemak tanpa lemak yang dapat dipisahkan, dipangkas hingga 1/8"" lemak, pilihan, mentah";333;16,03;29,34;-;-
13842;"Daging sapi, tulang rusuk, ujung besar (tulang rusuk 6-9), lemak dan lemak yang dapat dipisahkan, dipangkas hingga 1/8"" lemak, pilihan, dimasak, dipanggang";370;20,86;31,18;-;-
13843;"Daging sapi, tulang rusuk, ujung besar (tulang rusuk 6-9), lemak dan lemak yang dapat dipisahkan, dipangkas hingga 1/8"" lemak, pilihan, dimasak, dipanggang";378;22,5;31,28;-;-
13844;"Daging sapi, tulang rusuk, ujung besar (tulang rusuk 6-9), lemak tanpa lemak yang dapat dipisahkan, dipangkas hingga 1/8"" lemak, pilih, mentah";295;16,52;24,85;-;-
13845;"Daging sapi, tulang rusuk, ujung besar (tulang rusuk 6-9), lemak tanpa lemak yang dapat dipisahkan, dipangkas hingga 1/8"" lemak, pilih, dimasak, dipanggang";324;21,55;25,71;-;-
13846;"Daging sapi, tulang rusuk, ujung besar (tulang rusuk 6-9), lemak tanpa lemak yang dapat dipisahkan, dipangkas hingga 1/8"" lemak, pilih, dimasak, dipanggang";333;23,4;25,84;-;-
13847;"Daging sapi, tulang rusuk, ujung besar (tulang rusuk 6-9), lemak tanpa lemak yang dapat dipisahkan, dipangkas hingga 1/8"" lemak, prima, mentah";367;15,77;33,26;-;-
13848;"Daging sapi, tulang rusuk, ujung besar (tulang rusuk 6-9), lemak dan lemak yang dapat dipisahkan, dipangkas hingga 1/8"" lemak, utama, dimasak, dipanggang";404;20,65;34,97;-;-
13849;"Daging sapi, tulang rusuk, ujung besar (tulang rusuk 6-9), lemak dan lemak yang dapat dipisahkan, dipangkas hingga 1/8"" lemak, utama, dimasak, dipanggang";393;22,86;32,74;-;-
13850;"Daging sapi, tulang rusuk, ujung kecil (tulang rusuk 10-12), lemak tanpa lemak yang dapat dipisahkan, dipangkas hingga 1/8"" lemak, semua nilai, mentah";254;19,33;19,06;-;-
13851;"Daging sapi, tulang rusuk, ujung kecil (tulang rusuk 10-12), lemak tanpa lemak yang dapat dipisahkan, dipangkas hingga 1/8"" lemak, semua tingkat, dimasak, dipanggang";291;25,85;20,04;-;-
13852;"Daging sapi, tulang rusuk, ujung kecil (tulang rusuk 10-12), lemak tanpa lemak yang dapat dipisahkan, dipangkas hingga 1/8"" lemak, semua tingkat, dimasak, dipanggang";341;22,54;27,14;-;-
13853;"Daging sapi, tulang rusuk, ujung kecil (tulang rusuk 10-12), lemak tanpa lemak yang dapat dipisahkan, dipangkas hingga 1/8"" lemak, pilihan, mentah";263;19,09;20,13;-;-
13854;"Daging sapi, tulang rusuk, ujung kecil (tulang rusuk 10-12), lemak dan lemak yang dapat dipisahkan, dipangkas hingga 1/8"" lemak, pilihan, dimasak, dipanggang";304;24,53;22,09;-;-
13855;"Daging sapi, tulang rusuk, ujung kecil (tulang rusuk 10-12), lemak dan lemak yang dapat dipisahkan, dipangkas hingga 1/8"" lemak, pilihan, dimasak, dipanggang";359;22,28;29,21;-;-
13856;"Daging sapi, tulang rusuk, ujung kecil (tulang rusuk 10-12), lemak tanpa lemak yang dapat dipisahkan, dipangkas hingga 1/8"" lemak, pilih, mentah";246;19,56;18;-;-
13857;"Daging sapi, tulang rusuk, ujung kecil (tulang rusuk 10-12), lemak dan lemak yang dapat dipisahkan, dipangkas hingga 1/8"" lemak, pilih, dimasak, dipanggang";278;27,17;18;-;-
13858;"Daging sapi, tulang rusuk, ujung kecil (tulang rusuk 10-12), lemak dan lemak yang dapat dipisahkan, dipangkas hingga 1/8"" lemak, pilih, dimasak, dipanggang";323;22,76;25,02;-;-
13859;"Daging sapi, tulang rusuk, ujung kecil (tulang rusuk 10-12), lemak dan lemak yang dapat dipisahkan, dipangkas hingga 1/8"" lemak, prima, mentah";335;16,74;29,18;-;-
13860;"Daging sapi, tulang rusuk, ujung kecil (tulang rusuk 10-12), lemak dan lemak yang dapat dipisahkan, dipangkas hingga 1/8"" lemak, utama, dimasak, dipanggang";354;24,13;27,86;-;-
13861;"Daging sapi, tulang rusuk, ujung kecil (tulang rusuk 10-12), lemak dan lemak yang dapat dipisahkan, dipangkas hingga 1/8"" lemak, utama, dimasak, dipanggang";411;22,15;35,12;-;-
13862;"Daging sapi, steak top shoulder, tanpa tulang, lemak dan lemak yang dapat dipisahkan, dipangkas hingga 0"" lemak, pilih, dimasak, bakar";194;27,7;9,29;-;-
13863;"Daging sapi, steak top shoulder, tanpa tulang, lemak dan lemak yang dapat dipisahkan, dipangkas hingga 0"" lemak, semua grade, mentah";146;20,16;7,25;-;-
13864;"Daging sapi, bundar, potongan penuh, lemak dan lemak yang dapat dipisah, dipangkas hingga 1/8"" lemak, pilihan, mentah";195;20,56;11,92;-;-
13865;"Daging sapi, bulat, potongan penuh, lemak dan lemak yang dapat dipisah, dipangkas hingga 1/8"" lemak, pilihan, dimasak, dipanggang";235;27,54;12,98;-;-
13866;"Daging sapi, bulat, potongan penuh, lemak dan lemak yang dapat dipisahkan, dipangkas menjadi lemak 1/8"", pilih, mentah";184;20,56;10,68;-;-
13867;"Daging sapi, bulat, potongan penuh, lemak dan lemak yang dapat dipisahkan, dipangkas hingga 1/8"" lemak, pilih, dimasak, dipanggang";218;27,58;11,08;-;-
13868;"Daging sapi, bulat, putaran bawah, steak, lemak dan lemak yang dapat dipisahkan, dipangkas hingga 1/8"" lemak, semua nilai, mentah";192;20,7;11,54;-;-
13869;"Daging sapi, bulat, putaran bawah, steak, lemak dan lemak yang dapat dipisahkan, dipangkas hingga 1/8"" lemak, semua grade, dimasak, direbus";247;32,76;11,87;-;-
13870;"Daging sapi, bulat, putaran bawah, dipanggang, dapat dipisahkan lemak dan lemaknya, dipangkas menjadi 1/8"" lemak, semua tingkat, dimasak, dipanggang";218;26,41;11,64;-;-
13871;"Daging sapi, bulat, putaran bawah, steak, lemak dan lemak yang dapat dipisahkan, dipangkas hingga 1/8"" lemak, pilihan, mentah";198;20,71;12,15;-;-
13872;"Daging sapi, bulat, putaran bawah, steak, lemak dan lemak terpisah, dipangkas hingga 1/8"" lemak, pilihan, dimasak, direbus";254;32,85;12,56;-;-
13873;"Daging sapi, bulat, putaran bawah, dipanggang, dapat dipisahkan lemak dan lemaknya, dipangkas menjadi 1/8"" lemak, pilihan, dimasak, dipanggang";223;26,05;12,44;-;-
13874;"Daging sapi, bulat, putaran bawah, steak, lemak dan lemak yang dapat dipisahkan, dipangkas menjadi 1/8"" lemak, pilih, mentah";187;20,68;10,93;-;-
13875;"Daging sapi, bulat, putaran bawah, steak, lemak dan lemak yang dapat dipisahkan, dipangkas hingga 1/8"" lemak, pilih, dimasak, direbus";240;32,67;11,19;-;-
13876;"Daging sapi, bulat, putaran bawah, dipanggang, lemak dan lemak yang dapat dipisahkan, dipangkas menjadi 1/8"" lemak, pilih, dimasak, dipanggang";212;26,77;10,85;-;-
13877;"Daging sapi, bulat, mata bundar, panggang, lemak dan lemak terpisah, dipangkas hingga 1/8"" lemak, semua grade, mentah";166;21,49;8,24;-;-
13878;"Daging sapi, bundar, mata bundar, panggang, lemak tanpa lemak yang dapat dipisahkan, dipangkas hingga 1/8"" lemak, semua grade, dimasak, dipanggang";208;28,31;9,65;-;-
13879;"Daging sapi, bulat, mata bundar, panggang, lemak dan lemak terpisah, dipangkas hingga 1/8"" lemak, pilihan, mentah";173;21,68;8,91;-;-
13880;"Daging sapi, bulat, mata bundar, panggang, lemak dan lemak terpisah, dipangkas hingga 1/8"" lemak, pilihan, dimasak, dipanggang";212;28,48;10,05;-;-
13881;"Daging sapi, bulat, mata bundar, panggang, dapat dipisahkan lemak dan lemaknya, dipangkas menjadi 1/8"" lemak, pilih, mentah";159;21,3;7,57;-;-
13882;"Daging sapi, bundar, mata bundar, panggang, lemak dan lemak terpisah, dipangkas hingga 1/8"" lemak, pilih, dimasak, panggang";204;28,13;9,26;-;-
13883;"Daging sapi, bundar, ujung bundar, dapat dipisahkan lemak dan lemaknya, dipangkas menjadi lemak 1/8"", semua grade, mentah";189;19,6;11,67;-;-
13884;"Daging sapi, bulat, ujung bundar, dipanggang, lemak dan lemak yang dapat dipisahkan, dipangkas hingga 1/8"" lemak, semua grade, dimasak, dipanggang";219;27,45;11,34;-;-
13885;"Daging sapi, bulat, ujung bundar, dapat dipisahkan lemak dan lemaknya, dipangkas menjadi 1/8"" lemak, pilihan, mentah";199;19,48;12,83;-;-
13886;"Daging sapi, bulat, ujung bundar, dipanggang, dapat dipisahkan lemak dan lemaknya, dipangkas menjadi 1/8"" lemak, pilihan, dimasak, dipanggang";228;27,27;12,34;-;-
13887;"Daging sapi, bulat, ujung bundar, dapat dipisahkan lemak dan lemaknya, dipangkas menjadi 1/8"" lemak, pilih, mentah";178;19,74;10,39;-;-
13888;"Daging sapi, bulat, ujung bundar, dipanggang, lemak dan lemak yang dapat dipisahkan, dipangkas menjadi 1/8"" lemak, pilih, dimasak, dipanggang";210;27,63;10,24;-;-
13889;"Daging sapi, steak top shoulder, tanpa tulang, lemak dan lemak yang dapat dipisahkan, dipangkas hingga 0"" lemak, pilihan, mentah";152;20,07;7,94;-;-
13890;"Daging sapi, daging bundar, daging bundar, hanya lean tanpa lemak, dipangkas hingga 1/8"" lemak, pilihan, dimasak, digoreng";228;33,93;8,33;2,03;-
13891;"Daging sapi, bulat, putaran atas, steak, lemak dan lemak yang dapat dipisahkan, dipangkas hingga 1/8"" lemak, semua nilai, mentah";166;22,06;7,93;-;-
13892;"Daging sapi, bulat, putaran atas, lemak dan lemak terpisah, dipangkas hingga 1/8"" lemak, semua grade, dimasak, direbus";238;34,34;10,13;-;-
13893;"Daging sapi, bulat, steak bundar atas, lemak dan lemak terpisah, dipangkas hingga 1/8"" lemak, semua grade, dimasak, dipanggang";204;30,67;9;-;-
13894;"Daging sapi, daging bundar, daging bundar, steak, lemak tanpa lemak yang dapat dipisahkan, dipangkas hingga 1/8"" lemak, pilihan, mentah";168;21,94;8,19;-;-
13895;"Daging sapi, bulat, putaran atas, dapat dipisahkan lemak dan lemaknya, dipangkas menjadi 1/8"" lemak, pilihan, dimasak, direbus";250;34,09;11,61;-;-
13896;"Daging sapi, bulat, putaran atas, steak, lemak dan lemak yang dapat dipisahkan, dipangkas hingga 1/8"" lemak, pilihan, dimasak, dipanggang";224;30,7;10,27;-;-
13897;"Daging sapi, bulat, putaran atas, dapat dipisahkan lemak dan lemaknya, dipangkas menjadi 1/8"" lemak, pilihan, dimasak, digoreng";266;32,99;13,83;-;-
13898;"Daging sapi, bulat, putaran atas, steak, lemak dan lemak yang dapat dipisahkan, dipangkas menjadi 1/8"" lemak, pilih, mentah";164;22,18;7,68;-;-
13899;"Daging sapi, bulat, putaran atas, dapat dipisahkan lemak dan lemaknya, dipangkas menjadi 1/8"" lemak, pilih, dimasak, direbus";225;34,6;8,54;-;-
13900;"Daging sapi, bulat, putaran atas, steak, lemak dan lemak terpisah, dipangkas hingga 1/8"" lemak, pilih, dimasak, dipanggang";201;30,63;7,73;-;-
13901;"Daging sapi, bulat, putaran atas, dapat dipisahkan lemak dan lemaknya, dipangkas menjadi 1/8"" lemak, prima, mentah";173;22,24;8,67;-;-
13902;"Daging sapi, bulat, putaran atas, steak, lemak dan lemak yang dapat dipisahkan, dipangkas hingga 1/8"" lemak, prima, dimasak, dipanggang";225;31,27;10,1;-;-
13903;"Daging sapi, steak top shoulder, tanpa tulang, lemak dan lemak yang dapat dipisahkan, dipangkas hingga 0"" lemak, pilih, mentah";137;20,28;6,21;-;-
13904;"Daging sapi, brisket, setengah rata, tanpa tulang, lemak dan lemak yang dapat dipisahkan, dipangkas menjadi 0"" lemak, semua grade, mentah";165;20,32;9,29;-;-
13905;"Daging sapi, pinggang pendek, kedai bir, lemak tanpa lemak yang dapat dipisahkan, dipangkas hingga 1/8"" lemak, pilihan, mentah";218;20,36;14,58;-;-
13906;"Daging sapi, pinggang pendek, kedai bir, lemak tanpa lemak yang dapat dipisahkan, dipangkas hingga 1/8"" lemak, pilihan, dimasak, dipanggang";284;24,85;19,78;-;-
13907;"Daging sapi, pinggang pendek, t-bone steak, lemak dan lemak terpisah, dipangkas hingga 1/8"" lemak, pilihan, mentah";228;20;15,83;-;-
13908;"Daging sapi, pinggang pendek, t-bone steak, lemak dan lemak terpisah, dipangkas hingga 1/8"" lemak, pilihan, dimasak, dipanggang";294;24,21;21,13;-;-
13909;"Daging sapi, pinggang pendek, pinggang atas, steak, lemak tanpa lemak yang dapat dipisahkan, dipangkas hingga 1/8"" lemak, semua nilai, mentah";228;20,61;15,49;-;-
13910;"Daging sapi, pinggang, pinggang atas, lemak tanpa lemak yang dapat dipisahkan, dipangkas hingga 1/8"" lemak, semua tingkat, dimasak, dipanggang";264;26,44;16,78;-;-
13911;"Daging sapi, pinggang, pinggang atas, lemak dan lemak yang dapat dipisahkan, dipangkas menjadi 1/8"" lemak, pilihan, mentah";237;19,32;17,1;-;-
13912;"Daging sapi, pinggang pendek, pinggang atas, steak, lemak tanpa lemak yang dapat dipisahkan, dipangkas hingga 1/8"" lemak, pilihan, dimasak, dipanggang";278;26,16;18,45;-;-
13913;"Daging sapi, pinggang, pinggang atas, lemak dan lemak yang dapat dipisahkan, dipangkas menjadi 1/8"" lemak, pilih, mentah";224;20,59;15,04;-;-
13914;"Daging sapi, pinggang, pinggang atas, lemak tanpa lemak yang dapat dipisahkan, dipangkas hingga 1/8"" lemak, pilih, dimasak, dipanggang";250;26,72;15,11;-;-
13915;"Daging sapi, pinggang pendek, pinggang atas, steak, lemak tanpa lemak yang dapat dipisahkan, dipangkas hingga 1/8"" lemak, prima, mentah";281;19;22,17;-;-
13916;"Daging sapi, pinggang pendek, pinggang atas, lemak tanpa lemak yang dapat dipisahkan, dipangkas hingga 1/8"" lemak, prima, dimasak, dipanggang";310;25,92;22,12;-;-
13917;"Daging sapi, tenderloin, steak, lemak tanpa lemak yang dapat dipisahkan, dipangkas menjadi lemak 1/8"", semua grade, mentah";247;19,61;18,16;-;-
13918;"Daging sapi, tenderloin, steak, lemak tanpa lemak yang dapat dipisahkan, dipangkas hingga 1/8"" lemak, semua grade, dimasak, dipanggang";267;26,46;17,12;-;-
13919;"Daging sapi, tenderloin, panggang, lemak tanpa lemak yang dapat dipisahkan, dipangkas hingga 1/8"" lemak, semua grade, dimasak, dipanggang";324;23,9;24,6;-;-
13920;"Daging sapi, tenderloin, steak, lemak tanpa lemak yang dapat dipisahkan, dipangkas hingga 1/8"" lemak, pilihan, mentah";246;19,82;17,88;-;-
13921;"Daging sapi, tenderloin, steak, lemak tanpa lemak yang dapat dipisahkan, dipangkas hingga 1/8"" lemak, pilihan, dimasak, dipanggang";273;26,43;17,78;-;-
13922;"Daging sapi, tenderloin, panggang, lemak tanpa lemak yang dapat dipisahkan, dipangkas hingga 1/8"" lemak, pilihan, dimasak, dipanggang";331;23,9;25,39;-;-
13923;"Daging sapi, tenderloin, steak, lemak tanpa lemak yang dapat dipisahkan, dipangkas hingga 1/8"" lemak, pilih, mentah";249;19,37;18,46;-;-
13924;"Daging sapi, tenderloin, steak, lemak tanpa lemak yang dapat dipisahkan, dipangkas hingga 1/8"" lemak, pilih, dimasak, dipanggang";262;26,48;16,53;-;-
13925;"Daging sapi, tenderloin, panggang, lemak tanpa lemak yang dapat dipisahkan, dipangkas hingga 1/8"" lemak, pilih, dimasak, dipanggang";316;23,9;23,7;-;-
13926;"Daging sapi, tenderloin, lemak dan lemak yang dapat dipisahkan, dipangkas hingga 1/8"" lemak, prima, mentah";274;18,15;21,83;-;-
13927;"Daging sapi, tenderloin, steak, lemak tanpa lemak yang dapat dipisahkan, dipangkas hingga 1/8"" lemak, utama, dimasak, dipanggang";308;25,26;22,21;-;-
13928;"Daging sapi, tenderloin, panggang, lemak dan lemak yang dapat dipisahkan, dipangkas hingga 1/8"" lemak, utama, dimasak, dipanggang";343;24,04;26,67;-;-
13929;"Daging sapi, sirloin teratas, steak, lemak tanpa lemak yang dapat dipisahkan, dipangkas hingga 1/8"" lemak, semua grade, mentah";201;20,3;12,71;-;-
13930;"Daging sapi, sirloin teratas, steak, lemak tanpa lemak yang dapat dipisahkan, dipangkas hingga 1/8"" lemak, semua grade, dimasak, dipanggang";243;26,96;14,23;-;-
13931;"Daging sapi, sirloin teratas, steak, lemak tanpa lemak yang dapat dipisahkan, dipangkas hingga 1/8"" lemak, pilihan, mentah";214;19,92;14,28;-;-
13932;"Daging sapi, sirloin teratas, steak, lemak tanpa lemak yang dapat dipisahkan, dipangkas hingga 1/8"" lemak, pilihan, dimasak, dipanggang";257;26,8;15,75;-;-
13933;"Daging sapi, sirloin teratas, steak, lemak tanpa lemak yang dapat dipisahkan, dipangkas hingga 1/8"" lemak, pilihan, dimasak, digoreng";313;28,77;21,06;-;-
13934;"Daging sapi, sirloin atas, steak, lemak tanpa lemak yang dapat dipisahkan, dipangkas hingga 1/8"" lemak, pilih, mentah";189;20,68;11,13;-;-
13935;"Daging sapi, sirloin atas, steak, lemak tanpa lemak yang dapat dipisahkan, dipangkas hingga 1/8"" lemak, pilih, dimasak, dipanggang";230;27,12;12,71;-;-
13937;"Daging sapi, chuck, clod roast, hanya lean leanable, dipangkas menjadi 0"" lemak, pilihan, matang, panggang";171;25,95;6,69;-;-
13940;"Daging sapi, chuck, clod roast, hanya lean leanable, dipangkas menjadi 0"" lemak, pilih, dimasak, panggang";172;28,09;5,82;-;-
13943;"Daging sapi, steak bahu, tanpa tulang, tanpa lemak yang dapat dipisahkan, dipangkas hingga 0"" lemak, pilihan, dimasak, dipanggang";178;28,54;6,25;-;-
13946;"Daging sapi, steak pundak, tanpa tulang, tanpa lemak yang dapat dipisahkan, dipangkas hingga 0"" lemak, pilih, dimasak, dipanggang";169;28,71;5,17;-;-
13948;"Daging sapi, panggul, steak, lemak dan lemak terpisah, dipangkas menjadi 0"" lemak, semua grade, dimasak, dipanggang";192;27,66;8,23;-;-
13949;"Daging sapi, panggul, steak, dapat dipisahkan lemak dan lemaknya, dipangkas menjadi 0"" lemak, pilih, dimasak, dipanggang";183;27,78;7,15;-;-
13950;"Daging sapi, brisket, setengah rata, dapat dipisahkan lemak dan lemaknya, dipangkas menjadi 0"" lemak, pilih, dimasak, direbus";205;33,59;6,77;-;-
13951;"Daging sapi, tulang rusuk, ujung kecil (tulang rusuk 10-12), lemak tanpa lemak yang dapat dipisahkan, dipangkas menjadi 0"" lemak, pilih, dimasak, dipanggang";234;27,95;12,71;-;-
13952;"Daging sapi, tulang rusuk, ujung kecil (tulang rusuk 10-12), lemak tanpa lemak yang dapat dipisahkan, dipangkas menjadi lemak 0"", semua tingkat, dimasak, dipanggang";249;27,27;14,74;-;-
13953;"Daging sapi, sirloin bawah, tri-tip panggang, lemak dan lemak terpisah, dipangkas menjadi 0"" lemak, semua grade, dimasak, dipanggang";211;26,05;11,07;-;-
13954;"Daging sapi, sirloin bawah, tri-tip panggang, lemak dan lemak terpisah, dipangkas menjadi 0"" lemak, semua grade, mentah";165;20,64;8,55;-;-
13955;"Daging sapi, sirloin bawah, daging panggang ujung, lemak tanpa lemak yang dapat dipisahkan, dipangkas menjadi 0"" lemak, pilihan, dimasak, dipanggang";221;25,66;12,36;-;-
13956;"Daging sapi, sirloin bawah, daging panggang tri-tip, lemak tanpa lemak yang dapat dipisahkan, dipangkas menjadi 0"" lemak, pilihan, mentah";174;20,64;9,51;-;-
13957;"Daging sapi, sirloin bawah, daging panggang ujung, lemak tanpa lemak yang dapat dipisahkan, dipangkas menjadi 0"" lemak, pilih, dimasak, dipanggang";201;26,44;9,78;-;-
13958;"Daging sapi, sirloin bawah, daging panggang tri-tip, lemak tanpa lemak yang dapat dipisahkan, dipangkas menjadi 0"" lemak, pilih, mentah";157;20,64;7,68;-;-
13959;"Daging sapi, bulat, steak bundar, tanpa tulang, lemak dan lemak yang dapat dipisahkan, dipangkas hingga 0"" lemak, semua grade, dimasak, dipanggang";167;29,96;4,28;-;-
13961;"Daging sapi, chuck, bistik tender mock, hanya dapat dipisahkan tanpa lemak, dipangkas hingga 0"" lemak, pilihan, dimasak, dipanggang";161;25,74;5,69;-;-
13963;"Daging sapi, chuck, bistik tender mock, hanya dapat dipisahkan tanpa lemak, dipangkas hingga 0"" lemak, pilih, dimasak, dipanggang";157;26,13;5,02;-;-
13965;"Daging sapi, chuck, bilah atas, hanya lean yang dapat dipisahkan, dipangkas menjadi 0"" lemak, pilihan, dimasak, dipanggang";217;26,11;11,65;-;-
13967;"Daging sapi, chuck, bilah atas, hanya lean yang dapat dipisahkan, dipangkas menjadi 0"" lemak, pilih, dimasak, dipanggang";184;26,16;8;-;-
13968;"Daging sapi, bulat, steak bundar, tanpa tulang, lemak dan lemak terpisah, dipangkas hingga 0"" lemak, pilihan, matang, panggang";170;30,12;4,62;-;-
13969;"Daging sapi, bulat, steak bundar, tanpa tulang, lemak dan lemak terpisah, dipangkas hingga 0"" lemak, pilih, dimasak, panggang";162;29,7;3,85;-;-
13970;"Daging sapi, panggul, steak, lemak tanpa lemak yang dapat dipisahkan, dipangkas menjadi lemak 0"", semua grade, mentah";155;21,22;7,17;-;-
13971;"Daging sapi, panggul, steak, dapat dipisahkan lemak dan lemak, dipangkas menjadi 0"" lemak, pilih, mentah";145;21,22;6,06;-;-
13972;"Daging sapi, daging panggang mata, tanpa tulang, Daging Sapi Amerika, hanya daging tanpa lemak yang dapat dipisahkan, dipangkas menjadi 0"" lemak, semua tingkatan, mentah";137;20,61;6,01;-;-
13973;"Daging sapi, daging panggang mata, tanpa tulang, Daging Sapi Amerika, tanpa lemak terpisah, dipangkas hingga 0"" lemak, pilihan, mentah";139;20,67;6,21;-;-
13974;"Daging sapi, daging panggang mata, tanpa tulang, Daging Sapi Amerika, hanya daging tanpa lemak yang dapat dipisahkan, dipangkas hingga 0"" lemak, pilih, mentah";133;20,52;5,71;-;-
13975;"Daging sapi, brisket, setengah rata, tanpa tulang, lemak dan lemak yang dapat dipisahkan, dipangkas menjadi 0"" lemak, pilihan, mentah";169;20,15;9,86;-;-
13977;"Daging sapi, piring, steak dalam rok, hanya lemak yang dapat dipisahkan, dipangkas hingga 0"" lemak, semua grade, dimasak, dipanggang";205;26,66;10,06;-;-
13979;"Daging sapi, piring, steak rok luar, hanya dapat dipisahkan tanpa lemak, dipangkas hingga 0"" lemak, semua grade, dimasak, dipanggang";233;24,18;14,37;-;-
13980;"Daging sapi, chuck, iga pendek, tanpa tulang, tanpa lemak yang dapat dipisahkan, dipangkas hingga 0"" lemak, pilihan, dimasak, direbus";250;28,84;14,95;-;-
13981;"Daging sapi, chuck, iga pendek, tanpa tulang, tanpa lemak yang dapat dipisahkan, dipangkas hingga 0"" lemak, pilih, dimasak, direbus";224;28,79;12,08;-;-
13982;"Daging sapi, chuck, tulang rusuk pendek, tanpa tulang, hanya lemak yang dapat dipisahkan, dipangkas hingga 0"" lemak, semua grade, dimasak, direbus";240;28,82;13,8;-;-
13983;"Daging sapi, brisket, setengah rata, tanpa tulang, lemak dan lemak yang dapat dipisahkan, dipangkas menjadi 0"" lemak, pilih, mentah";158;20,57;8,45;-;-
13985;"Daging sapi, pinggang, pantat sirloin bawah, tri-tip panggang, hanya dapat dipisahkan tanpa lemak, dipangkas hingga 0"" lemak, semua tingkat, dimasak, dipanggang";182;26,75;8,34;-;-
14003;Minuman beralkohol, bir, reguler, semua;43;0,46;-;3,55;-
14004;Minuman beralkohol, bir, reguler, budweiser;41;0,36;-;2,97;-
14005;Minuman beralkohol, bir, cahaya, budweiser pilih;28;0,2;-;0,87;-
14006;Minuman beralkohol, bir, cahaya;29;0,24;-;1,64;-
14007;Minuman beralkohol, bir, cahaya, cahaya tunas;29;0,25;-;1,3;-
14009;Minuman beralkohol, daiquiri, kaleng;125;-;-;15,7;-
14010;Minuman beralkohol, daiquiri, disiapkan-dari-resep;186;0,06;0,06;6,94;0,1
14013;Minuman beralkohol, bir, cahaya, michelob ultra;27;0,17;-;0,73;-
14015;Minuman beralkohol, pina colada, kaleng;237;0,6;7,6;27,6;0,1
14016;Minuman, susu almond, pemanis, bumbu vanila, siap minum;38;0,42;1,04;6,59;0,4
14017;Minuman beralkohol, pina colada, disiapkan-dari-resep;174;0,42;1,88;22,66;0,3
14019;Minuman beralkohol, tequila sunrise, kalengan;110;0,3;0,1;11,3;-
14021;Minuman berenergi, Jeruk;45;-;-;11,27;-
14022;Minuman Energi Monster, Karbohidrat Rendah;5;-;-;1,38;-
14024;Minuman, campuran asam Wiski, bubuk;383;0,6;0,1;97,3;-
14025;Minuman beralkohol, wiski asam, disiapkan dengan campuran air, wiski dan bubuk;164;0,1;0,02;15,85;-
14026;Minuman, Perusahaan Coca-Cola, Nos Zero, Minuman Berenergi, Bebas Gula dengan Guarana, Diperkaya dengan Vitamin B6 dan B12;4;-;-;1,03;-
14027;Minuman beralkohol, wiski asam, kalengan;119;-;-;13,4;0,1
14028;Minuman, campuran asam wiski, botol;87;0,1;0,1;21,4;-
14029;Minuman beralkohol, wiski asam, disiapkan dari item 14028;153;0,06;0,06;12,82;-
14030;Minuman, Perusahaan Coca-Cola, Minuman Energi Nos, Asli, Anggur, Ceri Sarat, Jeruk Isi Ulang, Diperkaya dengan Vitamin B6 dan B12;44;-;-;11,25;-
14031;Minuman, air, botol, yumberry, delima dengan anti-oksidan, nol kalori;5;-;-;1,25;-
14033;Minuman, Abbott, Eas Whey Protein Powder;385;66,67;5,13;17,95;-
14034;Minuman beralkohol, creme de menthe, 72 proof;371;-;0,3;41,6;-
14035;Minuman, Abbott, Eas Bubuk Protein Kedelai;405;47,62;3,57;43,94;-
14036;Minuman, Cytosport, Susu Otot, Siap Minum;49;5,87;2,01;2,06;0,2
14037;Minuman beralkohol, suling, semua (gin, rum, vodka, wiski) 80 bukti;231;-;-;-;-
14038;Minuman, Ocean Spray, Cran-Energy, Minuman Jus Energi Cranberry;15;-;-;3,75;-
14041;Minuman, Nestle, Penambah Plus, Minuman Bernutrisi, Siap Minum;138;5,38;5,38;17,29;1,2
14044;Minuman, Slimfast, Pengganti Makan, High Protein Shake, Ready-To-Drink, Paket 3-2-1;58;6,59;2,88;0,85;0,4
14045;Minuman, Unilever, Slimfast, Pengganti Makanan, Reguler, Siap Minum, Paket 3-2-1;57;3,32;1,93;7,74;1,6
14047;Minuman, Unilever, Slimfast Shake Mix, Bubuk, Paket 3-2-1;448;8,13;13,34;73,92;18,1
14048;Minuman, Fuze, Mangga Jeruk, Diperkaya dengan Vitamin A, C, E, B6;38;0,68;0,06;9,2;0,2
14049;Minuman beralkohol, suling, gin, 90 proof;263;-;-;-;-
14050;Minuman beralkohol, suling, rum, 80 proof;231;-;-;-;-
14051;Minuman beralkohol, suling, vodka, 80 proof;231;-;-;-;-
14052;Minuman beralkohol, suling, wiski, 86 bukti;250;-;-;0,1;-
14054;Minuman, susu almond, cokelat, siap minum;50;0,63;1,25;9,38;0,4
14055;Minuman, Unilever, Slimfast Shake Mix, Protein Tinggi, Bubuk Whey, Paket 3-2-1,;368;27,87;11,62;50;18,2
14056;Minuman Acai berry, diperkaya;62;0,83;0,83;12,83;1,2
14057;Minuman beralkohol, anggur, makanan penutup, manis;160;0,2;-;13,69;-
14058;Minuman, isolat bubuk protein Whey;359;58,14;1,16;29,07;-
14059;Minuman, Kellogg's, K Protein Kocok Khusus;64;3,2;1,6;9,2;1,7
14060;Minuman Energi dengan air berkarbonasi dan sirup jagung fruktosa tinggi;62;0,42;-;15;-
14061;Minuman Energi, bebas gula;4;0,42;-;0,42;-
14062;Minuman, Abbott, Ensure, Nutrisi Shake, Siap Minum;105;3,8;2,53;16,88;-
14063;Minuman, bubuk cokelat, tanpa gula ditambahkan;373;9,09;9,09;63,64;9,1
14064;Minuman, jus jeruk, cahaya, Tanpa bubur;21;0,21;-;5,42;-
14065;Minuman, Perusahaan Coca-Cola, Punch Buah Hi-C Flashin ';45;-;-;12,5;-
14066;Minuman, berbasis protein Whey powder;352;78,13;1,56;6,25;3,1
14067;Minuman, Protein bubuk berbahan dasar kedelai;388;55,56;5,56;28,89;6,7
14068;Minuman, Bubuk Protein K20 Khusus Kellogg;380;35,2;0,6;58,4;37,5
14073;Minuman, Zevia, Cola;-;-;-;1,13;-
14074;Minuman, Zevia, Cola, Bebas Kafein;-;-;-;1,13;-
14075;Minuman, Gerolsteiner Brunnen Gmbh & Co. Kg, (Gerolsteiner) Secara Alami Air Mineral Bersoda;-;-;-;-;-
14076;Minuman, Icelandic, Mata Air Alami Es;-;-;-;-;-
14079;Minuman ringan jeruk berwarna hijau kuning dengan kafein;49;-;-;12,83;-
14080;Minuman, cokelat yang kaya, bubuk;372;-;-;92,96;-
14082;Minuman, Gerolsteiner Brunnen Gmbh & Co. Kg (Gerolsteiner), Secara Alami Berkilau, Air Mineral Botol;-;-;-;-;-
14083;Minuman, cokelat, bubuk, disiapkan dengan susu bebas lemak;49;3,25;0,17;8,64;-
14084;Minuman beralkohol, anggur, meja, semuanya;83;0,07;-;2,72;-
14086;Minuman, V8 Splash Smoothies, Peach Mango;37;1,22;-;7,76;-
14087;Minuman, V8 Splash Smoothies, Strawberry Banana;37;1,22;-;8,16;-
14088;Minuman, V8 Splash Smoothies, Tropical Colada;41;1,22;-;8,54;0,4
14090;Minuman, air kelapa, siap minum, tanpa pemanis;18;0,22;-;4,24;-
14091;Minuman, susu almond, tanpa pemanis, rak stabil;15;0,59;1,1;0,58;-
14092;Minuman, susu Chocolate Almond, tanpa pemanis, stabil di rak, diperkaya dengan vitamin D2 dan E;21;0,83;1,46;1,25;0,4
14093;Minuman, Perusahaan Coca-Cola, Glaceau Vitamin Water, Menghidupkan Kembali Punch Buah, Diperkaya dengan Vitamin C, B3, B5 , B6, B12, Potas, Mg, Ca Ms 8/6/15;-;-;-;-;-
14095;Minuman, Minute Maid, Lemonada, Limeade;50;-;-;13,75;-
14096;Minuman beralkohol, anggur, meja, merah;85;0,07;-;2,61;-
14097;Minuman Beralkohol, anggur, meja, merah, Cabernet Sauvignon;83;0,07;-;2,6;-
14098;Minuman Beralkohol, anggur, meja, merah, Cabernet Franc;83;0,07;-;2,45;-
14099;Minuman Beralkohol, anggur, meja, merah, Pinot Noir;82;0,07;-;2,31;-
14100;Minuman Beralkohol, anggur, meja, merah, Syrah;83;0,07;-;2,58;-
14101;Minuman Beralkohol, anggur, meja, merah, Barbera;85;0,07;-;2,79;-
14102;Minuman Beralkohol, anggur, meja, merah, Zinfandel;88;0,07;-;2,86;-
14103;Minuman Beralkohol, anggur, meja, merah, Petite Sirah;85;0,07;-;2,68;-
14105;Minuman Beralkohol, anggur, meja, merah, Claret;83;0,07;-;3,01;-
14106;Minuman beralkohol, anggur, meja, putih;82;0,07;-;2,6;-
14107;Minuman Beralkohol, anggur, meja, merah, Lemberger;80;0,07;-;2,46;-
14108;Minuman Beralkohol, anggur, meja, merah, Sangiovese;86;0,07;-;2,62;-
14109;Minuman Beralkohol, anggur, meja, merah, Carignane;74;0,07;-;2,4;-
14113;Minuman beralkohol, anggur, meja, putih, Pinot Gris (Grigio);83;0,07;-;2,06;-
14116;Minuman beralkohol, anggur, meja, putih, Chenin Blanc;80;0,07;-;3,31;-
14117;Minuman beralkohol, anggur, meja, putih, Fume Blanc;82;0,07;-;2,27;-
14119;Minuman, campuran sayur dan jus buah, dengan nutrisi tambahan;29;0,04;0,01;7,47;-
14120;Minuman beralkohol, anggur, meja, putih, Muller Thurgau;76;0,07;-;3,48;-
14121;Minuman berkarbonasi, soda klub;-;-;-;-;-
14124;Minuman beralkohol, anggur, meja, putih, Gewurztraminer;81;0,07;-;2,6;-
14125;Minuman beralkohol, anggur, meja, putih, panen terlambat, Gewurztraminer;108;0,07;-;11,39;-
14126;Minuman beralkohol, anggur, meja, putih, Semillon;82;0,07;-;3,12;-
14130;Minuman berkarbonasi, soda krim;51;-;-;13,3;-
14132;Minuman beralkohol, anggur, meja, putih, Riesling;80;0,07;-;3,74;-
14134;Minuman beralkohol, anggur, meja, putih, Sauvignon Blanc;81;0,07;-;2,05;-
14135;Minuman beralkohol, anggur, meja, putih, panen terlambat;112;0,07;-;13,39;-
14136;Minuman berkarbonasi, minuman jahe;34;-;-;8,76;-
14137;Minuman, Nestea, Teh, Hitam, Siap Minum, Lemon;36;-;-;9,09;-
14138;Minuman beralkohol, anggur, meja, putih, Pinot Blanc;81;0,07;-;1,94;-
14140;Minuman beralkohol, anggur, meja, putih, Muscat;82;0,07;-;5,23;-
14142;Minuman berkarbonasi, soda anggur;43;-;-;11,2;-
14143;Minuman berkarbonasi, rendah kalori, selain cola atau lada, tanpa kafein;-;0,1;-;-;-
14144;Minuman berkarbonasi, soda lemon-lime, tanpa kafein;41;0,09;-;10,42;-
14145;Minuman Berkarbonasi, Sprite, Lemon-Lime, Tanpa Kafein;40;0,05;0,02;10,14;-
14146;Minuman berkarbonasi, rendah kalori, cola atau lada, dengan aspartam, tanpa kafein;1;0,12;-;0,12;-
14147;Minuman berkarbonasi, cola, tanpa kafein;41;-;-;10,58;-
14148;Minuman, berkarbonasi, cola, reguler;42;-;0,25;10,36;-
14149;Minuman berkarbonasi, gula berkurang, cola, mengandung kafein dan pemanis;20;-;-;5,16;-
14150;Minuman berkarbonasi, jeruk;48;-;-;12,3;-
14151;Minuman berkarbonasi, rendah kalori, selain cola atau lada, dengan aspartame, mengandung kafein;-;0,1;-;-;-
14152;Minuman Beralkohol, anggur, meja, merah, Burgundy;86;0,07;-;3,69;-
14153;Minuman berkarbonasi, jenis lada, mengandung kafein;41;-;0,1;10,4;-
14154;Minuman Berenergi, Red Bull;43;0,46;-;10,23;-
14155;Minuman berkarbonasi, air tonik;34;-;-;8,8;-
14156;Minuman Berenergi, Bull Merah, Bebas Gula, dengan Tambahan Kafein, Niasin, Asam Pantotenat, Vitamin B6 dan B12;5;0,25;0,08;0,7;-
14157;Minuman berkarbonasi, root beer;41;-;-;10,6;-
14158;Minuman Beralkohol, anggur, meja, merah, Gamay;78;0,07;-;2,38;-
14159;Minuman Beralkohol, anggur, meja, merah, Mouvedre;88;0,07;-;2,64;-
14160;Minuman beralkohol, anggur, meja, putih, Chardonnay;84;0,07;-;2,16;-
14161;Minuman Jus Strawberry Kiwi;47;-;-;12,26;-
14162;Minuman jus apel, ringan, diperkaya dengan vitamin C;22;-;0,1;5,1;-
14163;Minuman cokelat, berbasis susu dan kedelai, siap minum, diperkaya;101;4,22;1,69;17,3;1,3
14164;Minuman, bubuk cokelat malt, disiapkan dengan susu 1%, diperkaya;57;3,32;0,97;8,81;-
14165;Minuman berkarbonasi, jeruk nipis, kafein tinggi;18;-;0,11;4,16;-
14166;Minuman berkarbonasi, rendah kalori, cola atau lada, dengan natrium sakarin, mengandung kafein;-;-;-;0,1;-
14167;Minuman, Powerade, Nol, Berry Campuran;-;-;-;0,14;-
14168;Minuman, campuran minuman rasa Carob, bubuk;372;1,8;0,2;93,3;8
14169;Minuman, campuran minuman rasa Carob, bubuk, disiapkan dengan susu murni;75;3,16;3,11;8,68;0,4
14171;Minuman, santan, dimaniskan, diperkaya dengan kalsium, vitamin A, B12, D2;31;0,21;2,08;2,92;-
14173;Minuman, kopi, siap minum, vanila, ringan, berbahan dasar susu, dimaniskan;36;2,14;1,07;4,27;-
14174;Minuman, jus buah Lemonade minuman ringan, diperkaya dengan vitamin E dan C;21;-;-;5;-
14177;Campuran minuman rasa cokelat, bubuk, disajikan dengan susu murni;85;3,23;3,24;11,91;0,4
14179;Minuman, kopi, siap minum, berbahan dasar susu, dimaniskan;71;1,98;1,38;12,6;-
14180;Minuman, kopi, diseduh, sarapan campuran;2;0,3;-;0,23;-
14181;Minuman, sirup cokelat;279;2,1;1,13;65,1;2,6
14182;Sirup cokelat, disajikan dengan susu murni;90;3,07;2,96;12,78;0,3
14183;Minuman, kopi, siap minum, es, moka, berbahan dasar susu;60;1,48;0,98;11,42;-
14185;Minuman, teh, Oolong, diseduh;1;-;-;0,15;-
14187;Minuman, Kerang dan jus tomat, kalengan;48;0,6;0,2;10,95;0,4
14188;Minuman, teh, hijau, siap minum, ginseng dan madu, dimaniskan;30;-;0,18;7,16;-
14189;Minuman, Perusahaan Coca-Cola, Minute Maid, Lemonade;46;-;-;12,08;-
14190;Minuman, teh, hijau, siap minum, diet;-;-;-;-;-
14191;Minuman, teh, hijau, siap minum, jeruk, diet, diperkaya dengan vitamin C;1;-;-;0,31;-
14192;Campuran kakao, bubuk;398;6,67;4;83,73;3,7
14194;Campuran kakao, bubuk, disajikan dengan air;55;0,92;0,55;11,54;0,5
14195;Campuran cokelat, nestle, cokelat panas campuran cokelat kaya dengan marshmallow;400;2,8;15;75;3,7
14196;Minuman, campuran Kakao, tanpa gula ditambahkan, bubuk;377;15,49;3;71,93;7,5
14197;Campuran cokelat, cokelat, cokelat campuran cokelat panas;400;3;15;75;4
14199;Minuman, teh, hitam, siap minum, lemon, dimaniskan;45;-;0,22;10,8;-
14201;Minuman, kopi, diseduh, disiapkan dengan air ledeng, tanpa kafein;-;0,1;-;-;-
14202;Minuman, kopi, diseduh, espresso, disiapkan restoran, tanpa kafein;9;0,1;0,18;1,69;-
14203;Minuman, kopi, instan, reguler, setengah dari kafein;352;14,42;0,5;73,18;-
14204;Minuman, kopi dan coklat, instan, tanpa kafein, dengan pemutih dan pemanis berkalori rendah;440;9;13,21;71,4;4,8
14206;Minuman, teh, hijau, siap minum, manis;27;-;0,22;6,2;-
14207;Minuman, teh, siap minum, lemon, diet;2;-;-;0,41;-
14209;Kopi, diseduh, disiapkan dengan air ledeng;1;0,12;0,02;-;-
14210;Minuman, kopi, diseduh, espresso, disiapkan restoran;9;0,12;0,18;1,67;-
14211;Minuman, teh, hitam, siap minum, lemon, diet;1;-;-;0,22;-
14214;Minuman, kopi, instan, reguler, bubuk;353;12,2;0,5;75,4;-
14215;Minuman, kopi, instan, reguler, disiapkan dengan air;2;0,1;-;0,34;-
14216;Minuman jus lidah buaya, diperkaya dengan Vitamin C;15;-;-;3,75;-
14217;Minuman, Ocean Spray, Cran Grape;54;0,21;-;13,16;0,6
14218;Minuman, kopi, instan, tanpa kafein, bubuk;351;11,6;0,2;76;-
14219;Minuman, kopi, instan, tanpa kafein, disiapkan dengan air;2;0,12;-;0,43;-
14220;Minuman, Ocean Spray, Minuman Jus Cranberry-Apple, Botol;56;0,29;-;13,68;0,6
14221;Minuman, Ocean Spray, Diet Cranberry Juice;4;0,07;-;0,8;0,6
14222;Minuman, kopi, instan, dengan sawi putih;355;9,3;0,2;78,9;0,5
14223;Minuman, kopi, instan, sawi putih;3;0,09;-;0,75;-
14224;Minuman, kopi, instan, moka, dimaniskan;460;5,29;15,87;74,04;1,9
14226;Minuman, Ocean Spray, Light Cranberry dan Jus Rasa Raspberry;26;0,73;-;5,77;0,7
14227;Minuman, Ocean Spray, Minuman Jus Rasa Strawberry Cranberry Putih;49;0,22;0,01;11,98;0,6
14231;Minuman, Kraft, Kopi, Instan, French Vanilla Cafe;481;2,5;19,2;74,6;1,4
14233;Minuman, Ocean Spray, Minuman Jus Cran Raspberry;49;0,28;-;11,96;0,6
14234;Minuman, Ocean Spray, Cran Lemonade;45;0,07;-;11,12;0,6
14235;Minuman, Ocean Spray, Diet Cran Cherry;4;0,21;-;0,7;0,6
14236;Minuman, pengganti kopi, minuman biji-bijian sereal, bubuk;360;6,01;2,52;78,42;23,3
14237;Minuman, pengganti kopi, minuman biji-bijian sereal, disiapkan dengan air;6;0,1;0,04;1,3;0,4
14238;Minuman jus cranberry-apel, dalam kemasan;63;-;0,11;15,85;-
14239;Minuman beralkohol, bir malt, limun keras;68;-;-;10,07;-
14240;Minuman jus cranberry-aprikot, dikemas dalam botol;64;0,2;-;16,2;0,1
14241;Minuman jus cranberry-anggur, botol;56;0,2;0,1;14;0,1
14242;Koktail jus cranberry, botol;54;-;0,1;13,52;-
14243;Koktail jus cranberry, botol, rendah kalori, dengan kalsium, sakarin, dan pemanis jagung;19;0,02;0,01;4,6;-
14245;Minuman, campuran Eggnog-flavor, bubuk, disiapkan dengan susu murni;95;2,93;3,02;14,2;-
14246;Minuman, teh, hijau, instan, tanpa kafein, lemon, tanpa pemanis, diperkaya dengan vitamin C;378;-;-;94,45;-
14247;Minuman, teh, hitam, siap minum;-;-;-;-;-
14248;Minuman beralkohol, bir, ringan, alkohol lebih tinggi;46;0,25;-;0,77;-
14250;Minuman, Amber, sari buah apel keras;56;-;-;5,92;-
14251;Minuman, Bir, alkohol lebih tinggi;58;0,9;-;0,27;-
14252;Minuman keras Malt;40;0,35;-;-;-
14253;Minuman beralkohol, Anggur, mawar;83;0,36;-;3,8;-
14255;Minuman, Ocean Spray, Cran Delima;47;0,07;0,01;12,56;0,6
14256;Minuman, Ocean Spray, Cran Cherry;46;0,19;-;12,76;0,6
14257;Minuman, Ocean Spray, Light Cranberry;19;0,22;0,01;4,72;0,7
14258;Minuman, Ocean Spray, White Cranberry Peach;45;0,13;0,01;11,88;0,6
14259;Minuman, Ocean Spray, Light Cranberry, Concord Grape;23;0,36;0,02;5,78;0,7
14260;Minuman, teh, hijau, diseduh, tanpa kafein;-;-;-;-;-
14261;Minuman, teh, hijau, siap minum, tanpa pemanis;-;-;-;-;-
14262;Minuman jus buah jeruk, konsentrat beku;162;1,2;0,1;40,2;0,2
14263;Minuman jus buah jeruk, konsentrat beku, disiapkan dengan air;46;0,34;0,03;11,42;0,1
14264;Minuman fruit punch, tanpa tambahan nutrisi, kalengan;48;-;-;11,97;-
14267;Minuman punch Buah, dengan tambahan nutrisi, kaleng;47;-;-;11,94;0,2
14268;Minuman buah, konsentrat beku;162;0,2;-;41,4;0,4
14269;Minuman buah, konsentrat beku, disiapkan dengan air;46;0,06;-;11,66;0,1
14270;Minuman, kopi, instan, vanila, dipermanis, tanpa kafein, dengan creamer non dairy;465;-;13,33;86,28;-
14276;Minuman, Punch Tropis, siap minum;10;-;-;2,5;-
14277;Minuman anggur, dalam kaleng;61;-;-;15,72;-
14278;Minuman, teh, hijau, diseduh, teratur;1;0,22;-;-;-
14279;Minuman, teh, hitam, siap minum, persik, diet;1;-;-;0,25;-
14280;Minuman, teh, hitam, siap minum, tanpa kafein, diet;-;-;-;0,83;-
14281;Minuman, teh, hitam, siap minum, tanpa kafein;38;-;-;8,75;-
14282;Minuman jus anggur, dalam kaleng;57;-;-;14,55;0,1
14284;Minuman, koktail jus Cranberry;52;-;0,34;12,25;-
14285;Minuman, Ocean Spray, Cranberry Ruby Red;45;0,07;0,01;11,58;0,6
14286;Minuman, Motts, Jus Apel Ringan, Diperkaya dengan Vitamin C;22;-;0,1;5,1;-
14287;Minuman, Limun, bubuk;376;-;1,05;97,57;0,4
14288;Limun, bubuk, disiapkan dengan air;14;-;0,04;3,59;-
14291;Minuman, Snapple, Teh, Hitam dan Hijau, Siap Minum, Persik, Diet;2;0,1;-;0,1;-
14292;Limun, konsentrat beku, putih;196;0,22;0,7;49,89;0,3
14293;Limun, konsentrat beku, putih, disiapkan dengan air;40;0,07;0,04;10,42;-
14294;Minuman, Snapple, Teh, Hitam dan Hijau, Siap Minum, Lemon, Diet;2;0,1;-;0,1;-
14296;Minuman rasa limun, bubuk;380;-;1,01;97,9;-
14297;Minuman rasa limun, bubuk, disiapkan dengan air;27;-;0,07;6,9;-
14303;Jeruk nipis, konsentrat beku, disiapkan dengan air;52;-;-;13,79;-
14305;Minuman malt, termasuk bir non-alkohol;37;0,21;0,12;8,05;-
14309;Minuman, Ovaltine, Serbuk Malt Klasik;372;-;-;93,33;-
14310;Minuman, campuran minuman Malt, alami, dengan tambahan nutrisi, bubuk, disiapkan dengan susu murni;86;3,67;3,21;10,67;-
14311;Minuman, campuran minuman Malt, alami, bubuk, berbahan dasar susu.;428;14,29;9,52;71,21;0,1
14312;Minuman, campuran minuman Malt, alami, bubuk, disiapkan dengan susu murni;88;3,86;3,62;10,23;0,1
14315;Minuman, Ovaltine, Bubuk Cokelat Malt;372;-;-;92,96;-
14316;Minuman, campuran minuman Malt, cokelat, dengan nutrisi tambahan, bubuk, disiapkan dengan susu murni;87;3,29;3,26;11,19;0,4
14317;Campuran minuman malt, coklat, bubuk;411;5,1;4,76;86,94;4,8
14318;Minuman, campuran minuman Malt, cokelat, bubuk, disiapkan dengan susu murni;85;3,37;3,29;11,2;0,5
14323;Minuman jeruk, kalengan, dengan tambahan vitamin C;49;-;0,07;12,34;-
14327;Minuman jus jeruk dan aprikot, kalengan;51;0,3;0,1;12,7;0,1
14334;Minuman jus nanas dan grapefruit, dalam kaleng;47;0,2;0,1;11,6;0,1
14341;Minuman jus nanas dan jeruk, kalengan;50;1,3;-;11,8;0,1
14347;Kocok, Makanan cepat saji, vanila;148;3,37;6,52;19,59;0,9
14350;Campuran minuman rasa strawberry, bubuk;389;0,1;0,2;99,1;-
14351;Campuran minuman rasa stroberi, bubuk, disajikan dengan susu murni;88;3;3,1;12,3;-
14352;Minuman, teh, hitam, diseduh, disiapkan dengan air ledeng, tanpa kafein;1;-;-;0,3;-
14353;Minuman, teh, instan, tanpa kafein, tanpa pemanis;315;20,21;-;58,66;8,5
14355;Minuman, teh, hitam, diseduh, disiapkan dengan air ledeng;1;-;-;0,3;-
14356;Minuman, teh, instan, tanpa kafein, lemon, diet;338;3,3;0,6;85,4;-
14357;Minuman, teh, instan, tanpa kafein, lemon, dimaniskan;401;0,12;0,73;98,55;-
14366;Minuman, teh, instan, tanpa pemanis, bubuk;315;20,21;-;58,66;8,5
14367;Minuman, teh, instan, tanpa pemanis, disiapkan dengan air;1;0,06;-;0,17;-
14368;Minuman, teh, instan, lemon, tanpa pemanis;345;7,4;0,18;78,52;5
14370;Minuman, teh, instan, lemon, dimaniskan, bubuk;401;0,12;0,73;98,55;0,7
14371;Minuman, teh, instan, lemon, dimaniskan, disiapkan dengan air;35;0,01;0,06;8,61;0,1
14375;Minuman, teh, instan, dimaniskan dengan natrium sakarin, rasa lemon, bubuk;338;3,3;0,6;85,4;-
14376;Minuman, teh, instan, lemon, diet;2;0,02;-;0,44;-
14381;Chamomile, teh, ramuan, campuran, diseduh;1;-;-;0,2;-
14384;Air, Botol, Perrier;-;-;-;-;-
14385;Air, Botol, Polandia Spring;-;-;-;-;-
14390;Campuran kakao, dengan aspartam, bubuk, disiapkan dengan air;29;1,21;0,23;5,61;0,6
14400;Minuman berkarbonasi, cola, mengandung kafein, cola makanan cepat saji;37;0,07;0,02;9,56;-
14405;Minuman jus buah, konsentrat beku;175;0,3;0,7;43,1;0,2
14406;Minuman jus buah, konsentrat beku, disiapkan dengan air;42;0,07;0,17;11,4;-
14407;Minuman rasa jeruk, tipe sarapan, bubuk;386;-;-;98,94;0,4
14408;Minuman rasa jeruk, tipe sarapan, bubuk, disiapkan dengan air;49;-;-;12,65;0,1
14409;Minuman rasa jeruk, tipe sarapan, rendah kalori, bubuk;217;3,6;-;85,9;3,8
14411;Air, keran, minum;-;-;-;-;-
14412;Air, keran, baik;-;-;-;-;-
14414;Minuman beralkohol, minuman keras, kopi, 53 proof;336;0,1;0,3;46,8;-
14415;Minuman beralkohol, minuman keras, kopi dengan krim, 34 bukti;327;2,8;15,7;20,9;-
14416;Minuman berkarbonasi, rendah kalori, cola atau lada, dengan aspartam, mengandung kafein;2;0,11;0,03;0,29;-
14421;Minuman, pengganti kopi, minuman sereal, bubuk, disiapkan dengan susu murni;65;3,3;3,3;5,6;0,1
14422;Minuman, campuran minuman susu, cokelat, kalori rendah, dengan pemanis rendah kalori, bubuk;329;25;2,6;51,4;9,4
14423;Campuran minuman susu, cokelat, pengurangan kalori, dengan aspartam, bubuk, disiapkan dengan air dan es;29;2,19;0,23;4,51;0,8
14424;Minuman rasa jeruk, tipe sarapan, dengan bubur kertas, konsentrat beku;172;0,1;0,5;42,9;0,2
14425;Minuman rasa jeruk, tipe sarapan, dengan bubur kertas, konsentrat beku, disiapkan dengan air;49;0,03;0,14;12,21;-
14426;Minuman jeruk, tipe sarapan, dengan jus dan pulp, konsentrat beku;153;0,4;-;39;0,1
14427;Minuman jeruk, tipe sarapan, dengan jus dan pulp, konsentrat beku, disiapkan dengan air;45;0,12;-;11,32;-
14428;Kocok, Makanan cepat saji, stroberi;113;3,4;2,8;18,9;0,4
14429;Air, keran, kota;-;-;-;-;-
14430;Koktail jus cranberry, konsentrat beku;201;0,05;-;51,45;0,2
14431;Koktail jus cranberry, konsentrat beku, disiapkan dengan air;47;0,01;-;11,81;-
14432;Air, Botol, Non-Karbonasi, Dannon;-;-;-;-;-
14433;Air, Botol, Non-Karbonasi, Pepsi, Aquafina;-;-;-;-;-
14434;Minuman, Perusahaan Coca-Cola, Dasani, Air, Botolan, Non-Karbonasi;-;-;-;-;-
14436;Minuman sarapan oranye, siap minum, dengan nutrisi tambahan;53;-;-;13,2;0,1
14437;Air, Botol, Non-Karbonasi, Calistoga;-;-;-;-;-
14438;Air, Botol, Tidak Berkarbonasi, Crystal Geyser;-;-;-;-;-
14439;Air, Botol, Non-Karbonasi, Naya;-;-;-;-;-
14440;Air, Botol, Non-Karbonasi, Dannon Fluoride To Go;-;-;-;0,03;-
14450;Campuran Minuman, Oats Quaker, Gatorade, Rasa Jeruk, Bubuk;388;-;1,23;94,11;-
14460;Minuman, Pepsico Quaker, Gatorade, G Performance O2, Siap Minum.;26;-;-;6,43;-
14461;Minuman, Coca-Cola, Powerade, Rasa Jeruk Nipis, Siap Minum;32;-;0,05;7,84;-
14462;Minuman, Propel Zero, rasa buah, tidak berkarbonasi;5;-;-;1,14;-
14475;Minuman, Arizona, Teh, Siap Minum, Lemon;39;-;-;9,77;-
14476;Minuman, Lipton Brisk, Teh, Hitam, Siap Minum, Lemon;35;-;-;8,81;-
14530;Campuran asam wiski, botol, dengan tambahan kalium dan natrium;84;0,1;0,1;21,4;-
14531;Minuman beralkohol, wiski asam;149;-;0,03;13,17;-
14532;Minuman beralkohol, suling, semua (gin, rum, vodka, wiski) 94 bukti;275;-;-;-;-
14533;Minuman beralkohol, suling, semua (gin, rum, vodka, wiski) 100 bukti;295;-;-;-;-
14534;Minuman beralkohol, minuman keras, kopi, 63 bukti;308;0,1;0,3;32,2;-
14536;Minuman beralkohol, anggur, makanan penutup, kering;152;0,2;-;11,67;-
14537;Minuman berkarbonasi, rendah kalori, selain cola atau lada, dengan sodium sakarin, tanpa kafein;-;-;-;0,1;-
14538;Campuran kakao, dengan aspt, rendah kalori, bubuk, dengan menambahkan kalsium fosfor, tanpa menambahkan natrium atau vitamin A;359;25,1;3;58;1,1
14541;Minuman rasa buah, bubuk, tanpa tambahan sodium, disiapkan dengan air;37;-;0,01;9,47;-
14542;Limun, konsentrat beku, merah muda;192;0,22;0,69;48,86;0,3
14543;Minuman, limun, konsentrat beku, merah muda, disiapkan dengan air;43;0,05;0,15;10,81;0,1
14544;Minuman, teh, hitam, diseduh, disiapkan dengan air suling;1;-;-;0,3;-
14545;Chamomile, teh, ramuan, diseduh;1;-;-;0,2;-
14548;Minuman, teh, instan, lemon, dengan tambahan asam askorbat;385;0,6;0,3;97,6;-
14550;Minuman beralkohol, suling, semua (gin, rum, vodka, wiski) 86 bukti;250;-;-;0,1;-
14551;Minuman beralkohol, suling, semua (gin, rum, vodka, wiski) 90 bukti;263;-;-;-;-
14552;Minuman berkarbonasi, soda rasa cokelat;42;-;-;10,7;-
14553;Minuman, Anggur, non-alkohol;6;0,5;-;1,1;-
14555;Air, botolan, generik;-;-;-;-;-
14557;Campuran minuman rasa cokelat untuk susu, bubuk, dengan tambahan nutrisi;400;4,55;2,27;90,28;4,5
14558;Campuran minuman rasa cokelat dengan tambahan nutrisi, disajikan dengan susu murni;89;3,27;3,17;11,87;0,4
14559;Air, Botol, Tidak Berkarbonasi, Evian;-;-;-;-;-
14599;Minuman, Powerade Zero Ion4, bebas kalori, berbagai macam rasa;-;-;-;-;-
14601;Minuman, Wendy's, Teh, Siap Minum, Tanpa Pemanis;1;0,22;-;-;-
14602;Minuman Beralkohol, anggur, meja, merah, Merlot;83;0,07;-;2,51;-
14604;Air, non-karbonasi, botol, rasa buah alami, dipermanis dengan pemanis rendah kalori;1;-;-;0,13;-
14605;Minuman, Air dengan tambahan vitamin dan mineral, botol, rasa buah manis, bermacam-macam;22;-;-;5,49;-
14607;V8 Splash Minuman Jus, Diet Berry Blend;4;-;-;1,23;-
14608;V8 Splash Minuman Jus, Diet Buah Medley;4;-;-;1,26;-
14609;V8 Splash Minuman Jus, Diet Strawberry Kiwi;4;-;-;1,26;-
14610;V8 Splash Minuman Jus, Diet Tropical Blend;4;-;-;1,26;-
14611;V8 Splash Minuman Jus, Berry Blend;29;-;-;7,41;-
14612;V8 Splash Minuman Jus, Buah Medley;33;-;-;7,82;-
14613;V8 Splash Minuman Jus, Buah Gairah Jambu;33;-;-;7,82;-
14614;V8 Splash Minuman Jus, Persik Mangga;33;-;-;8,23;-
14615;V8 Splash Minuman Jus, Jeruk Nanas;29;-;-;7,41;-
14616;V8 Splash Minuman Jus, Campuran Kebun;33;-;-;7,82;-
14617;V8 Splash Minuman Jus, Pisang Stroberi;29;-;-;7,41;-
14618;V8 Splash Minuman Jus, Strawberry Kiwi;29;-;-;7,41;-
14619;V8 Splash Minuman Jus, Blend Tropis;29;-;-;7,41;-
14620;V8 V. Jus Fusion, Peach Mango;49;0,41;-;11,38;-
14621;V8 V. Jus Fusion, Pisang Stroberi;49;0,41;-;11,79;-
14622;V8 V. Jus Fusion, Tropis;49;0,41;-;11,38;-
14623;V8 V. Jus Fusion, Acai Berry;45;-;-;10,98;-
14625;Minuman Berenergi, Amp;46;0,25;0,08;12,08;-
14626;Minuman Berenergi, Throttle Penuh;46;0,25;0,08;12,08;-
14627;Minuman Berenergi, Monster, diperkaya dengan vitamin C, B2, B3, B6, B12;47;0,47;-;11,28;-
14628;Minuman Berenergi, Amp, Bebas Gula;2;-;-;1,03;-
14629;Minuman Berenergi, Rockstar;58;0,34;0,22;12,7;-
14630;Minuman Berenergi, Rockstar, Bebas Gula;4;0,25;0,08;0,7;-
14631;Minuman, Horchata, campuran kering, tidak siap, berbagai merek, semua dengan biji morro;413;7,5;7,46;79,05;4
14632;Minuman Suplemen Makanan, Nestle, Supligen, Kaleng, Rasa Kacang;101;3,5;3,07;14,74;-
14633;Minuman sayur dan jus buah, dikurangi kalori, dengan pemanis rendah kalori, ditambah vitamin C;4;-;-;1,1;-
14634;Minuman susu, mengurangi lemak, beraroma dan dimaniskan, Siap minum, ditambah kalsium, vitamin A dan vitamin D;77;3,05;1,83;12,08;0,4
14635;Minuman, campuran sayuran dan jus buah, jus 100%, dengan tambahan vitamin A, C, E;46;0,3;0,01;11,15;-
14636;Minuman jus buah, gula dikurangi, dengan vitamin E ditambahkan;39;-;0,07;10;-
14637;Air, dengan sirup jagung dan / atau gula dan pemanis rendah kalori, rasa buah;18;-;-;4,5;-
14638;Minuman, Horchata, disajikan di restoran;54;0,48;0,71;11,52;-
14639;Minuman, susu beras, tanpa pemanis;47;0,28;0,97;9,17;0,3
14640;Minuman Berenergi, Vault, Rasa Jeruk;49;-;-;12,99;-
14641;Minuman Berenergi, Vault Nol, Bebas Gula, Rasa Jeruk;1;0,25;0,08;0,7;-
14644;Minuman, Pepsico Quaker, Gatorade G2, Rendah Kalori;8;0,05;0,01;1,94;-
14645;Minuman rasa buah, jus kurang dari 3%, tidak diperkaya dengan vitamin C;64;-;-;16,03;-
14646;Minuman rasa buah yang mengandung jus buah kurang dari 3%, dengan vitamin C tinggi;27;-;-;6,67;-
14647;Minuman rasa buah, gula berkurang, lebih dari 3% jus buah, vitamin C tinggi, ditambah kalsium;29;-;0,37;6,67;-
14648;Minuman jus buah, jus buah lebih dari 3%, vitamin C tinggi dan ditambahkan thiamin;54;0,13;-;13,16;0,1
14649;Minuman, teh, kembang sepatu, diseduh;-;-;-;-;-
14651;Minuman jus buah, lebih dari 3% jus, vitamin C tinggi;46;0,13;0,11;11,35;0,1
14654;Minuman, campuran nutrisi, protein tinggi, bubuk;392;53,57;10,71;20,38;-
15001;Ikan, ikan teri, Eropa, mentah;131;20,35;4,84;-;-
15002;Ikan, ikan teri, Eropa, kalengan dalam minyak, padatan yang dikeringkan;210;28,89;9,71;-;-
15003;Ikan, bass, air tawar, spesies campuran, mentah;114;18,86;3,69;-;-
15004;Ikan, bass, belang, mentah;97;17,73;2,33;-;-
15005;Ikan, bluefish, mentah;124;20,04;4,24;-;-
15006;Ikan, burbot, mentah;90;19,31;0,81;-;-
15007;Ikan, butterfish, mentah;146;17,28;8,02;-;-
15008;Ikan, ikan mas, mentah;127;17,83;5,6;-;-
15009;Ikan, ikan mas, dimasak, panas kering;162;22,86;7,17;-;-
15010;Ikan, lele, saluran, liar, mentah;95;16,38;2,82;-;-
15011;Ikan, lele, saluran, dimasak, dilapisi tepung roti dan digoreng;229;18,09;13,33;8,04;0,7
15012;Ikan, kaviar, hitam dan merah, granular;264;24,6;17,9;4;-
15013;Ikan, cisco, mentah;98;18,99;1,91;-;-
15014;Ikan, cisco, diasap;177;16,36;11,9;-;-
15015;Ikan, ikan cod, Atlantik, mentah;82;17,81;0,67;-;-
15016;Ikan, ikan cod, Atlantik, dimasak, panas kering;105;22,83;0,86;-;-
15017;Ikan, ikan cod, Atlantik, kalengan, padatan dan cairan;105;22,76;0,86;-;-
15018;Ikan, ikan cod, Atlantik, kering dan asin;290;62,82;2,37;-;-
15019;Ikan, cod, Pasifik, mentah (mungkin sebelumnya beku);69;15,27;0,41;-;-
15020;Ikan, tukang roti, Atlantik, mentah;104;17,78;3,17;-;-
15021;Ikan, tukang roti, Atlantik, dimasak, dilapisi tepung roti dan digoreng;221;18,2;12,67;7,54;0,4
15022;Ikan, cusk, mentah;87;18,99;0,69;-;-
15023;Ikan, mahimahi, mentah;85;18,5;0,7;-;-
15024;Ikan, gendang, air tawar, mentah;119;17,54;4,93;-;-
15025;Ikan, belut, spesies campuran, mentah;184;18,44;11,66;-;-
15026;Ikan, belut, spesies campuran, dimasak, panas kering;236;23,65;14,95;-;-
15027;Ikan, sticks ikan, beku, disiapkan;277;11,01;16,23;21,66;1,5
15028;Ikan, pipih (spesies flounder dan sole), mentah;70;12,41;1,93;-;-
15029;Ikan, pipih (spesies flounder dan sole), dimasak, panas kering;86;15,24;2,37;-;-
15030;Ikan, gefiltefish, komersial, resep manis;84;9,07;1,73;7,41;-
15031;Ikan, kerapu, spesies campuran, mentah;92;19,38;1,02;-;-
15032;Ikan, kerapu, spesies campuran, dimasak, panas kering;118;24,84;1,3;-;-
15033;Ikan, haddock, mentah;74;16,32;0,45;-;-
15034;Ikan, haddock, dimasak, panas kering;90;19,99;0,55;-;-
15035;Fish, haddock, diasap;116;25,23;0,96;-;-
15036;Ikan, halibut, Atlantik dan Pasifik, mentah;91;18,56;1,33;-;-
15037;Ikan, halibut, Atlantik dan Pasifik, dimasak, panas kering;111;22,54;1,61;-;-
15038;Ikan, halibut, Greenland, mentah;186;14,37;13,84;-;-
15039;Ikan, herring, Atlantik, mentah;158;17,96;9,04;-;-
15040;Ikan, herring, Atlantik, dimasak, panas kering;203;23,03;11,59;-;-
15041;Ikan, herring, Atlantik, acar;262;14,19;18;9,64;-
15042;Ikan, ikan haring, Atlantik, kipper;217;24,58;12,37;-;-
15043;Ikan, herring, Pasifik, mentah;195;16,39;13,88;-;-
15044;Ikan, ling, mentah;87;18,99;0,64;-;-
15045;Ikan, lingcod, mentah;85;17,66;1,06;-;-
15046;Ikan, makarel, Atlantik, mentah;205;18,6;13,89;-;-
15047;Ikan, makarel, Atlantik, dimasak, panas kering;262;23,85;17,81;-;-
15048;Ikan, makarel, jack, kaleng, padatan yang dikeringkan;156;23,19;6,3;-;-
15049;Ikan, makarel, raja, mentah;105;20,28;2;-;-
15050;Ikan, makarel, Pasifik dan jack, spesies campuran, mentah;158;20,07;7,89;-;-
15051;Ikan, makarel, Spanyol, mentah;139;19,29;6,3;-;-
15052;Ikan, makarel, Spanyol, dimasak, panas kering;158;23,59;6,32;-;-
15053;Ikan, bandeng, mentah;148;20,53;6,73;-;-
15054;Ikan, monkfish, mentah;76;14,48;1,52;-;-
15055;Ikan, belanak, belang, mentah;117;19,35;3,79;-;-
15056;Ikan, belanak, belang, dimasak, panas kering;150;24,81;4,86;-;-
15057;Ikan, laut bertengger, Atlantik, mentah;79;15,31;1,54;-;-
15058;Ikan, laut bertengger, Atlantik, dimasak, panas kering;96;18,51;1,87;-;-
15059;Ikan, cemberut, lautan, mentah;79;16,64;0,91;-;-
15060;Ikan, hinggap, spesies campuran, mentah;91;19,39;0,92;-;-
15061;Ikan, hinggap, spesies campuran, dimasak, panas kering;117;24,86;1,18;-;-
15062;Ikan, tombak, utara, mentah;88;19,26;0,69;-;-
15063;Ikan, tombak, utara, dimasak, panas kering;113;24,69;0,88;-;-
15064;Ikan, tombak, walleye, mentah;93;19,14;1,22;-;-
15065;Ikan, pollock, Atlantik, mentah;92;19,44;0,98;-;-
15066;Ikan, pollock, Alaska, mentah (mungkin sebelumnya beku);56;12,19;0,41;-;-
15067;Ikan, pollock, Alaska, dimasak, panas kering (mungkin sebelumnya beku);111;23,48;1,18;-;-
15068;Ikan, pompano, florida, mentah;164;18,48;9,47;-;-
15069;Ikan, pompano, florida, dimasak, panas kering;211;23,69;12,14;-;-
15070;Ikan, rockfish, Pasifik, spesies campuran, mentah;90;18,36;1,34;-;-
15071;Ikan, rockfish, Pasifik, spesies campuran, dimasak, panas kering;109;22,23;1,62;-;-
15072;Ikan, telur, spesies campuran, mentah;143;22,32;6,42;1,5;-
15073;Ikan, kasar, oranye, mentah;76;16,41;0,7;-;-
15074;Ikan, sablefish, mentah;195;13,41;15,3;-;-
15075;Ikan, sablefish, diasap;257;17,65;20,14;-;-
15076;Ikan, salmon, Atlantik, liar, mentah;142;19,84;6,34;-;-
15077;Ikan, salmon, chinook, diasap;117;18,28;4,32;-;-
15078;Ikan, salmon, chinook, mentah;179;19,93;10,43;-;-
15079;Ikan, salmon, sohib, mentah;120;20,14;3,77;-;-
15080;Ikan, salmon, sohib, kaleng, padatan yang dikeringkan dengan tulang;141;21,43;5,5;-;-
15081;Ikan, salmon, coho, liar, mentah;146;21,62;5,93;-;-
15082;Ikan, salmon, coho, liar, dimasak, panas lembab;184;27,36;7,5;-;-
15083;Ikan, salmon, merah muda, mentah;127;20,5;4,4;-;-
15084;Ikan, salmon, pink, kaleng, isinya kaleng total;129;19,68;4,97;-;-
15085;Ikan, salmon, sockeye, mentah;131;22,25;4,69;-;-
15086;Ikan, salmon, sockeye, dimasak, panas kering;156;26,48;5,57;-;-
15087;Ikan, salmon, sockeye, kaleng, padatan yang dikeringkan;167;23,59;7,39;-;-
15088;Ikan, sarden, Atlantik, kalengan dalam minyak, padatan terkuras dengan tulang;208;24,62;11,45;-;-
15089;Ikan, ikan sarden, Pasifik, kalengan dalam saus tomat, padatan yang dikeringkan dengan tulang;185;20,86;10,45;0,54;0,1
15090;Ikan, scup, mentah;105;18,88;2,73;-;-
15091;Ikan, ikan bass, spesies campuran, mentah;97;18,43;2;-;-
15092;Ikan, ikan bass, spesies campuran, dimasak, panas kering;124;23,63;2,56;-;-
15093;Ikan, seatrout, spesies campuran, mentah;104;16,74;3,61;-;-
15094;Ikan, shad, amerika, mentah;197;16,93;13,77;-;-
15095;Ikan, hiu, spesies campuran, mentah;130;20,98;4,51;-;-
15096;Ikan, hiu, spesies campuran, dimasak, dicelupkan ke adonan, dan digoreng;228;18,62;13,82;6,39;-
15097;Ikan, kepala biri-biri, mentah;108;20,21;2,41;-;-
15098;Ikan, kepala biri-biri, dimasak, panas kering;126;26,02;1,63;-;-
15099;Ikan, mencium, pelangi, mentah;97;17,63;2,42;-;-
15100;Ikan, mencium, pelangi, dimasak, panas kering;124;22,6;3,1;-;-
15101;Ikan, kakap, spesies campuran, mentah;100;20,51;1,34;-;-
15102;Ikan, kakap, spesies campuran, dimasak, panas kering;128;26,3;1,72;-;-
15103;Ikan, spot, mentah;123;18,51;4,9;-;-
15104;Ikan, sturgeon, spesies campuran, mentah;105;16,14;4,04;-;-
15105;Ikan, sturgeon, spesies campuran, dimasak, panas kering;135;20,7;5,18;-;-
15106;Ikan, sturgeon, spesies campuran, diasap;173;31,2;4,4;-;-
15107;Ikan, pengisap, putih, mentah;92;16,76;2,32;-;-
15108;Ikan, mola-mola, biji labu, mentah;89;19,4;0,7;-;-
15109;Ikan, surimi;99;15,18;0,9;6,85;-
15110;Ikan, ikan todak, mentah;144;19,66;6,65;-;-
15111;Ikan, ikan pedang, dimasak, panas kering;172;23,45;7,93;-;-
15112;Ikan, genteng, mentah;96;17,5;2,31;-;-
15113;Ikan, tilefish, dimasak, panas kering;147;24,49;4,69;-;-
15114;Ikan, trout, spesies campuran, mentah;148;20,77;6,61;-;-
15115;Ikan, trout, pelangi, liar, mentah;119;20,48;3,46;-;-
15116;Ikan, trout, pelangi, liar, dimasak, panas kering;150;22,92;5,82;-;-
15117;Ikan, tuna, segar, sirip biru, mentah;144;23,33;4,9;-;-
15118;Ikan, tuna, segar, sirip biru, dimasak, panas kering;184;29,91;6,28;-;-
15119;Ikan, tuna, cahaya, kalengan dalam minyak, padatan yang dikeringkan;198;29,13;8,21;-;-
15121;Ikan, tuna, cahaya, kaleng dalam air, padatan yang dikeringkan;86;19,44;0,96;-;-
15123;Ikan, tuna, segar, cakalang, mentah;103;22;1,01;-;-
15124;Ikan, tuna, putih, kalengan dalam minyak, padatan yang dikeringkan;186;26,53;8,08;-;-
15126;Ikan, tuna, putih, kaleng dalam air, padatan yang dikeringkan;128;23,62;2,97;-;-
15127;Ikan, tuna, segar, sirip kuning, mentah;109;24,4;0,49;-;-
15128;Ikan, salad tuna;187;16,04;9,26;9,41;-
15129;Ikan, turbot, eropa, mentah;95;16,05;2,95;-;-
15130;Ikan, bandeng, Hering, spesies campuran, mentah;134;19,09;5,86;-;-
15131;Ikan, ikan putih, spesies campuran, diasapi;108;23,4;0,93;-;-
15132;Ikan, kapur sirih, spesies campuran, mentah;90;18,31;1,31;-;-
15133;Ikan, kapur sirih, spesies campuran, dimasak, panas kering;116;23,48;1,69;-;-
15134;Ikan, wol, Atlantik, mentah;96;17,5;2,39;-;-
15135;Ikan, ekor kuning, spesies campuran, mentah;146;23,14;5,24;-;-
15136;Crustaceans, kepiting, raja alaska, mentah;84;18,29;0,6;-;-
15137;Crustaceans, kepiting, raja alaska, dimasak, panas lembab;97;19,35;1,54;-;-
15138;Crustaceans, kepiting, raja alaska, imitasi, terbuat dari surimi;95;7,62;0,46;15;0,5
15139;Crustaceans, kepiting, biru, mentah;87;18,06;1,08;0,04;-
15140;Crustaceans, kepiting, biru, dimasak, panas lembab;83;17,88;0,74;-;-
15141;Crustaceans, kepiting, biru, kalengan;83;17,88;0,74;-;-
15142;Crustaceans, kepiting, biru, kue kepiting, resep rumah;155;20,21;7,52;0,48;-
15143;Crustaceans, kepiting, dungeness, mentah;86;17,41;0,97;0,74;-
15144;Crustaceans, kepiting, ratu, mentah;90;18,5;1,18;-;-
15145;Crustaceans, udang karang, spesies campuran, liar, mentah;77;15,97;0,95;-;-
15146;Crustaceans, udang karang, spesies campuran, liar, dimasak, panas lembab;82;16,77;1,2;-;-
15147;Crustaceans, lobster, utara, mentah;77;16,52;0,75;-;-
15148;Crustaceans, lobster, utara, dimasak, panas lembab;89;19;0,86;-;-
15149;Crustaceans, udang, spesies campuran, mentah (mungkin sebelumnya beku);71;13,61;1,01;0,91;-
15150;Crustaceans, udang, spesies campuran, dimasak, dilapisi tepung roti dan digoreng;242;21,39;12,28;11,47;0,4
15151;Crustaceans, udang, spesies campuran, dimasak, panas lembab (mungkin sebelumnya beku);119;22,78;1,7;1,52;-
15152;Crustaceans, udang, spesies campuran, kalengan;100;20,42;1,36;-;-
15153;Crustaceans, udang, spesies campuran, imitasi, terbuat dari surimi;101;12,39;1,47;9,13;-
15154;Crustaceans, lobster berduri, spesies campuran, mentah;112;20,6;1,51;2,43;-
15155;Moluska, abalon, spesies campuran, mentah;105;17,1;0,76;6,01;-
15156;Moluska, abalon, spesies campuran, dimasak, digoreng;189;19,63;6,78;11,05;-
15157;Moluska, kerang, spesies campuran, mentah;86;14,67;0,96;3,57;-
15158;Moluska, kerang, spesies campuran, dimasak, dilapisi tepung roti dan digoreng;202;14,24;11,15;10,33;-
15159;Moluska, kerang, spesies campuran, dimasak, panas lembab;148;25,55;1,95;5,13;-
15160;Moluska, kerang, spesies campuran, kaleng, padatan yang dikeringkan;142;24,25;1,59;5,9;-
15162;Moluska, kerang, spesies campuran, kalengan, cair;2;0,4;0,02;0,1;-
15163;Moluska, cumi-cumi, spesies campuran, mentah;79;16,24;0,7;0,82;-
15164;Moluska, kerang, biru, mentah;86;11,9;2,24;3,69;-
15165;Moluska, kerang, biru, dimasak, panas lembab;172;23,8;4,48;7,39;-
15166;Moluska, gurita, biasa, mentah;82;14,91;1,04;2,2;-
15167;Moluska, tiram, timur, liar, mentah;51;5,71;1,71;2,72;-
15168;Moluska, tiram, timur, dimasak, dilapisi tepung roti dan digoreng;199;8,77;12,58;11,62;-
15169;Moluska, tiram, timur, liar, matang, panas lembab;102;11,42;3,42;5,45;-
15170;Moluska, tiram, timur, kalengan;68;7,06;2,47;3,91;-
15171;Moluska, tiram, Pasifik, mentah;81;9,45;2,3;4,95;-
15172;Moluska, kerang, spesies campuran, mentah;69;12,06;0,49;3,18;-
15173;Moluska, kerang, spesies campuran, dimasak, dilapisi tepung roti dan digoreng;216;18,07;10,94;10,13;-
15174;Moluska, kerang, spesies campuran, imitasi, terbuat dari surimi;99;12,77;0,41;10,62;-
15175;Moluska, cumi-cumi, spesies campuran, mentah;92;15,58;1,38;3,08;-
15176;Moluska, cumi-cumi, spesies campuran, dimasak, digoreng;175;17,94;7,48;7,79;-
15177;Moluska, kumis, tidak spesifik, mentah;137;23,84;0,4;7,76;-
15178;Moluska, whelk, tidak ditentukan, dimasak, panas lembab;275;47,68;0,8;15,52;-
15179;Ikan, salmon, chinook, diasap, (lox), teratur;117;18,28;4,32;-;-
15180;Ikan, salmon, sohib, kaleng, tanpa garam, padatan yang dikeringkan dengan tulang;141;21,43;5,5;-;-
15181;Ikan, salmon, pink, kalengan, tanpa garam, makanan padat dengan tulang dan cairan;139;19,78;6,05;-;-
15182;Ikan, salmon, sockeye, kalengan, tanpa garam, padatan yang dikeringkan dengan tulang;153;20,47;7,31;-;-
15183;Ikan, tuna, cahaya, kaleng dalam minyak, tanpa garam, padatan yang dikeringkan;198;29,13;8,21;-;-
15184;Ikan, tuna, cahaya, kaleng dalam air, tanpa garam, padatan yang dikeringkan;116;25,51;0,82;-;-
15185;Ikan, tuna, putih, kalengan dalam minyak, tanpa garam, padatan yang dikeringkan;186;26,53;8,08;-;-
15186;Ikan, tuna, putih, kaleng dalam air, tanpa garam, padatan yang dikeringkan;128;23,62;2,97;-;-
15187;Ikan, bass, air tawar, spesies campuran, dimasak, panas kering;146;24,18;4,73;-;-
15188;Ikan, bass, belang, dimasak, panas kering;124;22,73;2,99;-;-
15189;Ikan, bluefish, dimasak, panas kering;159;25,69;5,44;-;-
15190;Ikan, burbot, dimasak, panas kering;115;24,76;1,04;-;-
15191;Ikan, ikan mentega, dimasak, panas kering;187;22,15;10,28;-;-
15192;Ikan, cod, Pasifik, dimasak, panas kering (mungkin sebelumnya beku);85;18,73;0,5;-;-
15193;Ikan, cusk, dimasak, panas kering;112;24,35;0,88;-;-
15194;Ikan, mahimahi, dimasak, panas kering;109;23,72;0,9;-;-
15195;Ikan, drum, air tawar, dimasak, panas kering;153;22,49;6,32;-;-
15196;Ikan, halibut, greenland, dimasak, panas kering;239;18,42;17,74;-;-
15197;Ikan, herring, Pasifik, dimasak, panas kering;250;21,01;17,79;-;-
15198;Ikan, ling, dimasak, panas kering;111;24,35;0,82;-;-
15199;Ikan, lingcod, dimasak, panas kering;109;22,64;1,36;-;-
15200;Ikan, makarel, raja, dimasak, panas kering;134;26;2,56;-;-
15201;Ikan, makarel, Pasifik dan jack, spesies campuran, dimasak, panas kering;201;25,73;10,12;-;-
15202;Ikan, bandeng, dimasak, panas kering;190;26,32;8,63;-;-
15203;Ikan, monkfish, dimasak, panas kering;97;18,56;1,95;-;-
15204;Ikan, tombak, walleye, dimasak, panas kering;119;24,54;1,56;-;-
15205;Ikan, pollock, Atlantik, dimasak, panas kering;118;24,92;1,26;-;-
15206;Ikan, cemberut, lautan, dimasak, panas kering;102;21,33;1,17;-;-
15207;Ikan, telur, spesies campuran, dimasak, panas kering;204;28,62;8,23;1,92;-
15208;Ikan, sablefish, dimasak, panas kering;250;17,19;19,62;-;-
15209;Ikan, salmon, Atlantik, liar, dimasak, panas kering;182;25,44;8,13;-;-
15210;Ikan, salmon, chinook, dimasak, panas kering;231;25,72;13,38;-;-
15211;Ikan, salmon, sohib, dimasak, panas kering;154;25,82;4,83;-;-
15212;Ikan, salmon, merah muda, matang, panas kering;153;24,58;5,28;-;-
15213;Ikan, scup, dimasak, panas kering;135;24,21;3,5;-;-
15214;Ikan, seatrout, spesies campuran, dimasak, panas kering;133;21,46;4,63;-;-
15215;Ikan, shad, amerika, dimasak, panas kering;252;21,71;17,65;-;-
15216;Ikan, spot, matang, panas kering;158;23,73;6,28;-;-
15217;Ikan, pengisap, putih, dimasak, panas kering;119;21,49;2,97;-;-
15218;Ikan, mola-mola, biji labu kuning, dimasak, panas kering;114;24,87;0,9;-;-
15219;Ikan, trout, spesies campuran, dimasak, panas kering;190;26,63;8,47;-;-
15220;Ikan, tuna, cakalang, segar, matang, panas kering;132;28,21;1,29;-;-
15221;Ikan, tuna, yellowfin, segar, dimasak, panas kering;130;29,15;0,59;-;-
15222;Ikan, turbot, eropa, dimasak, panas kering;122;20,58;3,78;-;-
15223;Ikan, ikan putih, spesies campuran, dimasak, panas kering;172;24,47;7,51;-;-
15224;Ikan, wol, Atlantik, dimasak, panas kering;123;22,44;3,06;-;-
15225;Ikan, ekor kuning, spesies campuran, dimasak, panas kering;187;29,67;6,72;-;-
15226;Crustaceans, kepiting, kepunahan, dimasak, panas lembab;110;22,32;1,24;0,95;-
15227;Crustaceans, kepiting, ratu, dimasak, panas lembab;115;23,72;1,51;-;-
15228;Crustaceans, lobster berduri, spesies campuran, dimasak, panas lembab;143;26,41;1,94;3,12;-
15229;Moluska, cumi-cumi, spesies campuran, dimasak, panas lembab;158;32,48;1,4;1,64;-
15230;Moluska, gurita, umum, dimasak, panas lembab;164;29,82;2,08;4,4;-
15231;Moluska, tiram, Pasifik, dimasak, panas lembab;163;18,9;4,6;9,9;-
15232;Ikan, kasar, oranye, dimasak, panas kering;105;22,64;0,9;-;-
15233;Ikan, lele, saluran, liar, dimasak, panas kering;105;18,47;2,85;-;-
15234;Ikan, ikan lele, saluran, bertani, mentah;119;15,23;5,94;-;-
15235;Ikan, ikan lele, saluran, tambak, dimasak, panas kering;144;18,44;7,19;-;-
15236;Ikan, salmon, Atlantik, bertani, mentah;208;20,42;13,42;-;-
15237;Ikan, salmon, Atlantik, bertani, dimasak, panas kering;206;22,1;12,35;-;-
15238;Ikan, salmon, coho, bertani, mentah;160;21,27;7,67;-;-
15239;Ikan, salmon, coho, bertani, dimasak, panas kering;178;24,3;8,23;-;-
15240;Ikan, trout, pelangi, bertani, mentah;141;19,94;6,18;-;-
15241;Ikan, trout, pelangi, bertani, dimasak, panas kering;168;23,8;7,38;-;-
15242;Crustaceans, udang karang, spesies campuran, dipelihara, mentah;72;14,85;0,97;-;-
15243;Crustaceans, udang karang, spesies campuran, bertani, dimasak, panas lembab;87;17,52;1,3;-;-
15244;Moluska, tiram, timur, liar, matang, panas kering;79;8,87;2,65;4,23;-
15245;Moluska, tiram, timur, bertani, mentah;59;5,22;1,55;5,53;-
15246;Moluska, tiram, timur, bertani, dimasak, panas kering;79;7;2,12;7,28;-
15247;Ikan, salmon, coho, liar, dimasak, panas kering;139;23,45;4,3;-;-
15250;Moluska, keong, dipanggang atau dipanggang;130;26,3;1,2;1,7;-
15251;Komoditas USDA, nugget salmon, dilapisi tepung roti, beku, dipanaskan;212;12,69;11,72;13,96;-
15252;Komoditas USDA, nugget salmon, dimasak sesuai pesanan, tidak dipanaskan;189;11,97;10,43;11,85;-
15253;Salmon, sockeye, kalengan, total isi kaleng;153;20,63;7,17;-;-
15260;Ikan, salmon, merah muda, kaleng, padatan yang dikeringkan;138;23,1;5,02;-;-
15261;Ikan, nila, mentah;96;20,08;1,7;-;-
15262;Ikan, nila, dimasak, panas kering;128;26,15;2,65;-;-
15264;Salmon, sockeye, kaleng, padatan yang dikeringkan, tanpa kulit dan tulang;158;26,33;5,87;-;-
15265;Ikan, Salmon, merah muda, kaleng, padatan yang dikeringkan, tanpa kulit dan tulang;136;24,62;4,21;-;-
15266;Ikan, pollock, Alaska, mentah (sebelumnya tidak beku);70;17,17;0,19;-;-
15267;Ikan, pollock, Alaska, dimasak (sebelumnya tidak beku);80;19,42;0,26;-;-
15268;Ikan, cod, Pasifik, mentah (sebelumnya tidak beku);72;17,54;0,2;-;-
15269;Ikan, cod, Pasifik, dimasak (sebelumnya tidak beku);84;20,42;0,25;-;-
15270;Crustaceans, udang, mentah (sebelumnya tidak beku);85;20,1;0,51;-;-
15271;Crustaceans, udang, dimasak (sebelumnya tidak beku);99;23,98;0,28;0,2;-
15274;Ikan, ikan trout, sungai kecil, mentah, Negara Bagian New York;110;21,23;2,73;-;-
16001;Kacang, adzuki, biji matang, mentah;329;19,87;0,53;62,9;12,7
16002;Kacang, adzuki, biji matang, dimasak, direbus, tanpa garam;128;7,52;0,1;24,77;7,3
16003;Kacang, adzuki, biji matang, kaleng, dimaniskan;237;3,8;0,03;55,01;-
16004;Yokan, dibuat dari kacang azuki;260;3,29;0,12;60,72;-
16005;Kacang, dipanggang, disiapkan di rumah;155;5,54;5,15;21,63;5,5
16006;Kacang, dipanggang, kalengan, polos atau vegetarian;94;4,75;0,37;21,14;4,1
16007;Kacang, dipanggang, kalengan, dengan daging sapi;121;6,38;3,45;16,91;-
16008;Kacang, dipanggang, kalengan, dengan buah franks;142;6,75;6,57;15,39;6,9
16009;Kacang, dipanggang, kalengan, dengan daging babi;106;5,19;1,55;19,99;5,5
16010;Kacang, dipanggang, kalengan, dengan babi dan saus manis;105;4,52;0,89;21,57;4,4
16011;Kacang, dipanggang, kalengan, dengan saus babi dan tomat;94;5,15;0,93;18,69;4
16014;Kacang, hitam, biji matang, mentah;341;21,6;1,42;62,36;15,5
16015;Kacang, hitam, biji matang, dimasak, direbus, tanpa garam;132;8,86;0,54;23,71;8,7
16016;Kacang, penyu hitam, biji matang, mentah;339;21,25;0,9;63,25;15,5
16017;Kacang, penyu hitam, biji matang, dimasak, direbus, tanpa garam;130;8,18;0,35;24,35;8,3
16018;Kacang, penyu hitam, biji matang, kalengan;91;6,03;0,29;16,55;6,9
16019;Kacang, cranberry (roman), biji matang, mentah;335;23,03;1,23;60,05;24,7
16020;Kacang, cranberry (roman), biji matang, dimasak, direbus, tanpa garam;136;9,34;0,46;24,46;8,6
16021;Kacang, cranberry (roman), biji matang, kalengan;83;5,54;0,28;15,12;6,3
16022;Kacang, perancis, biji matang, mentah;343;18,81;2,02;64,11;25,2
16023;Kacang, Perancis, biji matang, direbus, tanpa garam;129;7,05;0,76;24,02;9,4
16024;Kacang, biji utara, benih dewasa, mentah;339;21,86;1,14;62,37;20,2
16025;Kacang, biji utara, biji matang, dimasak, direbus, tanpa garam;118;8,33;0,45;21,09;7
16026;Kacang, biji utara, benih dewasa, kalengan;114;7,37;0,39;21,02;4,9
16027;Kacang merah, semua jenis, biji matang, mentah;333;23,58;0,83;60,01;24,9
16028;Kacang merah, semua jenis, biji matang, dimasak, direbus, tanpa garam;127;8,67;0,5;22,8;6,4
16029;Kacang merah, semua jenis, biji matang, kalengan;84;5,22;0,6;14,5;4,3
16030;Kacang merah, california dikurangi, biji matang, mentah;330;24,37;0,25;59,8;24,9
16031;Kacang merah, california dikurangi, biji matang, dimasak, direbus, tanpa garam;124;9,13;0,09;22,41;9,3
16032;Kacang merah, berkurang, biji matang, mentah;337;22,53;1,06;61,29;15,2
16033;Kacang merah, berkurang, biji matang, dimasak, direbus, tanpa garam;127;8,67;0,5;22,8;7,4
16034;Kacang merah, berkurang, biji matang, kalengan;81;5,22;0,36;14,83;4,3
16035;Kacang merah, royal berkurang, biji matang, mentah;329;25,33;0,45;58,33;24,9
16036;Kacang merah, royal berkurang, biji matang, dimasak, direbus, tanpa garam;123;9,49;0,17;21,85;9,3
16037;Kacang, navy, biji matang, mentah;337;22,33;1,5;60,75;15,3
16038;Kacang, navy, biji matang, dimasak, direbus, tanpa garam;140;8,23;0,62;26,05;10,5
16039;Kacang, navy, biji matang, kaleng;113;7,53;0,43;20,45;5,1
16040;Kacang, merah muda, biji matang, mentah;343;20,96;1,13;64,19;12,7
16041;Kacang, merah muda, biji matang, dimasak, direbus, tanpa garam;149;9,06;0,49;27,91;5,3
16042;Kacang, pinto, biji matang, mentah;347;21,42;1,23;62,55;15,5
16043;Kacang, pinto, biji matang, dimasak, direbus, tanpa garam;143;9,01;0,65;26,22;9
16044;Kacang, pinto, biji matang, kaleng, padatan dan cairan;82;4,6;0,56;15,18;4,6
16045;Kacang, putih kecil, biji matang, mentah;336;21,11;1,18;62,25;24,9
16046;Kacang, putih kecil, biji matang, dimasak, direbus, tanpa garam;142;8,97;0,64;25,81;10,4
16047;Kacang, kuning, biji matang, mentah;345;22;2,6;60,7;25,1
16048;Kacang, kuning, biji matang, dimasak, direbus, tanpa garam;144;9,16;1,08;25,28;10,4
16049;Kacang, putih, biji matang, mentah;333;23,36;0,85;60,27;15,2
16050;Kacang, putih, biji matang, dimasak, direbus, tanpa garam;139;9,73;0,35;25,09;6,3
16051;Kacang, putih, biji matang, kaleng;114;7,26;0,29;21,2;4,8
16052;Broadbeans (kacang fava), biji matang, mentah;341;26,12;1,53;58,29;25
16053;Broadbeans (kacang fava), biji matang, dimasak, direbus, tanpa garam;110;7,6;0,4;19,65;5,4
16054;Broadbeans (kacang fava), biji matang, kalengan;71;5,47;0,22;12,41;3,7
16055;Tepung carob;222;4,62;0,65;88,88;39,8
16056;Buncis (kacang garbanzo, bengal gram), biji matang, mentah;378;20,47;6,04;62,95;12,2
16057;Buncis, biji matang, dimasak, direbus, tanpa garam;164;8,86;2,59;27,42;7,6
16058;Buncis (kacang garbanzo, gram bengal), biji matang, kalengan;88;4,92;1,95;13,49;4,4
16059;Cabai dengan kacang, kalengan;103;6,12;3,76;13,24;3,3
16060;Kacang tunggak, catjang, biji matang, mentah;343;23,85;2,07;59,64;10,7
16061;Kacang tunggak, catjang, biji matang, dimasak, direbus, tanpa garam;117;8,13;0,71;20,32;3,6
16062;Kacang tunggak, umum, biji matang, mentah;336;23,52;1,26;60,03;10,6
16063;Kacang tunggak, biasa, biji matang, dimasak, direbus, tanpa garam;116;7,73;0,53;20,76;6,5
16064;Kacang tunggak, umum, biji matang, kaleng, polos;77;4,74;0,55;13,63;3,3
16065;Kacang tunggak, biasa, biji matang, kalengan dengan daging babi;83;2,74;1,6;16,53;3,3
16067;Kacang Hyacinth, biji matang, mentah;344;23,9;1,69;60,74;25,6
16068;Kacang Hyacinth, biji matang, direbus, tanpa garam;117;8,14;0,58;20,69;-
16069;Lentil, mentah;352;24,63;1,06;63,35;10,7
16070;Lentil, biji matang, dimasak, direbus, tanpa garam;116;9,02;0,38;20,13;7,9
16071;Lima biji, besar, biji matang, mentah;338;21,46;0,69;63,38;19
16072;Lima kacang, besar, biji matang, dimasak, direbus, tanpa garam;115;7,8;0,38;20,88;7
16073;Lima kacang, besar, biji matang, kalengan;79;4,93;0,17;14,91;4,8
16074;Kacang lima, berbiji tipis (bayi), biji matang, mentah;335;20,62;0,93;62,83;20,6
16075;Kacang lima, berbiji tipis (bayi), biji matang, dimasak, direbus, tanpa garam;126;8,04;0,38;23,31;7,7
16076;Lupin, biji matang, mentah;371;36,17;9,74;40,37;18,9
16077;Lupin, biji matang, dimasak, direbus, tanpa garam;119;15,57;2,92;9,88;2,8
16078;Mothbeans, biji matang, mentah;343;22,94;1,61;61,52;-
16079;Mothbeans, biji matang, dimasak, direbus, tanpa garam;117;7,81;0,55;20,96;-
16080;Kacang hijau, biji matang, mentah;347;23,86;1,15;62,62;16,3
16081;Kacang hijau, biji matang, dimasak, direbus, tanpa garam;105;7,02;0,38;19,15;7,6
16082;Mie, Cina, selofan atau nasi panjang (kacang hijau), mengalami dehidrasi;351;0,16;0,06;86,09;0,5
16083;Kacang hijau Mungo, biji matang, mentah;341;25,21;1,64;58,99;18,3
16084;Kacang hijau Mungo, biji matang, dimasak, direbus, tanpa garam;105;7,54;0,55;18,34;6,4
16085;Kacang polong, hijau, belah, biji matang, mentah;352;23,82;1,16;63,74;25,5
16086;Kacang polong, belah, biji matang, dimasak, direbus, tanpa garam;118;8,34;0,39;21,1;8,3
16087;Kacang tanah, semua jenis, mentah;567;25,8;49,24;16,13;8,5
16088;Kacang tanah, semua jenis, dimasak, direbus, dengan garam;318;13,5;22,01;21,26;8,8
16089;Kacang tanah, semua jenis, dipanggang dengan minyak, dengan garam;599;28,03;52,5;15,26;9,4
16090;Kacang tanah, semua jenis, dipanggang kering, dengan garam;587;24,35;49,66;21,26;8,4
16091;Kacang tanah, Spanyol, mentah;570;26,15;49,6;15,83;9,5
16092;Kacang tanah, Spanyol, dipanggang dengan minyak, dengan garam;579;28,01;49,04;17,45;8,9
16093;Kacang tanah, valencia, mentah;570;25,09;47,58;20,91;8,7
16094;Kacang tanah, valencia, dipanggang dengan minyak, dengan garam;589;27,04;51,24;16,3;8,9
16095;Kacang tanah, virginia, mentah;563;25,19;48,75;16,54;8,5
16096;Kacang tanah, virginia, dipanggang dengan minyak, dengan garam;578;25,87;48,62;19,86;8,9
16097;Selai kacang, potongan chunk, dengan garam;589;24,06;49,94;21,57;8
16098;Selai kacang, gaya halus, dengan garam;598;22,21;51,36;22,31;5
16099;Tepung kacang, dihilangkan lemaknya;327;52,2;0,55;34,7;15,8
16100;Tepung kacang, rendah lemak;428;33,8;21,9;31,27;15,8
16101;Kacang gude, biji matang, mentah;343;21,7;1,49;62,78;15
16102;Kacang gude, biji matang, dimasak, direbus, tanpa garam;121;6,76;0,38;23,25;6,7
16103;Kacang refried, kalengan, gaya tradisional (termasuk komoditas USDA);90;4,98;2,01;13,55;3,7
16104;Daging asap, tanpa daging;309;11,69;29,52;5,31;2,6
16106;Extender daging;311;41,71;2,97;34,71;17,5
16107;Sosis, tanpa daging;255;20,28;18,16;8,09;2,8
16108;Kedelai, biji matang, mentah;446;36,49;19,94;30,16;9,3
16109;Kedelai, matang, direbus, tanpa garam;172;18,21;8,97;8,36;6
16110;Kedelai, biji matang, dipanggang, asin;469;38,55;25,4;30,22;17,7
16111;Kedelai, biji matang, dipanggang kering;449;43,32;21,62;28,98;8,1
16112;Miso, Sup Kedelai Jepang;198;12,79;6,01;25,37;5,4
16113;Natto;211;19,4;11;12,68;5,4
16114;Tempe;192;20,29;10,8;7,64;-
16115;Tepung kedelai, penuh lemak, mentah;434;37,81;20,65;31,92;9,6
16116;Tepung kedelai, penuh lemak, dipanggang;439;38,09;21,86;30,38;9,7
16117;Tepung kedelai, dihilangkan lemaknya;327;51,46;1,22;33,92;17,5
16118;Tepung kedelai, rendah lemak;372;49,81;8,9;30,63;16
16119;Bungkil kedelai, dihilangkan lemaknya, mentah;337;49,2;2,39;35,89;-
16120;Susu kedelai, asli dan vanila, tidak difortifikasi;54;3,27;1,75;6,28;0,6
16121;Konsentrat protein kedelai, diproduksi oleh ekstraksi alkohol;328;63,63;0,46;25,41;5,5
16122;Isolat protein kedelai;335;88,32;3,39;-;-
16123;Kecap yang terbuat dari kedelai dan gandum (shoyu);53;8,14;0,57;4,93;0,8
16124;Kecap yang terbuat dari kedelai (tamari);60;10,51;0,1;5,57;0,8
16125;Saus kedelai terbuat dari protein nabati terhidrolisis;60;7;0,51;7,84;0,5
16126;Tahu, tegas, disiapkan dengan kalsium sulfat dan magnesium klorida (nigari);78;9,04;4,17;2,85;0,9
16127;Tahu, lunak, disiapkan dengan kalsium sulfat dan magnesium klorida (nigari);61;7,17;3,69;1,18;0,2
16128;Tahu, kering-beku (koyadofu);477;52,47;30,34;10,03;7,2
16129;Tahu, digoreng;270;18,82;20,18;8,86;3,9
16130;Okara;76;3,52;1,73;12,23;-
16132;Tahu, asin, dan fermentasi (fuyu);116;8,92;8;4,38;-
16133;Kacang panjang, biji matang, mentah;347;24,33;1,31;61,91;11
16134;Kacang panjang, biji matang, dimasak, direbus, tanpa garam;118;8,29;0,45;21,09;3,8
16135;Kecipir, biji matang, mentah;409;29,65;16,32;41,71;25,9
16136;Kecipir, biji matang, dimasak, direbus, tanpa garam;147;10,62;5,84;14,94;-
16137;Hummus, rumah disiapkan;177;4,86;8,59;20,12;4
16138;Falafel, disiapkan di rumah;333;13,31;17,8;31,84;-
16139;Susu kedelai, asli dan vanila, dengan tambahan kalsium, vitamin A dan D;43;2,6;1,47;4,92;0,2
16144;Lentil, merah muda atau merah, mentah;358;23,91;2,17;63,1;10,8
16145;Kacang, merah, ginjal, biji matang, kaleng, padatan yang dikeringkan;124;7,98;1,05;21,49;5,5
16146;Kacang, pinto, kaleng, padatan yang dikeringkan;114;6,99;0,9;20,22;5,5
16147;Burger sayuran atau pembuat kedelai, tidak siap;177;15,7;6,3;14,27;4,9
16149;Penyebaran kacang, mengurangi gula;650;24,8;54,89;14,23;7,8
16150;Selai kacang, halus, mengurangi lemak;520;25,9;34;35,65;5,2
16155;Selai kacang, halus, vitamin dan mineral diperkaya;591;25,72;50,81;18,75;5,6
16156;Selai kacang, chunky, vitamin dan mineral diperkaya;593;26,06;51,47;17,69;5,7
16157;Tepung buncis (besan);387;22,39;6,69;57,82;10,8
16158;Hummus, komersial;166;7,9;9,6;14,29;6
16159;Tahu, ekstra keras, disiapkan dengan nigari;83;9,98;5,26;1,18;1
16160;Tahu, keras, disiapkan dengan nigari;145;12,68;9,99;4,39;0,6
16161;Mori-Nu, Tahu, Sutra, Lembut;55;4,8;2,7;2,9;0,1
16162;Mori-Nu, Tahu, Sutra, Tegas;62;6,9;2,7;2,4;0,1
16163;Mori-Nu, Tahu, Sutra, Ekstra Keras;55;7,4;1,9;2;0,1
16164;Mori-Nu, Tahu, Sutra, Tegas;37;6,3;0,8;1,1;-
16165;Mori-Nu, Tahu, Sutra, Lite Ekstra Keras;38;7;0,7;1;-
16166;Susu kedelai, cokelat, tidak difortifikasi;63;2,26;1,53;9,95;0,4
16167;Komoditas USDA, Selai Kacang, halus;588;21,93;49,54;23,98;5,7
16168;Susu kedelai, cokelat, dengan tambahan kalsium, vitamin A dan D;63;2,26;1,53;9,95;0,4
16171;Kacang Refried, kalengan, vegetarian;83;5,28;0,87;13,5;4,7
16172;Kacang Refried, kalengan, bebas lemak;79;5,34;0,45;13,5;4,7
16173;Frijoles rojos volteados (Kacang refried, merah, kalengan);144;5;6,93;15,47;4,7
16174;Tempe, dimasak;195;19,91;11,38;7,62;-
16200;Gula Coklat Campbell dan Bacon Flavoured Beans;123;3,85;1,92;23,08;6,2
16201;Babi dan Kacang Campbell;108;4,62;1,15;19,23;5,4
16202;Pace, Kacang Refried Tradisional;67;4,17;-;10,83;4,2
16203;Pace, Salsa Refried Beans;60;3,33;-;11,67;3,3
16204;Pace, Beast Jalapeno Refried Beans;63;4,17;-;11,67;4,2
16210;Vitasoy USA, Perusahaan Tahu Nasoya Lite;54;8,3;1,7;1,3;0,6
16211;Vitasoy USA, Organik Super Firmo Nasoya Tahu Potong Dadu;118;12,4;6,3;2,8;2
16212;Vitasoy USA, Tahu Ekstra Nasoya Organik;98;10,1;5,2;2,6;1,3
16213;Vitasoy USA, Tahu Organik Perusahaan Nasoya;84;8,9;4,4;2,3;0,8
16214;Vitasoy USA, Organic Nasoya Silken Tofu;47;4,8;2,5;1,4;0,3
16215;Vitasoy USA, Vitasoy Organic Creamy Original Soymilk;44;2,9;1,6;4,5;0,4
16216;Vitasoy USA, Susu Organik Organik Asli Vitasoy;47;3,2;1,8;4,5;0,4
16219;Vitasoy USA, Vitasoy Light Vanilla Soymilk;30;1,6;0,82;4,1;0,1
16222;Susu kedelai (semua rasa), tanpa pemanis, dengan tambahan kalsium, vitamin A dan D;33;2,86;1,61;1,74;0,5
16223;Susu kedelai (semua rasa), ditingkatkan;45;2,94;1,99;3,45;0,4
16225;Susu kedelai, asli dan vanila, ringan, dengan tambahan kalsium, vitamin A dan D;30;2,38;0,77;3,51;0,3
16227;Susu kedelai, coklat dan rasa lainnya, ringan, dengan tambahan kalsium, vitamin A dan D;47;2,1;0,64;8,24;0,7
16228;Susu kedelai, asli dan vanila, ringan, tanpa pemanis, dengan tambahan kalsium, vitamin A dan D;34;2,62;0,85;3,85;0,6
16229;Susu kedelai (semua rasa), rendah lemak, dengan tambahan kalsium, vitamin A dan D;43;1,65;0,62;7,2;0,8
16230;Susu kedelai (semua rasa), tanpa lemak, dengan tambahan kalsium, vitamin A dan D;28;2,47;0,04;4,14;0,2
16231;Susu kedelai, coklat, tanpa lemak, dengan tambahan kalsium, vitamin A dan D;44;2,47;0,04;8,51;0,2
16235;Sutra Polos, Susu Kedelai;41;2,88;1,65;3,29;0,4
16236;Sutra Vanila, Susu Kedelai;41;2,47;1,44;4,12;0,4
16237;Cokelat Sutra, Susu Kedelai;58;2,06;1,44;9,47;0,8
16238;Sutra Cahaya Polos, Susu Kedelai;29;2,47;0,82;3,29;0,4
16239;Sutra Light Vanilla, Susu Kedelai;33;2,47;0,82;4,12;0,4
16240;Coklat Ringan Sutra, Susu Kedelai;49;2,06;0,62;9,05;0,8
16241;Sutra Plus Omega-3 Dha, Susu Kedelai;45;2,88;2,06;3,29;0,4
16242;Sutra Plus untuk Kesehatan Tulang, Susu Kedelai;41;2,47;1,44;4,53;0,8
16243;Sutra Plus Fiber, Susu Kedelai;41;2,47;1,44;5,76;2,1
16244;Sutra Tanpa Pemanis, Susu Kedelai;33;2,88;1,65;1,65;0,4
16245;Silk Very Vanilla, Susu Kedelai;53;2,47;1,65;7,82;0,4
16246;Sutra Nog, Susu Kedelai;74;2,46;1,64;12,3;-
16247;Sutra Chai, Susu Kedelai;53;2,47;1,44;7,82;-
16248;Mocha Sutra, Susu Kedelai;58;2,06;1,44;9,05;-
16249;Kopi Sutra, Susu Kedelai;62;2,06;1,44;10,29;-
16250;Yoghurt Kedelai Kedelai Silk (Ukuran Keluarga);79;2,64;1,76;13,66;0,4
16251;Yoghurt Kedelai Kedelai Silk (Ukuran Porsi Tunggal);88;2,94;1,76;14,71;0,6
16252;Yoghurt kedelai polos;66;2,64;1,76;9,69;0,4
16253;Yoghurt Kedelai Stroberi Sutra;94;2,35;1,18;18,24;0,6
16254;Yoghurt Kedelai Raspberry Sutra;88;2,35;1,18;17,65;0,6
16255;Yoghurt Kedelai Persik Sutra;94;2,35;1,18;18,82;0,6
16256;Yoghurt Kedelai Hitam Ceri Sutra;88;2,35;1,18;17,06;0,6
16257;Yoghurt Kedelai Blueberry Sutra;88;2,35;1,18;17,06;0,6
16258;Yoghurt Lime Yogurt Kedelai Kunci;88;2,35;1,18;17,65;0,6
16259;Yoghurt Pisang Sutra-Yogurt Kedelai;88;2,35;1,18;17,06;0,6
16260;Creamer Asli Sutra;100;-;6,67;6,67;-
16261;Silk French Vanilla Creamer;133;-;6,67;20;-
16262;Creamer Hazelnut Silk;133;-;6,67;20;-
16271;Vitasoy USA Organic Nasoya, Tahu Lembut;70;8,76;3,5;0,74;0,6
16272;Vitasoy USA Nasoya, Tahu Tahu Lite;43;8,21;1,1;-;-
16273;Vitasoy USA Organic Nasoya, Tofu Plus Extra Firm;92;10,18;4,9;1,82;1
16274;Vitasoy USA Organic Nasoya, Perusahaan Tahu Plus;74;9,19;3,4;1,71;0,8
16275;Vitasoy USA Organic Nasoya Berkembang, Perusahaan Super Tofu Plus;115;13,24;5,9;2,16;1,2
16276;Vitasoy USA Azumaya, Tahu Ekstra Keras;88;10,07;4,6;1,53;0,9
16277;Vitasoy USA Azumaya, Firm Tofu;80;9,08;4,2;1,52;0,6
16278;Vitasoy USA Azumaya, Tahu Sutra;43;4,82;2,4;0,58;0,2
16279;Makanan Rumah Premium Tahu Lembut;59;6,38;2,71;2,19;0,8
16281;Makanan Rumah Perusahaan Premium Tahu;85;10,92;4,19;0,97;0,9
16302;Kacang, adzuki, benih matang, dimasak, direbus, dengan garam;128;7,52;0,1;24,77;7,3
16315;Kacang, hitam, biji matang, dimasak, direbus, dengan garam;132;8,86;0,54;23,71;8,7
16316;Kacang, hitam, biji matang, kaleng, natrium rendah;91;6,03;0,29;16,55;6,9
16317;Kacang, penyu hitam, biji matang, dimasak, direbus, dengan garam;130;8,18;0,35;24,35;8,3
16320;Kacang, cranberry (roman), biji matang, dimasak, direbus, dengan garam;136;9,34;0,46;24,46;8,6
16323;Kacang, perancis, biji matang, dimasak, direbus, dengan garam;129;7,05;0,76;24,02;9,4
16325;Kacang, biji utara, biji matang, dimasak, direbus, dengan garam;118;8,33;0,45;21,09;7
16326;Kacang, biji utara, biji matang, kaleng, sodium rendah;114;7,37;0,39;21,02;4,9
16328;Kacang merah, semua jenis, biji matang, dimasak, direbus, dengan garam;127;8,67;0,5;22,8;6,4
16331;Kacang merah, california dikurangi, biji matang, dimasak, direbus, dengan garam;124;9,13;0,09;22,41;9,3
16333;Kacang merah, berkurang, biji matang, dimasak, direbus, dengan garam;127;8,67;0,5;22,8;7,4
16335;Kacang merah, biji matang, kaleng, padatan yang dikeringkan, dibilas dengan air keran;121;8,12;0,93;20,8;6
16336;Kacang merah, royal berkurang, biji matang, dimasak, direbus dengan garam;123;9,49;0,17;21,85;9,3
16337;Kacang, matang, ginjal merah, kaleng, padatan dan cair, natrium rendah;81;5,22;0,36;14,83;5,3
16338;Kacang, navy, biji matang, dimasak, direbus, dengan garam;140;8,23;0,62;26,05;10,5
16341;Kacang, merah muda, biji matang, dimasak, direbus, dengan garam;149;9,06;0,49;27,91;5,3
16343;Kacang, pinto, biji matang, dimasak, direbus, dengan garam;143;9,01;0,65;26,22;9
16345;Kacang, pinto, biji matang, kaleng, padatan yang dikeringkan, dibilas dengan air keran;117;7,04;0,97;20,77;-
16346;Kacang, putih kecil, biji matang, dimasak, direbus, dengan garam;142;8,97;0,64;25,81;10,4
16347;Kacang, pinto, biji matang, kaleng, padatan dan cairan, natrium rendah;82;4,6;0,56;15,18;4,6
16348;Kacang, kuning, biji matang, direbus, dengan garam;144;9,16;1,08;25,28;10,4
16350;Kacang, putih, biji matang, dimasak, direbus, dengan garam;139;9,73;0,35;25,09;6,3
16353;Broadbeans (kacang fava), biji matang, dimasak, direbus, dengan garam;110;7,6;0,4;19,65;5,4
16357;Buncis, biji matang, dimasak, direbus, dengan garam;164;8,86;2,59;27,42;7,6
16358;Buncis (kacang garbanzo, gram bengal), biji matang, kaleng, padatan yang dikeringkan;139;7,05;2,77;22,53;6,4
16359;Buncis (kacang garbanzo, bengal gram), biji matang, kalengan, tiriskan, dibilas dengan air keran;138;7,04;2,47;22,87;6,3
16360;Buncis (kacang garbanzo, gram bengal), biji matang, kalengan, padatan dan cairan, natrium rendah;88;4,92;1,95;13,49;4,4
16361;Kacang tunggak, catjang, biji matang, dimasak, direbus, dengan garam;117;8,13;0,71;20,32;3,6
16363;Kacang tunggak, biasa, biji matang, dimasak, direbus, dengan garam;116;7,73;0,53;20,76;6,5
16368;Kacang Hyacinth, biji matang, dimasak, direbus, dengan garam;117;8,14;0,58;20,7;-
16370;Lentil, biji matang, dimasak, direbus, dengan garam;114;9,02;0,38;19,54;7,9
16372;Lima kacang, besar, biji matang, dimasak, direbus, dengan garam;115;7,8;0,38;20,88;7
16375;Kacang lima, berbiji tipis (bayi), biji matang, dimasak, direbus, dengan garam;126;8,04;0,38;23,31;7,7
16377;Lupin, biji matang, dimasak, direbus, dengan garam;116;15,57;2,92;9,29;2,8
16379;Mothbeans, biji matang, dimasak, direbus, dengan garam;117;7,81;0,55;20,96;-
16381;Kacang hijau, biji matang, dimasak, direbus, dengan garam;105;7,02;0,38;19,15;7,6
16384;Kacang hijau Mungo, biji matang, dimasak, direbus, dengan garam;105;7,54;0,55;18,34;6,4
16386;Kacang polong, belah, biji matang, dimasak, direbus, dengan garam;116;8,34;0,39;20,51;8,3
16389;Kacang tanah, semua jenis, dipanggang dengan minyak, tanpa garam;599;28,03;52,5;15,26;9,4
16390;Kacang tanah, semua jenis, dipanggang kering, tanpa garam;587;24,35;49,66;21,26;8,4
16392;Kacang tanah, Spanyol, dipanggang dengan minyak, tanpa garam;579;28,01;49,04;17,45;8,9
16394;Kacang tanah, valencia, dipanggang dengan minyak, tanpa garam;589;27,04;51,24;16,3;8,9
16396;Kacang tanah, virginia, dipanggang dengan minyak, tanpa garam;578;25,87;48,62;19,86;8,9
16397;Selai kacang, potongan chunk, tanpa garam;589;24,06;49,94;21,57;8
16398;Selai kacang, gaya halus, tanpa garam;598;22,21;51,36;22,31;5
16399;Selai kacang dengan omega-3, creamy;608;24,47;54,17;17;6,1
16402;Kacang gude, biji matang, dimasak, direbus, dengan garam;121;6,76;0,38;23,25;6,7
16403;Kacang Refried, kalengan, tradisional, natrium berkurang;89;4,98;2,01;13,55;3,7
16409;Kedelai, biji matang, dimasak, direbus, dengan garam;172;18,21;8,97;8,36;6
16410;Kedelai, biji matang, dipanggang, tanpa garam ditambahkan;469;38,55;25,4;30,22;17,7
16420;Konsentrat protein kedelai, diproduksi oleh pencuci asam;328;63,63;0,46;25,41;5,5
16422;Isolat protein kedelai, jenis kalium;321;88,32;0,53;2,59;-
16424;Kecap kedelai terbuat dari kedelai dan gandum (shoyu), sodium rendah;57;9,05;0,3;5,59;0,7
16425;Saus kedelai, sodium dikurangi, terbuat dari protein nabati terhidrolisis;90;8,19;0,31;14,44;0,3
16426;Tahu, mentah, keras, disiapkan dengan kalsium sulfat;144;17,27;8,72;2,78;2,3
16427;Tahu, mentah, teratur, disiapkan dengan kalsium sulfat;76;8,08;4,78;1,87;0,3
16428;Tahu, kering-beku (koyadofu), disiapkan dengan kalsium sulfat;470;52,43;30,34;8,3;1,2
16429;Tahu, digoreng, disiapkan dengan kalsium sulfat;270;18,82;20,18;8,86;3,9
16432;Tahu, asin dan difermentasi (fuyu), disiapkan dengan kalsium sulfat;116;8,15;8;5,15;-
16434;Kacang panjang, biji matang, dimasak, direbus, dengan garam;118;8,29;0,45;21,09;3,8
16436;Kecipir, biji matang, dimasak, direbus, dengan garam;147;10,62;5,84;14,94;-
16500;Loma Linda Little Links, Kalengan, Tidak Siap;221;19,4;13,5;5,5;4,2
16502;Loma Linda Franks Rendah Lemak Besar, Kalengan, Tidak Siap;154;23,1;4,7;4,9;4,1
16504;Loma Linda putaran lunak dengan saus, Kalengan, Tidak Siap;145;16,3;5,6;7,4;3,5
16505;Loma Linda Pasak Swiss dengan Saus, Kalengan, Tidak Siap;138;10,2;6,2;10,4;3,2
16506;Loma Linda Vege-Burger, Kalengan, Tidak Siap;114;22,2;1,2;3,7;2,6
16507;Loma Linda Redi-Burger, Kalengan, Tidak Siap;146;21,9;2,8;8,2;4,3
16508;Bit Tender Loma Linda, Kalengan, Tidak Siap;135;15,1;4,6;8,3;4,3
16509;Loma Linda Linketts, Kalengan, Tidak Siap;209;21,3;11,8;4,4;3
16510;Worthington Cabai, Kalengan, Tidak Siap;126;10,4;4,5;10,9;3,4
16511;Worthington Choplets, Kalengan, Tidak Siap;103;19,4;1;4,1;2,8
16512;Worthington Diced Chik, Kalengan, Tidak Siap;80;14,7;0,7;3,7;1,4
16513;Worthington Frichik Asli, Kalengan, Tidak Siap;160;13,4;10,3;3,4;1,5
16514;Worthington Low Fat Fri Chik, Kalengan, Tidak Siap;102;14,3;2,7;4,9;1
16515;Worthington Low Fat Veja-Links, Kalengan, Tidak Siap;123;15,8;4,8;4,3;1,2
16516;Worthington Multigrain Cutlets, Kalengan, Tidak Siap;117;23,29;1,5;7,3;4,5
16517;Worthington Saham Utama, Kalengan, Tidak Siap;135;10,2;7,2;7,5;1,4
16518;Worthington Saucette, Kalengan, Tidak Siap;219;15;15,2;5,6;2,8
16519;Worthington Super Links, Kalengan, Tidak Siap;219;14,5;15,5;5,5;1,8
16521;Worthington Vegetable Skallop, Kalengan, Tidak Siap;109;19,9;1,2;4,6;3,4
16522;Worthington Sayuran Steaks, Kalengan, Tidak Siap;113;20,7;1,2;5,1;2,2
16523;Worthington Vegetarian Burger, Kalengan, Tidak Siap;124;18,6;2,9;6,2;2,7
16524;Worthington Veja-Links, Kalengan, Tidak Siap;155;14,6;8,9;4,1;3,3
16525;Worthington Chic-Ketts, Beku, Tidak Siap;200;23,6;9,7;5,1;1,2
16526;Worthington Meatless Chicken Roll, Beku, Tidak Siap;154;16,1;8;4,3;2,4
16527;Worthington Daging Sapi Tanpa Daging Kornet Roll, Beku, Tidak Siap;245;18,6;14,5;9,9;-
16528;Worthington Dinner Roast, Beku, Tidak Siap;213;16;13,5;6,9;3,1
16529;Worthington Fripats, Beku, Tidak Siap;209;23,7;9,1;8;2,8
16531;Worthington Prosage Links, Dibekukan, Tidak Siap;143;20,2;4,7;5;2,8
16532;Worthington Prosage Roll, Beku, Tidak Siap;261;19,6;17,6;6;3,5
16533;Worthington Smoked Kalkun Roll, Beku, Tidak Siap;251;18,5;16,1;7,9;1,1
16534;Worthington Stakelets, Beku, Tidak Siap;211;19,7;10,4;9,6;2,8
16535;Worthington Stripples, Beku, Tidak Siap;346;12,4;26,6;14,3;5,1
16536;Worthington Wham (Roll), Beku, Tidak Siap;196;17,8;11,3;5,7;-
16538;Morningstar Farms Sarapan Pattie dengan Kedelai Organik, Beku, Tidak Siap;220;23,7;8,3;12,6;7,6
16542;Morningstar Farms Breakfast Bacon Strips, Beku, Tidak Siap;346;12,4;26,6;14,3;5,1
16546;Morningstar Farms links Sosis Sarapan, Beku, Tidak Siap;159;19,2;6,1;6,8;4
16548;Morningstar Farms Grillers Asli, Beku, Tidak Siap;213;23,9;9,3;8,5;4,4
16549;Morningstar Farms Grillers Prime, Beku, Tidak Siap;238;24;13,2;5,9;2,6
16551;Morningstar Farms Asian Veggie Patties, Beku, Tidak Siap;158;11,4;6,2;18,2;5,1
16552;Morningstar Farms Mushroom Lover's Burger, Beku, Tidak Siap;168;14,3;8,2;9,2;5,1
16554;Morningstar Farms Burger Tomat & Basil Pizza, Beku, Tidak Siap;161;15,5;8,6;14;9,1
16555;Morningstar Farms Buffalo Wings, Beku, Tidak Siap;232;14,1;11;22,6;4,8
16556;Morningstar Farms Chik'N Nuggets, Dibekukan, Tidak Siap;221;14,4;10;21,8;4,9
16557;Morningstar Farms Chik Patties, Beku, Tidak Siap;197;11,8;7;22,9;3
16558;Morningstar Farms Ramuan Italia Chik'N Pattie, Beku, Tidak Siap;236;13,6;7;31,1;3,4
16560;Morningstar Farms Dog Corn, Beku, Tidak Siap;208;11,2;3,5;36;3,8
16561;Morningstar Farms Corn Dog Mini, Beku, Tidak Siap;219;13,2;4,7;32,6;2,6
16565;Morningstar Farms Resep Gaya Sosis Runtuh, Beku, Tidak Siap;159;20,2;4,6;9,9;4,6
16570;Gardenburger Black Bean Chipotle Burger, Beku, Tidak Siap;133;6,5;3,9;22;6,1
16579;Gardenburger Asli, Beku, Tidak Siap;155;7,2;4,6;22,1;5
16581;Gardenburger Flame Grilled Burger, Beku, Tidak Siap;122;15,2;4,4;6,8;3,7
16584;Gardenburger Savour Portabella Veggie Burger, Beku, Tidak Siap;138;5,9;3,3;22,1;7,1
16585;Gardenburger Burger Basil Tomat Matahari Kering, Beku, Tidak Siap;137;5,5;3,6;23,7;5,2
16586;Gardenburger Veggie Medley Burger, Beku, Tidak Siap;121;4,1;3,6;24;7,1
16587;Morningstar Farms Sarapan Sosis Patties Maple Rasa, Beku, Tidak Siap;222;26,3;7,2;13,6;2
16588;Morningstar Farms Chik'N Grill Veggie Patties, Beku, Tidak Siap;118;12,8;4,8;10,2;5,7
16590;Morningstar Farms Bbq Riblets, Dibekukan, Tidak Siap;150;11,4;2,3;24,6;4,7
16591;Worthington Leanies, Beku, Tidak Siap;251;19,5;16,5;6,1;3,8
16592;Morningstar Farms California Turk'Y Burger, Beku, Tidak Siap;155;14,9;7,7;12,6;7,6
16593;Morningstar Farms Roti Sosis Vegetarian dan Pedas, Beku, Tidak Siap;185;21,8;7,4;8,5;2,3
16594;Morningstar Farms Lasagna dengan Sosis Veggie, Beku, Tidak Siap;96;7,1;2,3;14,4;2,3
16596;Morningstar Farms Grillers Quarter Pound Veggie Burger, Beku, Tidak Siap;219;22,8;10,5;8,9;2,5
16600;Morningstar Farms Sesame Chik'N Entree, Beku, Tidak Siap;116;5,3;3,5;17,3;1,3
16601;Farms Morningstar Pemanggang Roti Chik'N Veggie Patties, Beku, Tidak Siap;118;12,8;4,8;10,2;5,7
16602;Morningstar Farms Meal Starters Bakso Vegetarian, Beku, Tidak Siap;158;17,7;5,8;9,9;3,6
16603;Morningstar Farms Breakfast Sosis Biskuit, Telur & Keju, Beku, Tidak Siap;257;9,3;8,1;37,5;1,5
16606;Morningstar Farms Mediterranean Chickpea, Beku, Tidak Siap;200;15,5;6,5;19,8;10,1
16607;Morningstar Farms Buffalo Chik Patties, Beku, Tidak Siap;255;12,1;12,8;25,2;5,1
16608;Morningstar Farms Chik Patties Asli, Beku, Tidak Siap;197;11,2;9,1;20,5;3,7
16609;Morningstar Farms Sarapan Pattie, Beku, Tidak Siap;195;23,7;8,3;12,6;7,6
16610;Morningstar Farms Roasted Garlic & Quinoa Burger, Beku, Tidak Siap;192;10,7;12,1;17,8;10,1
16611;Morningstar Farms Parmesan Garlic Wings, Beku, Tidak Siap;227;14,2;8,6;24,1;3,1
16613;Morningstar Farms Breakfast Sandwich Sosis Sayuran Telur & Keju Inggris Muffin, Beku, Tidak Siap;205;14,3;9,4;18,7;3,8
16614;Morningstar Farms Breakfast Sandwich, Sayuran, Mentega, & Keju Inggris Muffin, Beku, Tidak Siap;149;10,4;4,8;18,9;2,9
16615;Morningstar Farms Chipotle Black Bean Hancur, Beku, Tidak Siap;122;14,4;4,1;10,2;4,3
16616;Morningstar Farms Garden Veggie Nuggets, Beku, Tidak Siap;197;9,6;12,2;16,9;6,9
16617;Morningstar Farms Hidangan Enchilada Black Bean Pedas, Beku, Tidak Siap;123;5,8;5,2;15,9;2,6
16618;Morningstar Farms Burger Veggie India Pedas, Beku, Tidak Siap;189;9,2;11,6;17;7,8
16619;Morningstar Farms Tuscan Greens & Beans, Beku, Tidak Siap;112;5,9;6,3;11,7;3,8
17000;Daging sapi muda, Australia, iga, daging iga panggang, hanya bisa dipisahkan tanpa lemak, mentah;134;21,7;4,63;1,4;-
17001;"Domba, domestik, gabungan dari potongan ritel yang dipangkas, lemak dan lemak yang dapat dipisah, dipangkas menjadi 1/4"" lemak, pilihan, mentah";267;16,88;21,59;-;-
17002;"Daging domba, domestik, gabungan dari potongan ritel yang dipangkas, lemak dan lemak yang dapat dipisah, dipangkas menjadi 1/4"" lemak, pilihan, dimasak";294;24,52;20,94;-;-
17003;"Domba, domestik, komposit dari potongan ritel yang dipangkas, hanya lean yang dapat dipisah, dipangkas menjadi 1/4"" lemak, pilihan, mentah";134;20,29;5,25;-;-
17004;"Daging domba, domestik, gabungan dari potongan ritel yang dipangkas, hanya lean yang dapat dipisah, dipangkas hingga 1/4"" lemak, pilihan, dimasak";206;28,22;9,52;-;-
17005;"Domba, domestik, gabungan dari potongan ritel yang dipotong, lemak yang dapat dipisahkan, dipangkas menjadi 1/4"" lemak, pilihan, mentah";665;6,65;70,61;-;-
17006;"Daging domba, domestik, gabungan dari potongan ritel yang dipotong, lemak yang dapat dipisahkan, dipangkas menjadi lemak 1/4"", pilihan, dimasak";586;12,16;59,18;-;-
17007;"Domba, domestik, foreshank, lemak dan lemak yang dapat dipisahkan, dipangkas menjadi 1/4"" lemak, pilihan, mentah";201;18,91;13,38;-;-
17008;"Domba, domestik, foreshank, lemak dan lemak yang dapat dipisah, dipangkas menjadi 1/4"" lemak, pilihan, dimasak, direbus";243;28,37;13,46;-;-
17009;"Domba, domestik, foreshank, leanable yang terpisah, dipangkas menjadi 1/4"" lemak, pilihan, mentah";120;21,08;3,29;-;-
17010;"Domba, domestik, foreshank, leanable yang terpisah, dipangkas menjadi 1/4"" lemak, pilihan, dimasak, direbus";187;31,01;6,02;-;-
17011;"Domba, domestik, tungkai, seluruh (betis dan sirloin), dapat dipisahkan lemak dan lemaknya, dipangkas menjadi 1/4"" lemak, pilihan, mentah";230;17,91;17,07;-;-
17012;"Domba, domestik, kaki, utuh (betis dan sirloin), dapat dipisahkan lemak dan lemaknya, dipangkas menjadi 1/4"" lemak, pilihan, dimasak, dipanggang";258;25,55;16,48;-;-
17013;"Domba, domestik, kaki, utuh (betis dan sirloin), hanya lean yang dapat dipisahkan, dipangkas menjadi 1/4"" lemak, pilihan, mentah";128;20,56;4,51;-;-
17014;"Domba, domestik, tungkai, seluruh (betis dan sirloin), hanya bersandar tanpa lemak, dipangkas menjadi 1/4"" lemak, pilihan, dimasak, dipanggang";191;28,3;7,74;-;-
17015;"Domba, domestik, kaki, betis setengah, lemak dan lemak yang dapat dipisahkan, dipangkas menjadi 1/4"" lemak, pilihan, mentah";201;18,58;13,49;-;-
17016;"Domba, domestik, kaki, setengah betis, dapat dipisahkan lemak dan lemaknya, dipangkas menjadi 1/4"" lemak, pilihan, dimasak, dipanggang";225;26,41;12,45;-;-
17017;"Domba, domestik, kaki, setengah betis, hanya lean yang dapat dipisahkan, dipangkas menjadi 1/4"" lemak, pilihan, mentah";125;20,52;4,19;-;-
17018;"Domba, domestik, tungkai, setengah betis, hanya bersandar terpisah, dipangkas menjadi 1/4"" lemak, pilihan, dimasak, dipanggang";180;28,17;6,67;-;-
17019;"Domba, domestik, kaki, setengah sirloin, dapat dipisahkan lemak dan lemaknya, dipangkas menjadi 1/4"" lemak, pilihan, mentah";272;16,94;22,11;-;-
17020;"Domba, domestik, kaki, setengah sirloin, dapat dipisahkan lemak dan lemaknya, dipangkas menjadi 1/4"" lemak, pilihan, dimasak, dipanggang";292;24,63;20,67;-;-
17021;"Domba, domestik, tungkai, setengah sirloin, hanya bersandar terpisah, dipangkas menjadi 1/4"" lemak, pilihan, mentah";134;20,55;5,08;-;-
17022;"Domba, domestik, tungkai, setengah sirloin, hanya dapat dipisahkan tanpa lemak, dipangkas menjadi 1/4"" lemak, pilihan, dimasak, dipanggang";204;28,35;9,17;-;-
17023;"Domba, domestik, pinggang, dapat dipisahkan lemak dan lemak, dipangkas menjadi 1/4"" lemak, pilihan, mentah";310;16,32;26,63;-;-
17024;"Daging domba, domestik, pinggang, lemak dan lemak yang dapat dipisah, dipangkas menjadi 1/4"" lemak, pilihan, dimasak, dipanggang";316;25,17;23,08;-;-
17025;"Daging domba, domestik, pinggang, lemak dan lemak yang dapat dipisah, dipangkas menjadi 1/4"" lemak, pilihan, dimasak, dipanggang";309;22,55;23,59;-;-
17026;"Domba, domestik, pinggang, hanya lean yang dapat dipisah, dipangkas menjadi 1/4"" lemak, pilihan, mentah";143;20,88;5,94;-;-
17027;"Domba, domestik, pinggang, hanya leanable yang dapat dipisah, dipangkas menjadi 1/4"" lemak, pilihan, dimasak, dipanggang";216;29,99;9,73;-;-
17028;"Domba, domestik, pinggang, hanya leanable yang dapat dipisah, dipangkas menjadi 1/4"" lemak, pilihan, dimasak, dipanggang";202;26,59;9,76;-;-
17029;"Domba, domestik, tulang rusuk, lemak dan lemak yang dapat dipisah, dipangkas hingga 1/4"" lemak, pilihan, mentah";372;14,52;34,39;-;-
17030;"Domba, domestik, tulang rusuk, lemak dan lemak yang dapat dipisah, dipangkas menjadi 1/4"" lemak, pilihan, dimasak, dipanggang";361;22,13;29,59;-;-
17031;"Domba, domestik, tulang rusuk, lemak dan lemak yang dapat dipisah, dipangkas menjadi 1/4"" lemak, pilihan, dimasak, dipanggang";359;21,12;29,82;-;-
17032;"Domba, domestik, tulang rusuk, hanya bisa dipisahkan tanpa lemak, dipangkas menjadi 1/4"" lemak, pilihan, mentah";169;19,98;9,23;-;-
17033;"Domba, domestik, tulang rusuk, hanya dapat dipisahkan tanpa lemak, dipangkas menjadi 1/4"" lemak, pilihan, dimasak, dipanggang";235;27,74;12,95;-;-
17034;"Domba, domestik, tulang rusuk, hanya bisa dipisahkan tanpa lemak, dipangkas menjadi 1/4"" lemak, pilihan, dimasak, dipanggang";232;26,16;13,31;-;-
17035;"Domba, domestik, bahu, utuh (lengan dan pisau), dapat dipisahkan lemak dan lemak, dipangkas menjadi 1/4"" lemak, pilihan, mentah";264;16,58;21,45;-;-
17036;"Domba, domestik, bahu, utuh (lengan dan bilah), dapat dipisahkan lemak dan lemak, dipangkas menjadi 1/4"" lemak, pilihan, dimasak, direbus";344;28,68;24,55;-;-
17037;"Domba, domestik, bahu, utuh (lengan dan pisau), dapat dipisahkan lemak dan lemaknya, dipangkas menjadi 1/4"" lemak, pilihan, dimasak, dipanggang";278;24,42;19,26;-;-
17038;"Domba, domestik, bahu, utuh (lengan dan pisau), dapat dipisahkan lemak dan lemak, dipangkas menjadi 1/4"" lemak, pilihan, dimasak, dipanggang";276;22,51;19,97;-;-
17039;"Domba, domestik, bahu, utuh (lengan dan pisau), hanya lean yang dapat dipisah, dipangkas menjadi 1/4"" lemak, pilihan, mentah";144;19,55;6,76;-;-
17040;"Domba, domestik, bahu, utuh (lengan dan pisau), hanya lean yang dapat dipisah, dipangkas menjadi 1/4"" lemak, pilihan, matang, direbus";283;32,81;15,89;-;-
17041;"Domba, domestik, bahu, utuh (lengan dan pisau), hanya lean yang dapat dipisah, dipangkas menjadi 1/4"" lemak, pilihan, dimasak, dipanggang";210;27,12;10,5;-;-
17042;"Domba, domestik, bahu, utuh (lengan dan pisau), hanya lean yang dapat dipisah, dipangkas menjadi 1/4"" lemak, pilihan, dimasak, dipanggang";204;24,94;10,77;-;-
17043;"Domba, domestik, bahu, lengan, dapat dipisahkan lemak dan lemak, dipangkas menjadi 1/4"" lemak, pilihan, mentah";260;16,79;20,9;-;-
17044;"Domba, domestik, bahu, lengan, dapat dipisahkan lemak dan lemak, dipangkas menjadi 1/4"" lemak, pilihan, dimasak, direbus";346;30,39;24;-;-
17045;"Domba, domestik, bahu, lengan, dapat dipisahkan lemak dan lemak, dipangkas menjadi 1/4"" lemak, pilihan, dimasak, dipanggang";281;24,44;19,55;-;-
17046;"Domba, domestik, bahu, lengan, dapat dipisahkan lemak dan lemak, dipangkas menjadi 1/4"" lemak, pilihan, dimasak, dipanggang";279;22,53;20,24;-;-
17047;"Domba, domestik, bahu, lengan, hanya lean yang dapat dipisah, dipangkas menjadi 1/4"" lemak, pilihan, mentah";132;19,99;5,2;-;-
17048;"Domba, domestik, bahu, lengan, hanya leanable yang dapat dipisah, dipangkas menjadi 1/4"" lemak, pilihan, dimasak, direbus";279;35,54;14,08;-;-
17049;"Domba, domestik, bahu, lengan, hanya leanable yang dapat dipisah, dipangkas menjadi 1/4"" lemak, pilihan, dimasak, dipanggang";200;27,71;9,02;-;-
17050;"Domba, domestik, bahu, lengan, hanya leanable yang dapat dipisah, dipangkas menjadi 1/4"" lemak, pilihan, dimasak, dipanggang";192;25,46;9,26;-;-
17051;"Domba, domestik, bahu, bilah, dapat dipisahkan lemak dan lemak, dipangkas menjadi 1/4"" lemak, pilihan, mentah";259;16,63;20,86;-;-
17052;"Domba, domestik, bahu, bilah, lemak dan lemak yang dapat dipisahkan, dipangkas menjadi 1/4"" lemak, pilihan, dimasak, direbus";345;28,51;24,73;-;-
17053;"Domba, domestik, bahu, bilah, lemak dan lemak yang dapat dipisahkan, dipangkas menjadi 1/4"" lemak, pilihan, dimasak, dipanggang";278;23,08;19,94;-;-
17054;"Domba, domestik, bahu, bilah, lemak dan lemak yang dapat dipisahkan, dipangkas menjadi 1/4"" lemak, pilihan, dimasak, dipanggang";281;22,25;20,61;-;-
17055;"Domba, domestik, bahu, bilah, hanya lean yang dapat dipisah, dipangkas menjadi 1/4"" lemak, pilihan, mentah";151;19,29;7,63;-;-
17056;"Domba, domestik, bahu, bilah, hanya lean yang dapat dipisah, dipangkas menjadi 1/4"" lemak, pilihan, dimasak, direbus";288;32,35;16,64;-;-
17057;"Domba, domestik, pundak, bilah, hanya lean yang dapat dipisah, dipangkas menjadi 1/4"" lemak, pilihan, dimasak, dipanggang";211;25,48;11,32;-;-
17058;"Domba, domestik, pundak, bilah, hanya lean yang dapat dipisah, dipangkas menjadi 1/4"" lemak, pilihan, dimasak, dipanggang";209;24,61;11,57;-;-
17059;"Domba, domestik, dipotong dadu untuk rebusan atau kabob (kaki dan bahu), hanya lean yang dapat dipisahkan, dipangkas menjadi 1/4"" lemak, mentah";134;20,21;5,28;-;-
17060;"Daging domba, domestik, dipotong dadu untuk rebusan atau kabob (kaki dan bahu), hanya bersandar ramping, dipangkas menjadi 1/4"" lemak, dimasak, direbus";223;33,69;8,8;-;-
17061;"Daging domba, domestik, dipotong dadu untuk rebusan atau kabob (kaki dan bahu), hanya dapat dipisahkan tanpa lemak, dipangkas menjadi 1/4"" lemak, dimasak, dipanggang";186;28,08;7,33;-;-
17062;Domba, Selandia Baru, impor, beku, komposit dari potongan ritel yang dipangkas, ramping dan lemak terpisah, mentah;277;16,74;22,74;-;-
17063;Domba, Selandia Baru, impor, beku, gabungan dari potongan-potongan eceran yang dipotong, lemak dan lemak yang dapat dipisahkan, dimasak;305;24,42;22,26;-;-
17064;Domba, Selandia Baru, impor, beku, komposit dari potongan ritel yang dipotong, hanya lean yang dapat dipisahkan, mentah;128;20,75;4,41;-;-
17065;Domba, Selandia Baru, impor, beku, komposit potongan ritel yang dipotong, hanya lean yang dapat dipisahkan, dimasak;206;29,59;8,86;-;-
17066;Domba, Selandia Baru, impor, beku, komposit dari potongan ritel, lemak terpisah, mentah;640;6,92;67,63;-;-
17067;Domba, Selandia Baru, impor, beku, komposit dari potongan ritel, lemak terpisah, dimasak;586;9,72;60,39;-;-
17068;Domba, Selandia Baru, impor, shank depan, dapat dipisahkan ramping dan gemuk, mentah;183;20,09;11,38;0,09;-
17069;Domba, Selandia Baru, impor, kaki-depan, lemak tanpa lemak yang dapat dipisahkan, dimasak, direbus;256;30,35;14,99;0,03;-
17070;Domba, Selandia Baru, impor, forank shank, hanya lean yang dapat dipisahkan, mentah;122;22,05;3,77;-;-
17071;Domba, Selandia Baru, impor, bagian depan betis, hanya dapat dipisah, dimasak, direbus;209;33,31;8,4;-;-
17072;Domba, Selandia Baru, impor, cincang / steak, tulang-dalam, lemak dan lemak terpisah, mentah;206;18,64;14,52;0,13;-
17073;Domba, Selandia Baru, impor, beku, kaki, utuh (betis dan sirloin), dapat dipisahkan lemak dan lemaknya, dimasak, dipanggang;246;24,81;15,56;-;-
17074;Domba, Selandia Baru, impor, cincang / steak, tulang-dalam, hanya bisa dipisahkan, mentah;126;21,1;4,64;-;-
17075;Domba, Selandia Baru, impor, beku, kaki, utuh (betis dan sirloin), hanya dapat dipisahkan tanpa lemak, dimasak, dipanggang;181;27,68;7,01;-;-
17076;Domba, Selandia Baru, impor, potongan pinggang, dapat dipisahkan lemak dan lemak, mentah;298;15,4;26,19;0,22;-
17077;Domba, Selandia Baru, impor, beku, pinggang, terpisah lemak dan lemak, dimasak, dipanggang;315;23,43;23,88;-;-
17078;Domba, Selandia Baru, impor, potongan pinggang, hanya dapat dipisahkan tanpa lemak, mentah;142;19,98;6,88;-;-
17079;Domba, Selandia Baru, impor, beku, pinggang, hanya bersandar terpisah, dimasak, dipanggang;199;29,31;8,24;-;-
17080;Domba, Selandia Baru, impor, rak - sebagian Prancis, dapat dipisahkan lemak dan lemak, mentah;240;18,12;18,52;0,13;-
17081;Domba, Selandia Baru, impor, rak - sebagian Prancis, dapat dipisahkan lemak dan lemak, dimasak, dipanggang cepat;253;22,06;18,29;0,04;-
17082;Domba, Selandia Baru, impor, rak - sebagian Prancis, hanya dapat dipisahkan lean, mentah;160;20,65;8,61;-;-
17083;Domba, Selandia Baru, impor, rak - sebagian Prancis, hanya bersandar terpisah, dimasak, dipanggang cepat;193;24,43;10,63;-;-
17084;Domba, Selandia Baru, impor, bahu berpotongan kotak, ramping dan lemak dapat dipisahkan, mentah;272;16,16;22,89;0,24;-
17085;Domba, Selandia Baru, impor, beku, bahu, utuh (lengan dan pisau), dapat dipisahkan lemak dan lemaknya, dimasak, direbus;357;28,21;26,27;-;-
17086;Domba, Selandia Baru, impor, bahu berpotongan persegi, hanya bisa dipisah, mentah;154;19,72;8,3;-;-
17087;Domba, Selandia Baru, impor, beku, bahu, utuh (lengan dan bilah), hanya dapat dipisahkan lean, dimasak, direbus;285;34,06;15,5;-;-
17088;Daging sapi muda, gabungan dari potongan-potongan eceran yang dipotong, ramping dan lemak yang dapat dipisahkan, mentah;144;19,35;6,77;-;-
17089;Daging sapi muda, gabungan dari potongan-potongan eceran yang dipotong, lemak dan lemak yang dapat dipisahkan, dimasak;231;30,1;11,39;-;-
17090;Daging sapi muda, gabungan dari potongan ritel yang dipangkas, hanya lean yang dapat dipisahkan, mentah;112;20,2;2,87;-;-
17091;Daging sapi muda, gabungan dari potongan ritel yang dipotong, hanya lean yang dapat dipisahkan, dimasak;196;31,9;6,58;-;-
17092;Daging sapi muda, gabungan dari potongan ritel yang dipotong, lemak yang dapat dipisahkan, mentah;638;6,02;67,83;-;-
17093;Daging sapi muda, gabungan dari potongan-potongan eceran yang dipotong, lemak yang dapat dipisahkan, dimasak;642;9,42;66,74;-;-
17094;Daging sapi muda, kaki (putaran atas), dapat dipisahkan ramping dan gemuk, mentah;117;20,98;3,08;-;-
17095;Daging sapi muda, kaki (putaran atas), dapat dipisahkan lemak dan lemak, dimasak, direbus;211;36,16;6,33;-;-
17096;Daging sapi muda, kaki (putaran atas), dapat dipisahkan lemak dan lemak, dimasak, digoreng, dilapisi tepung roti;238;27,29;9,18;9,91;0,3
17097;Daging sapi muda, kaki (putaran atas), dapat dipisahkan lemak dan lemaknya, dimasak, digoreng, tidak dilapisi tepung roti;211;31,75;8,35;-;-
17098;Daging sapi muda, kaki (putaran atas), dapat dipisahkan dan berlemak, dimasak, dipanggang;160;27,7;4,65;-;-
17099;Daging sapi muda, kaki (putaran atas), hanya lean yang dapat dipisahkan, mentah;107;21,28;1,76;-;-
17100;Daging sapi muda, tungkai (putaran atas), hanya bersandar bebas, dimasak, direbus;203;36,71;5,09;-;-
17101;Daging sapi muda, kaki (putaran atas), hanya bersandar bebas, dimasak, digoreng, dilapisi tepung roti;216;28,41;6,27;9,84;0,2
17102;Daging sapi muda, kaki (putaran atas), hanya bersandar bebas, dimasak, tumis, tidak dilapisi tepung roti;183;33,17;4,62;-;-
17103;Daging sapi muda, kaki (putaran atas), hanya bersandar bebas, dimasak, dipanggang;150;28,07;3,39;-;-
17104;Daging sapi muda, pinggang, ramping dan lemak terpisah, mentah;177;20,07;10,07;0,07;-
17105;Daging sapi muda, pinggang, lemak dan lemak terpisah, dimasak, direbus;284;30,19;17,21;-;-
17106;Daging sapi muda, pinggang, lemak dan lemak terpisah, dimasak, dipanggang;217;24,8;12,32;-;-
17107;Daging sapi muda, pinggang, hanya lean yang dapat dipisahkan, mentah;114;21,85;2,9;-;-
17108;Daging sapi muda, pinggang, hanya lean yang dapat dipisahkan, dimasak, direbus;226;33,57;9,15;-;-
17109;Daging sapi muda, pinggang, hanya ramping yang dapat dipisahkan, dimasak, dipanggang;175;26,32;6,94;-;-
17110;Daging sapi muda, tulang rusuk, dapat dipisahkan ramping dan gemuk, mentah;162;18,86;9,01;-;-
17111;Daging sapi muda, tulang rusuk, dapat dipisahkan lemak dan lemaknya, dimasak, direbus;251;32,43;12,53;-;-
17112;Daging sapi muda, tulang rusuk, lemak dan lemak yang dapat dipisahkan, dimasak, dipanggang;228;23,96;13,96;-;-
17113;Daging sapi muda, tulang rusuk, hanya bisa dipisah ramping, mentah;120;19,97;3,89;-;-
17114;Daging sapi muda, tulang rusuk, hanya bisa dipisah, dimasak, direbus;218;34,44;7,81;-;-
17115;Daging sapi muda, tulang rusuk, hanya bisa dipisahkan tanpa lemak, dimasak, dipanggang;177;25,76;7,44;-;-
17116;Daging sapi muda, bahu, utuh (lengan dan pisau), dapat dipisahkan ramping dan gemuk, mentah;130;19,27;5,28;-;-
17117;Daging sapi muda, bahu, utuh (lengan dan pisau), dapat dipisah ramping dan gemuk, dimasak, direbus;228;32,06;10,14;-;-
17118;Daging sapi muda, bahu, utuh (lengan dan bilah), dapat dipisah ramping dan gemuk, dimasak, dipanggang;184;25,32;8,42;-;-
17119;Daging sapi muda, bahu, utuh (lengan dan bilah), hanya lean yang dapat dipisahkan, mentah;112;19,79;3;-;-
17120;Daging sapi muda, bahu, utuh (lengan dan bilah), hanya dapat dipisahkan tanpa lemak, dimasak, direbus;199;33,68;6,1;-;-
17121;Daging sapi muda, bahu, utuh (lengan dan bilah), hanya bersandar ramping, dimasak, dipanggang;170;25,81;6,62;-;-
17122;Daging sapi muda, bahu, lengan, dapat dipisahkan ramping dan gemuk, mentah;132;19,34;5,44;-;-
17123;Daging sapi muda, bahu, lengan, dapat dipisahkan ramping dan gemuk, dimasak, direbus;236;33,63;10,24;-;-
17124;Daging sapi muda, bahu, lengan, dapat dipisahkan ramping dan gemuk, dimasak, dipanggang;183;25,46;8,25;-;-
17125;Daging sapi muda, bahu, lengan, hanya lean yang dapat dipisahkan, mentah;105;20,04;2,16;-;-
17126;Daging sapi muda, pundak, lengan, hanya dapat dipisah, dimasak, direbus;201;35,73;5,33;-;-
17127;Daging sapi muda, bahu, lengan, hanya bersandar ramping, dimasak, dipanggang;164;26,13;5,81;-;-
17128;Daging sapi muda, bahu, potongan pisau, ramping dan lemak terpisah, mentah;148;18,72;7,61;0,03;-
17129;Daging sapi muda, pundak, mata pisau, ramping dan lemak yang dapat dipisahkan, dimasak, direbus;225;31,26;10,09;-;-
17130;Daging sapi muda, bahu, bilah, lemak dan lemak yang dapat dipisahkan, dimasak, dipanggang;186;25,15;8,67;-;-
17131;Daging sapi muda, bahu, potongan pisau, hanya lean yang dapat dipisahkan, mentah;110;19,6;2,88;-;-
17132;Daging sapi muda, pundak, bilah, hanya lean yang dapat dipisahkan, dimasak, direbus;198;32,66;6,48;-;-
17133;Daging sapi muda, pundak, pisau, hanya bersandar ramping, dimasak, dipanggang;171;25,64;6,88;-;-
17134;Daging sapi muda, sirloin, dapat dipisahkan ramping dan gemuk, mentah;152;19,07;7,81;-;-
17135;Daging sapi muda, sirloin, dapat dipisahkan lemak dan lemaknya, dimasak, direbus;252;31,26;13,14;-;-
17136;Daging sapi muda, sirloin, dapat dipisahkan lemak dan lemaknya, dimasak, dipanggang;202;25,14;10,45;-;-
17137;Daging sapi muda, sirloin, hanya lean yang dapat dipisahkan, mentah;110;20,2;2,59;-;-
17138;Daging sapi muda, sirloin, hanya bersandar ramping, dimasak, direbus;204;33,96;6,51;-;-
17139;Daging sapi muda, sirloin, hanya bersandar ramping, dimasak, dipanggang;168;26,32;6,22;-;-
17140;Daging sapi muda, dipotong dadu untuk rebusan (kaki dan bahu), hanya bersandar ramping, mentah;109;20,27;2,5;-;-
17141;Daging sapi muda, dipotong dadu untuk rebusan (kaki dan pundak), hanya bisa dipisah, dimasak, direbus;188;34,94;4,31;-;-
17142;Daging sapi muda, tanah, mentah;197;18,58;13,06;-;-
17143;Daging sapi muda, ditumbuk, dimasak, dipanggang;172;24,38;7,56;-;-
17144;Daging buruan, kijang, mentah;114;22,38;2,03;-;-
17145;Daging buruan, kijang, dimasak, dipanggang;150;29,45;2,67;-;-
17146;Daging buruan, beruang, mentah;161;20,1;8,3;-;-
17147;Daging buruan, beruang, dimasak, didihkan;259;32,42;13,39;-;-
17148;Bison, ditumbuk, diberi makan rumput, dimasak;179;25,45;8,62;-;-
17149;Bison, ditumbuk, diberi makan rumput, mentah;146;20,23;7,21;0,05;-
17150;Daging buruan, berang-berang, mentah;146;24,05;4,8;-;-
17151;Daging buruan, berang-berang, dimasak, dipanggang;212;34,85;6,96;-;-
17152;Daging buruan, beefalo, komposit potongan, mentah;143;23,3;4,8;-;-
17153;Daging buruan, daging sapi, campuran daging, dimasak, dipanggang;188;30,66;6,32;-;-
17154;Daging sapi muda, Australia, lemak terpisah, mentah;509;9,91;52,17;-;-
17155;Daging sapi muda, Australia, iga, daging iga panggang, ramping dan lemak terpisah, mentah;201;19,6;13,1;1,15;-
17156;Daging buruan, bison, hanya bisa dipisahkan tanpa lemak, mentah;109;21,62;1,84;-;-
17157;Daging buruan, bison, hanya bisa dipisahkan tanpa lemak, dimasak, dipanggang;143;28,44;2,42;-;-
17158;Daging buruan, babi hutan, liar, mentah;122;21,51;3,33;-;-
17159;Daging buruan, babi hutan, liar, dimasak, dipanggang;160;28,3;4,38;-;-
17160;Daging buruan, kerbau, air, mentah;99;20,39;1,37;-;-
17161;Daging buruan, kerbau, air, dimasak, dipanggang;131;26,83;1,8;-;-
17162;Daging buruan, karibu, mentah;127;22,63;3,36;-;-
17163;Daging buruan, karibu, dimasak, dipanggang;167;29,77;4,42;-;-
17164;Daging buruan, rusa, mentah;120;22,96;2,42;-;-
17165;Daging buruan, rusa, dimasak, dipanggang;158;30,21;3,19;-;-
17166;Daging buruan, rusa besar, mentah;111;22,95;1,45;-;-
17167;Daging buruan, rusa, dimasak, dipanggang;146;30,19;1,9;-;-
17168;Kambing, mentah;109;20,6;2,31;-;-
17169;Daging buruan, kambing, dimasak, dipanggang;143;27,1;3,03;-;-
17170;Daging buruan, kuda, mentah;133;21,39;4,6;-;-
17171;Daging buruan, kuda, dimasak, dipanggang;175;28,14;6,05;-;-
17172;Daging buruan, rusa besar, mentah;102;22,24;0,74;-;-
17173;Daging buruan, rusa besar, dimasak, dipanggang;134;29,27;0,97;-;-
17174;Daging buruan, muskrat, mentah;162;20,76;8,1;-;-
17175;Daging buruan, muskrat, dimasak, dipanggang;234;30,09;11,74;-;-
17176;Daging buruan, opossum, dimasak, dipanggang;221;30,2;10,2;-;-
17177;Daging buruan, kelinci, peliharaan, komposit potongan, mentah;136;20,05;5,55;-;-
17178;Daging buruan, kelinci, jinak, komposit potongan, dimasak, dipanggang;197;29,06;8,05;-;-
17179;Daging buruan, kelinci, jinak, komposit potongan, dimasak, direbus;206;30,38;8,41;-;-
17180;Daging buruan, kelinci, liar, mentah;114;21,79;2,32;-;-
17181;Daging buruan, kelinci, liar, dimasak, direbus;173;33,02;3,51;-;-
17182;Daging buruan, rakun, dimasak, dipanggang;255;29,2;14,5;-;-
17183;Daging buruan, tupai, mentah;120;21,23;3,21;-;-
17184;Daging buruan, tupai, dimasak, dipanggang;173;30,77;4,69;-;-
17185;Daging domba, beragam daging dan produk sampingan, otak, mentah;122;10,4;8,58;-;-
17186;Daging domba, aneka daging dan produk sampingan, otak, dimasak, direbus;145;12,55;10,17;-;-
17187;Daging domba, aneka daging dan produk sampingan, otak, dimasak, digoreng;273;16,97;22,19;-;-
17188;Daging sapi muda, beragam daging dan produk sampingan, otak, mentah;118;10,32;8,21;-;-
17189;Daging sapi muda, aneka daging dan produk sampingan, otak, dimasak, direbus;136;11,48;9,63;-;-
17190;Daging sapi muda, aneka daging dan produk sampingan, otak, dimasak, digoreng;213;14,48;16,75;-;-
17191;Daging domba, beragam daging dan produk sampingan, jantung, mentah;122;16,47;5,68;0,21;-
17192;Daging domba, aneka daging dan produk sampingan, jantung, dimasak, direbus;185;24,97;7,91;1,93;-
17193;Daging sapi muda, aneka daging dan produk sampingan, jantung, mentah;110;17,18;3,98;0,08;-
17194;Daging sapi muda, aneka daging dan produk sampingan, jantung, dimasak, direbus;186;29,12;6,75;0,13;-
17195;Daging domba, berbagai daging dan produk sampingan, ginjal, mentah;97;15,74;2,95;0,82;-
17196;Daging domba, aneka daging dan produk sampingan, ginjal, dimasak, direbus;137;23,65;3,62;0,99;-
17197;Daging sapi muda, aneka daging dan produk sampingan, ginjal, mentah;99;15,76;3,12;0,85;-
17198;Daging sapi muda, aneka daging dan produk sampingan, ginjal, dimasak, direbus;163;26,32;5,66;-;-
17199;Daging domba, berbagai daging dan produk sampingan, hati, mentah;139;20,38;5,02;1,78;-
17200;Daging domba, aneka daging dan produk sampingan, hati, dimasak, direbus;220;30,57;8,81;2,53;-
17201;Daging domba, aneka daging dan produk sampingan, hati, dimasak, digoreng;238;25,53;12,65;3,78;-
17202;Daging sapi muda, aneka daging dan produk sampingan, hati, mentah;140;19,93;4,85;2,91;-
17203;Daging sapi muda, aneka daging dan produk sampingan, hati, dimasak, direbus;192;28,42;6,26;3,77;-
17204;Daging sapi muda, aneka daging dan produk sampingan, hati, dimasak, digoreng;193;27,37;6,51;4,47;-
17205;Daging domba, beragam daging dan produk sampingan, paru-paru, mentah;95;16,7;2,6;-;-
17206;Daging domba, aneka daging dan produk sampingan, paru-paru, dimasak, direbus;113;19,88;3,1;-;-
17207;Daging sapi muda, aneka daging dan produk sampingan, paru-paru, mentah;90;16,3;2,3;-;-
17208;Daging sapi muda, aneka daging dan produk sampingan, paru-paru, dimasak, direbus;104;18,74;2,64;-;-
17209;Daging domba, berbagai daging dan produk sampingan, dipisahkan secara mekanis, mentah;276;14,97;23,54;-;-
17210;Daging domba, berbagai daging dan produk sampingan, pankreas, mentah;152;14,84;9,82;-;-
17211;Daging domba, berbagai daging dan produk sampingan, pankreas, dimasak, direbus;234;22,83;15,12;-;-
17212;Daging sapi muda, beragam daging dan produk sampingan, pankreas, mentah;182;15;13,1;-;-
17213;Daging sapi muda, aneka daging dan produk samping, pankreas, dimasak, direbus;256;29,1;14,6;-;-
17214;Daging domba, berbagai daging dan produk sampingan, limpa, mentah;101;17,2;3,1;-;-
17215;Daging domba, berbagai daging dan produk sampingan, limpa, dimasak, direbus;156;26,46;4,77;-;-
17216;Daging sapi muda, aneka daging dan produk sampingan, limpa, mentah;98;18,3;2,2;-;-
17217;Daging sapi muda, aneka daging dan produk sampingan, limpa, dimasak, direbus;129;24,08;2,89;-;-
17218;Daging sapi muda, aneka daging dan produk sampingan, timus, mentah;101;17,21;3,07;-;-
17219;Daging sapi muda, aneka daging dan produk sampingan, timus, dimasak, direbus;125;22,67;3,11;-;-
17220;Daging domba, berbagai daging dan produk sampingan, lidah, mentah;222;15,7;17,17;-;-
17221;Daging domba, aneka daging dan produk sampingan, lidah, dimasak, direbus;275;21,57;20,28;-;-
17222;Daging sapi muda, aneka daging dan produk sampingan, lidah, mentah;131;17,18;5,48;1,91;-
17223;Daging sapi muda, aneka daging dan produk sampingan, lidah, dimasak, direbus;202;25,85;10,1;-;-
17224;Domba, tanah, mentah;282;16,56;23,41;-;-
17225;Daging domba, digiling, dimasak, dipanggang;283;24,75;19,65;-;-
17226;"Domba, domestik, gabungan dari potongan ritel yang dipangkas, lemak dan lemak yang dapat dipisah, dipangkas hingga 1/8"" lemak, pilihan, mentah";243;17,54;18,66;-;-
17227;"Daging domba, domestik, gabungan dari potongan ritel yang dipangkas, lemak dan lemak yang dapat dipisahkan, dipangkas hingga 1/8"" lemak, pilihan, dimasak";271;25,51;18,01;-;-
17228;"Domba, domestik, foreshank, lemak dan lemak yang dapat dipisahkan, dipangkas hingga 1/8"" lemak, pilihan, mentah";201;18,91;13,38;-;-
17229;"Domba, domestik, foreshank, lemak dan lemak yang dapat dipisah, dipangkas hingga 1/8"" lemak, dimasak, direbus";243;28,37;13,46;-;-
17230;"Domba, domestik, tungkai, utuh (betis dan sirloin), dapat dipisahkan lemak dan lemaknya, dipangkas hingga 1/8"" lemak, pilihan, mentah";209;18,47;14,42;-;-
17231;"Domba, domestik, kaki, utuh (betis dan sirloin), dapat dipisahkan lemak dan lemaknya, dipangkas hingga 1/8"" lemak, pilihan, dimasak, dipanggang";242;26,2;14,42;-;-
17232;"Domba, domestik, kaki, setengah betis, lemak dan lemak yang dapat dipisahkan, dipangkas menjadi 1/8"" lemak, pilihan, mentah";185;18,99;11,5;-;-
17233;"Domba, domestik, kaki, setengah betis, lemak dan lemak yang dapat dipisahkan, dipangkas hingga 1/8"" lemak, pilihan, dimasak, dipanggang";217;26,73;11,4;-;-
17234;"Domba, domestik, kaki, setengah sirloin, dapat dipisahkan lemak dan lemaknya, dipangkas menjadi 1/8"" lemak, pilihan, mentah";261;17,21;20,8;-;-
17235;"Domba, domestik, kaki, setengah sirloin, dapat dipisahkan lemak dan lemaknya, dipangkas menjadi 1/8"" lemak, pilihan, dimasak, dipanggang";284;24,95;19,67;-;-
17236;"Domba, domestik, pinggang, dapat dipisahkan lemak dan lemak, dipangkas menjadi 1/8"" lemak, pilihan, mentah";279;17,18;22,75;-;-
17237;"Daging domba, domestik, pinggang, lemak dan lemak yang dapat dipisah, dipangkas hingga 1/8"" lemak, pilihan, dimasak, dipanggang";297;26,06;20,61;-;-
17238;"Daging domba, domestik, pinggang, lemak dan lemak yang dapat dipisah, dipangkas hingga 1/8"" lemak, pilihan, dimasak, dipanggang";290;23,27;21,12;-;-
17239;"Domba, domestik, tulang rusuk, lemak dan lemak yang dapat dipisah, dipangkas hingga 1/8"" lemak, pilihan, mentah";342;15,32;30,71;-;-
17240;"Domba, domestik, tulang rusuk, lemak dan lemak yang dapat dipisah, dipangkas hingga 1/8"" lemak, pilihan, dimasak, dipanggang";340;23,06;26,82;-;-
17241;"Domba, domestik, tulang rusuk, lemak dan lemak yang dapat dipisah, dipangkas hingga 1/8"" lemak, pilihan, dimasak, dipanggang";341;21,82;27,53;-;-
17242;"Domba, domestik, bahu, utuh (lengan dan pisau), dapat dipisahkan lemak dan lemaknya, dipangkas hingga 1/8"" lemak, pilihan, mentah";244;17,07;18,96;-;-
17243;"Domba, domestik, bahu, utuh (lengan dan pisau), dapat dipisahkan lemak dan lemaknya, dipangkas hingga 1/8"" lemak, pilihan, dimasak, direbus";338;29,46;23,57;-;-
17244;"Domba, domestik, bahu, utuh (lengan dan pisau), dapat dipisahkan lemak dan lemaknya, dipangkas hingga 1/8"" lemak, pilihan, dimasak, dipanggang";268;23,84;18,39;-;-
17245;"Domba, domestik, bahu, utuh (lengan dan pisau), dapat dipisahkan lemak dan lemaknya, dipangkas hingga 1/8"" lemak, pilihan, dimasak, dipanggang";269;22,7;19,08;-;-
17246;"Domba, domestik, bahu, lengan, dapat dipisahkan lemak dan lemak, dipangkas menjadi 1/8"" lemak, pilihan, mentah";244;17,19;18,94;-;-
17247;"Domba, domestik, bahu, lengan, lemak dan lemak yang dapat dipisah, dipangkas hingga 1/8"" lemak, pilihan, dimasak, direbus";337;31,1;22,65;-;-
17248;"Domba, domestik, bahu, lengan, lemak dan lemak yang dapat dipisah, dipangkas hingga 1/8"" lemak, dimasak, dipanggang";269;24,91;18,05;-;-
17249;"Domba, domestik, bahu, lengan, dapat dipisahkan lemak dan lemak, dipangkas menjadi 1/8"" lemak, pilihan, dipanggang";267;22,93;18,75;-;-
17250;"Domba, domestik, bahu, bilah, lemak dan lemak yang dapat dipisahkan, dipangkas menjadi 1/8"" lemak, pilihan, mentah";244;17,01;18,97;-;-
17251;"Domba, domestik, bahu, bilah, lemak dan lemak yang dapat dipisah, dipangkas hingga 1/8"" lemak, pilihan, dimasak, direbus";339;28,92;23,88;-;-
17252;"Domba, domestik, bahu, bilah, lemak dan lemak yang dapat dipisah, dipangkas hingga 1/8"" lemak, pilihan, dimasak, dipanggang";267;23,48;18,5;-;-
17253;"Domba, domestik, bahu, bilah, lemak dan lemak yang dapat dipisah, dipangkas hingga 1/8"" lemak, pilihan, dimasak, dipanggang";270;22,62;19,19;-;-
17254;"Domba, Selandia Baru, impor, beku, komposit dari potongan ritel yang dipangkas, lemak dan lemak yang dapat dipisah, dipangkas hingga 1/8"" lemak, mentah";232;17,95;17,2;-;-
17255;"Domba, Selandia Baru, impor, beku, komposit dari potongan ritel yang dipangkas, lemak dan lemak yang dapat dipisah, dipangkas hingga 1/8"" lemak, dimasak";270;25,26;17,98;-;-
17256;"Domba, Selandia Baru, impor, beku, foreshank, lean and fat yang dapat dipisah, dipangkas hingga 1/8"" lemak, mentah";223;18,04;16,15;-;-
17257;"Domba, Selandia Baru, impor, beku, foreshank, lemak dan lemak yang dapat dipisahkan, dipangkas hingga 1/8"" lemak, dimasak, direbus";258;26,97;15,83;-;-
17258;"Domba, Selandia Baru, impor, beku, kaki, utuh (betis dan sirloin), dapat dipisahkan lemak dan lemaknya, dipangkas menjadi 1/8"" lemak, mentah";201;18,76;13,37;-;-
17259;"Domba, Selandia Baru, impor, beku, kaki, utuh (betis dan sirloin), dapat dipisahkan lemak dan lemaknya, dipangkas menjadi 1/8"" lemak, dimasak, dipanggang";234;25,34;13,95;-;-
17260;"Domba, Selandia Baru, impor, beku, pinggang, lemak dan lemak terpisah, dipangkas menjadi 1/8"" lemak, mentah";273;17,18;22,1;-;-
17261;"Domba, Selandia Baru, impor, beku, pinggang, lemak dan lemak terpisah, dipangkas menjadi 1/8"" lemak, dimasak, dipanggang";296;24,41;21,28;-;-
17262;"Daging domba, selandia baru, impor, beku, iga, lemak dan lemak yang dapat dipisahkan, dipangkas hingga 1/8"" lemak, mentah";311;15,87;27;-;-
17263;"Domba, Selandia Baru, impor, beku, iga, lemak dan lemak yang dapat dipisahkan, dipangkas hingga 1/8"" lemak, dimasak, dipanggang";317;19,86;25,74;-;-
17264;"Domba, Selandia Baru, impor, beku, bahu, utuh (lengan dan pisau), dapat dipisahkan lemak dan lemaknya, dipangkas hingga 1/8"" lemak, mentah";251;17,19;19,74;-;-
17265;"Domba, Selandia Baru, impor, beku, bahu, utuh (lengan dan pisau), dapat dipisahkan lemak dan lemaknya, dipangkas hingga 1/8"" lemak, dimasak, direbus";342;29,43;24,03;-;-
17267;"Daging buruan, bison, sirloin atas, hanya bisa dipisahkan tanpa lemak, dipangkas menjadi 0"" gemuk, mentah";113;21,4;2,4;-;-
17268;"Daging buruan, bison, ribeye, hanya bisa dipisahkan tanpa lemak, dipangkas menjadi 0"" gemuk, mentah";116;22,1;2,4;-;-
17269;"Daging buruan, bison, gumpalan pundak, hanya lemak yang dapat dipisahkan, dipangkas hingga 0"" gemuk, mentah";109;21,1;2,1;-;-
17270;Daging sapi muda, Dada, lemak terpisah, dimasak;521;9,4;53,35;-;-
17271;Daging sapi muda, Dada, utuh, tanpa tulang, ramping dan lemak dapat dipisahkan, mentah;208;17,47;14,75;-;-
17272;Daging sapi muda, dada, utuh, tanpa tulang, dapat dipisahkan lemak dan lemaknya, dimasak, direbus;266;26,97;16,77;-;-
17273;Daging sapi muda, dada, setengah piring, tanpa tulang, dapat dipisahkan lemak dan lemak, dimasak, direbus;282;25,93;18,95;-;-
17274;Daging sapi muda, dada, titik setengah, tanpa tulang, dapat dipisahkan lemak dan lemak, dimasak, direbus;248;28,23;14,16;-;-
17275;Daging sapi muda, dada, utuh, tanpa tulang, hanya bisa dipisahkan tanpa lemak, dimasak, direbus;218;30,32;9,8;-;-
17276;Daging sapi muda, betis (depan dan belakang), ramping dan lemak terpisah, mentah;113;19,15;3,48;-;-
17277;Daging sapi muda, betis (depan dan belakang), dapat dipisahkan lemak dan lemaknya, dimasak, direbus;191;31,54;6,2;-;-
17278;Daging sapi muda, shank (kedepan dan belakang), hanya lean yang dapat dipisahkan, mentah;108;19,28;2,83;-;-
17279;Daging sapi muda, betis (bagian depan dan belakang), hanya dapat dipisahkan tanpa lemak, dimasak, direbus;177;32,22;4,33;-;-
17280;"Domba, Australia, impor, segar, komposit dari potongan ritel, lemak dan lemak yang dapat dipisahkan, dipangkas hingga 1/8"" lemak, mentah";229;17,84;16,97;-;-
17281;"Domba, Australia, impor, segar, komposit dari potongan eceran yang dipangkas, lemak dan lemak yang dapat dipisah, dipangkas hingga 1/8"" lemak, dimasak";256;24,52;16,82;-;-
17282;"Domba, Australia, impor, segar, komposit dari potongan ritel yang dipangkas, hanya lean yang dapat dipisah, dipangkas hingga 1/8"" lemak, mentah";142;20,25;6,18;-;-
17283;"Domba, Australia, impor, segar, komposit dari potongan ritel yang dipangkas, hanya lean yang dapat dipisah, dipangkas hingga 1/8"" lemak, dimasak";201;26,71;9,63;-;-
17284;Domba, Australia, impor, segar, lemak terpisah, mentah;648;6,27;68,87;-;-
17285;Domba, Australia, impor, segar, lemak terpisah, dimasak;639;9,42;66,4;-;-
17286;"Domba, Australia, impor, segar, foreshank, lemak dan lemak yang dapat dipisahkan, dipangkas menjadi 1/8"" lemak, mentah";195;18,85;12,68;-;-
17287;"Domba, Australia, impor, segar, foreshank, lemak dan lemak yang dapat dipisahkan, dipangkas hingga 1/8"" lemak, dimasak, direbus";236;24,78;14,44;-;-
17288;"Domba, Australia, impor, segar, foreshank, hanya lean terpisah, dipangkas menjadi 1/8"" lemak, mentah";123;20,83;3,81;-;-
17289;"Domba, Australia, impor, segar, foreshank, hanya lean terpisah, dipangkas menjadi 1/8"" lemak, dimasak, direbus";165;27,5;5,22;-;-
17290;"Domba, Australia, impor, segar, kaki, utuh (betis dan sirloin), dapat dipisahkan lemak dan lemaknya, dipangkas menjadi 1/8"" lemak, mentah";215;18,24;15,19;-;-
17291;"Domba, Australia, impor, segar, kaki, utuh (betis dan sirloin), dapat dipisahkan lemak dan lemaknya, dipangkas hingga 1/8"" lemak, dimasak, dipanggang";244;25,16;15,13;-;-
17292;"Domba, Australia, impor, segar, kaki, utuh (betis dan sirloin), hanya lean yang dapat dipisah, dipangkas hingga 1/8"" lemak, mentah";135;20,46;5,23;-;-
17293;"Domba, Australia, impor, segar, kaki, utuh (betis dan sirloin), hanya dapat dipisahkan tanpa lemak, dipangkas menjadi 1/8"" lemak, dimasak, dipanggang";190;27,31;8,1;-;-
17294;"Domba, Australia, impor, segar, kaki, setengah betis, ramping dan lemak dipisahkan, dipangkas menjadi 1/8"" lemak, mentah";201;18,59;13,48;-;-
17295;"Domba, Australia, impor, segar, kaki, setengah betis, lemak dan lemak yang dapat dipisahkan, dipangkas hingga 1/8"" lemak, dimasak, dipanggang";231;25,25;13,69;-;-
17296;"Domba, Australia, impor, segar, kaki, setengah betis, hanya lean terpisah, dipangkas menjadi 1/8"" lemak, mentah";133;20,45;5,1;-;-
17297;"Domba, Australia, impor, segar, kaki, setengah betis, hanya lean terpisah, dipangkas menjadi 1/8"" lemak, dimasak, dipanggang";182;27,18;7,27;-;-
17298;"Domba, Australia, impor, segar, kaki, setengah sirloin, tanpa tulang, ramping dan lemak terpisah, dipangkas menjadi 1/8"" lemak, mentah";254;17,25;20;-;-
17299;"Domba, Australia, impor, segar, kaki, setengah sirloin, tanpa tulang, lemak dan lemak yang dapat dipisahkan, dipangkas hingga 1/8"" lemak, dimasak, dipanggang";281;24,88;19,38;-;-
17300;"Domba, Australia, impor, segar, kaki, setengah sirloin, tanpa tulang, hanya bisa dipisahkan tanpa lemak, dipangkas hingga 1/8"" lemak, mentah";138;20,48;5,64;-;-
17301;"Domba, Australia, impor, segar, kaki, setengah sirloin, tanpa tulang, hanya dapat dipisahkan tanpa lemak, dipangkas hingga 1/8"" lemak, dimasak, dipanggang";215;27,75;10,65;-;-
17302;"Domba, Australia, impor, segar, kaki, daging sirloin, tanpa tulang, lemak dan lemak yang dapat dipisahkan, dipangkas menjadi 1/8"" lemak, mentah";208;18,33;14,38;-;-
17303;"Domba, Australia, impor, segar, kaki, sirloin, tanpa tulang, lemak dan lemak yang dapat dipisahkan, dipangkas hingga 1/8"" lemak, dimasak, dipanggang";235;25,75;13,83;-;-
17304;"Domba, Australia, impor, segar, kaki, daging sirloin, tanpa tulang, tanpa lemak yang dapat dipisahkan, dipangkas hingga 1/8"" lemak, mentah";132;20,43;4,91;-;-
17305;"Domba, Australia, impor, segar, kaki, sirloin, tanpa tulang, tanpa lemak yang dapat dipisahkan, dipangkas hingga 1/8"" lemak, dimasak, dipanggang";188;27,63;7,8;-;-
17306;"Domba, Australia, impor, segar, kaki, potongan tengah, tulang-masuk, lemak dan terpisah, dipangkas menjadi 1/8"" lemak, mentah";195;19,17;12,56;-;-
17307;"Daging domba, daging Australia, impor, segar, potongan kaki, potongan tengah, potongan tulang, lemak tanpa lemak yang dapat dipisahkan, dipangkas hingga 1/8"" lemak, dimasak, dipanggang";215;25,54;11,78;-;-
17308;"Domba, Australia, impor, segar, kaki, irisan tengah, tulang-masuk, hanya bersandar terpisah, dipangkas menjadi 1/8"" lemak, mentah";143;20,65;6,08;-;-
17309;"Domba, Australia, impor, segar, kaki, irisan tengah, tulang-dalam, lean saja yang dapat dipisahkan, dipangkas menjadi 1/8"" lemak, dimasak, dipanggang";183;26,75;7,68;-;-
17310;"Domba, Australia, impor, segar, pinggang, lemak dan lemak terpisah, dipangkas menjadi 1/8"" lemak, mentah";203;19,32;13,38;-;-
17311;"Domba, Australia, impor, segar, pinggang, lemak dan lemak yang dapat dipisahkan, dipangkas hingga 1/8"" lemak, dimasak, dipanggang";219;25,49;12,25;-;-
17312;"Domba, Australia, impor, segar, pinggang, hanya lean terpisah, dipangkas menjadi 1/8"" lemak, mentah";146;21;6,24;-;-
17313;"Domba, Australia, impor, segar, pinggang, hanya lean terpisah, dipangkas menjadi 1/8"" lemak, dimasak, dipanggang";192;26,53;8,75;-;-
17314;"Domba, Australia, impor, segar, iga / rak panggang, Prancis, tulang-dalam, lemak dan lemak yang dapat dipisahkan, dipangkas menjadi 1/8"" lemak, mentah";237;21,26;16,89;-;-
17315;"Domba, Australia, impor, segar, iga, Prancis, tulang-dalam, lemak dan terpisah, dipangkas menjadi 1/8"" lemak, dimasak, dipanggang";305;28,48;21,2;-;-
17316;"Domba, Australia, impor, segar, iga / rak panggang, Prancis, tulang-dalam, hanya lean terpisah, dipangkas menjadi lemak 1/8"", mentah";147;24,07;5,59;-;-
17317;"Domba, Australia, impor, segar, iga, Prancis, tulang-dalam, hanya dapat dipisahkan, dipangkas menjadi 1/8"" lemak, dimasak, dipanggang";234;32,16;11,68;-;-
17318;"Domba, Australia, impor, segar, bahu, utuh (lengan dan pisau), dapat dipisahkan lemak dan lemaknya, dipangkas hingga 1/8"" lemak, mentah";256;16,68;20,47;-;-
17319;"Domba, Australia, impor, segar, bahu, utuh (lengan dan pisau), dapat dipisahkan lemak dan lemaknya, dipangkas menjadi 1/8"" lemak, dimasak";296;23,58;21,65;-;-
17320;"Domba, Australia, impor, segar, bahu, utuh (lengan dan pisau), hanya ramping dapat dipisahkan, dipangkas menjadi 1/8"" lemak, mentah";155;19,36;8,01;-;-
17321;"Domba, Australia, impor, segar, bahu, utuh (lengan dan pisau), hanya lean saja yang dapat dipisahkan, dipangkas hingga 1/8"" lemak, dimasak";233;26,18;13,44;-;-
17322;"Domba, Australia, impor, segar, bahu, lengan, ramping dan lemak yang dapat dipisahkan, dipangkas menjadi 1/8"" lemak, mentah";243;17,06;18,89;-;-
17323;"Domba, Australia, impor, segar, bahu, lengan, ramping dan lemak terpisah, dipangkas menjadi 1/8"" lemak, dimasak, direbus";311;29,7;20,38;-;-
17324;"Domba, Australia, impor, segar, bahu, lengan, hanya lean terpisah, dipangkas menjadi 1/8"" lemak, mentah";137;19,88;5,81;-;-
17325;"Domba, Australia, impor, segar, bahu, lengan, ramping hanya dipisahkan, dipangkas menjadi 1/8"" lemak, dimasak, direbus";238;34,17;10,23;-;-
17326;"Domba, Australia, impor, segar, bahu, pisau, ramping dan lemak yang dapat dipisahkan, dipangkas menjadi 1/8"" lemak, mentah";262;16,48;21,28;-;-
17327;"Domba, Australia, impor, segar, bahu, pisau, ramping dan lemak terpisah, dipangkas untuk 1/8"" lemak, dimasak, panggang";291;21,71;22,03;-;-
17328;"Domba, Australia, impor, segar, bahu, bilah, hanya lean terpisah, dipangkas menjadi 1/8"" lemak, mentah";164;19,1;9,09;-;-
17329;"Domba, Australia, impor, segar, bahu, pisau, lean hanya dipisahkan, dipangkas menjadi 1/8"" lemak, dimasak, panggang";231;23,83;14,38;-;-
17330;Daging buruan, bison, ditumbuk, mentah;223;18,67;15,93;-;-
17331;Daging buruan, bison, ditumbuk, dimasak, ditumis;238;23,77;15,13;-;-
17332;"Daging buruan, bison, sirloin atas, hanya lean terpisah, steak 1"", dimasak, dipanggang";171;28,05;5,65;-;-
17333;Daging buruan, bison, chuck, gumpalan bahu, hanya lean terpisah, ? 3-5 panggang, dimasak, direbus;193;33,78;5,43;-;-
17334;Daging buruan, bison, chuck, gumpalan bahu, hanya lean yang dapat dipisahkan, 3-5 lb panggang, mentah;119;21,12;3,15;-;-
17335;"Daging buruan, bison, ribeye, hanya dapat dipisahkan tanpa lemak, steak 1"", dimasak, dipanggang";177;29,45;5,67;-;-
17336;"Daging buruan, bison, putaran atas, hanya dapat dipisahkan tanpa lemak, steak 1"", dimasak, dipanggang";174;30,18;4,96;-;-
17337;"Daging buruan, bison, putaran atas, hanya lean yang dapat dipisahkan, steak 1"", mentah";122;23,32;2,43;-;-
17338;Daging buruan, rusa besar, tanah, mentah;172;21,76;8,82;-;-
17339;Daging buruan, rusa, tanah, dimasak, ditumis;193;26,64;8,74;-;-
17340;Daging buruan, rusa, pinggang, hanya bisa dipisahkan tanpa lemak, dimasak, dipanggang;167;31;3,84;-;-
17341;Daging buruan, rusa, bulat, hanya dapat dipisahkan tanpa lemak, dimasak, dipanggang;156;30,94;2,64;-;-
17342;Daging buruan, rusa, tenderloin, hanya bisa dipisahkan tanpa lemak, dimasak, dipanggang;162;30,76;3,41;-;-
17343;Daging buruan, rusa, tanah, mentah;157;21,78;7,13;-;-
17344;Daging buruan, rusa, ditumbuk, dimasak, ditumis;187;26,45;8,22;-;-
17345;"Daging buruan, rusa, pinggang, hanya lean yang dapat dipisahkan, steak 1"", dimasak, dipanggang";150;30,2;2,38;-;-
17346;Daging buruan, rusa, gumpalan bahu, hanya bisa dipisah-pisahkan, 3-5 lb panggang, dimasak, direbus;191;36,28;3,95;-;-
17347;Daging buruan, rusa, tenderloin, hanya dapat dipisahkan tanpa lemak, panggang 0,5-1 lb, dimasak, dipanggang;149;29,9;2,35;-;-
17348;"Daging buruan, rusa, putaran atas, hanya lean terpisah, steak 1"", dimasak, dipanggang";152;31,47;1,92;-;-
17349;Daging sapi muda, Australia, betis, kedepan, tulang-dalam, lean terpisah saja, mentah;123;20,18;4,65;-;-
17350;Daging sapi muda, Australia, betis, kedepan, tulang-dalam, ramping dan lemak terpisah, mentah;145;19,58;7,42;-;-
17351;Daging sapi muda, Australia, betis, belakang, tulang-dalam, lean terpisah saja, mentah;122;20,37;4,47;-;-
17352;Daging sapi muda, Australia, betis, belakang, kurus, dan ramping;144;19,78;7,2;-;-
17353;Domba, Australia, tanah, 85% kurus / 15% lemak, mentah;255;17,14;20,71;-;-
17354;Domba, Selandia Baru, impor, lemak intermuskular, dimasak;596;8,53;62,44;-;-
17355;Domba, Selandia Baru, impor, lemak intermuskular, mentah;640;4,63;68,53;1,26;-
17356;Domba, Selandia Baru, impor, lemak subkutan, mentah;703;3,87;76,16;0,55;-
17357;Domba, Selandia Baru, impor, otak, dimasak, direndam, dan digoreng;154;14,03;10,92;-;-
17358;Domba, Selandia Baru, impor, otak, mentah;118;11,33;8,03;-;-
17359;Domba, Selandia Baru, impor, Dada, hanya dapat dipisahkan tanpa lemak, dimasak, direbus;270;28,16;17,53;-;-
17360;Domba, Selandia Baru, impor, Dada, hanya dapat dipisahkan tanpa lemak, mentah;149;18,31;7,98;1,02;-
17361;Domba, Selandia Baru, impor, gemuk, tanpa tulang, hanya bersandar terpisah, dimasak, dipanggang cepat;142;23,69;5,27;-;-
17362;Domba, Selandia Baru, impor, lemak subkutan, dimasak;674;5,24;72,28;0,62;-
17363;Domba, Selandia Baru, impor, gemuk, tanpa tulang, hanya bersandar ramping, mentah;121;21,68;3,83;-;-
17364;Domba, Selandia Baru, impor, ginjal, dimasak, direndam, dan digoreng;112;19,78;3,56;0,18;-
17365;Domba, Selandia Baru, impor, dikepakkan, tanpa tulang, hanya dapat dipisahkan tanpa lemak, dimasak, direbus;234;27,88;13,6;-;-
17366;Domba, Selandia Baru, impor, flap, tanpa tulang, hanya dapat dipisahkan lean, mentah;180;21,72;10,31;-;-
17367;Domba, Selandia Baru, impor, ginjal, mentah;84;15,21;2,54;0,03;-
17368;Domba, Selandia Baru, impor, hati, dimasak, direndam, dan digoreng;168;25,8;6,56;1,48;-
17369;Domba, Selandia Baru, impor, hati, mentah;136;20,7;4,92;2,22;-
17370;Domba, Selandia Baru, impor, domba giling, dimasak, direbus;192;22,6;11,34;-;-
17371;Domba, Selandia Baru, impor, domba giling, mentah;193;20,33;12,41;-;-
17372;Domba, Selandia Baru, impor, jantung, dimasak, direndam, dan direbus;161;26,26;6,21;-;-
17373;Domba, Selandia Baru, impor, jantung, mentah;105;18,09;3,68;-;-
17374;Domba, Selandia Baru, impor, roti manis, dimasak, direndam, dan direbus;144;21,13;6,61;-;-
17375;Domba, Selandia Baru, impor, roti manis, mentah;72;11;3,16;-;-
17376;Domba, Selandia Baru, impor, testis, dimasak, direndam, dan digoreng;125;21,01;4,56;-;-
17377;Domba, Selandia Baru, impor, testis, mentah;68;11,4;2,38;0,14;-
17378;Domba, Selandia Baru, impor, potongan lidah, dimasak, direndam dan direbus;272;17,51;22,04;0,86;-
17379;Domba, Selandia Baru, impor, potong lidah - swiss, mentah;225;14,27;18,61;-;-
17380;Domba, Selandia Baru, impor, kaki bertulang terowongan, gemuk, langsing, hanya bersandar terpisah, dimasak, dipanggang perlahan;159;25,29;6,44;-;-
17381;Domba, Selandia Baru, impor, kaki bertulang terowongan, chump off, shank off, hanya lean leanable, mentah;121;20,93;4,09;-;-
17382;Daging domba, Selandia Baru, impor, potongan bahu, dipotong miring saja, dimasak, direbus;255;31,06;14,56;-;-
17383;Daging domba, Selandia Baru, impor, potongan bahu, dipotong miring saja, mentah;164;20,62;9,08;-;-
17384;Domba, Selandia Baru, impor, tenderloin, hanya dapat dipisahkan tanpa lemak, dimasak, digoreng cepat;155;27,94;4,81;-;-
17385;Domba, Selandia Baru, impor, tenderloin, hanya lean yang dapat dipisahkan, mentah;116;20,53;3,81;-;-
17386;Domba, Selandia Baru, impor, pelana pinggang, hanya dapat dipisahkan tanpa lemak, dimasak, dipanggang dengan cepat;162;25,53;6,7;-;-
17387;Domba, Selandia Baru, impor, pelana pinggang, hanya dapat dipisahkan tanpa lemak, mentah;131;20,86;5,32;-;-
17388;Domba, Selandia Baru, impor, pinggang, tanpa tulang, hanya dapat dipisahkan tanpa lemak, dimasak, dipanggang dengan cepat;156;28,99;4,49;-;-
17389;Domba, Selandia Baru, impor, pinggang, tanpa tulang, hanya dapat dipisahkan lean, mentah;120;21,5;3,77;-;-
17390;Domba, Selandia Baru, impor, belakang betis, hanya dapat dipisah, dimasak, direbus;196;32,5;7,37;-;-
17391;Domba, Selandia Baru, impor, belakang betis, hanya dapat dipisahkan lean, mentah;115;20,4;3,35;0,73;-
17392;Domba, Selandia Baru, impor, potongan leher, hanya lean dapat dipisahkan, mentah;151;19,84;7,97;-;-
17393;Domba, Selandia Baru, impor, potongan daging, hanya bisa dipisahkan tanpa lemak, dimasak, direbus;264;31,4;15,36;-;-
17394;Domba, Selandia Baru, bahu impor, terjaring, digulung, tanpa tulang, hanya bersandar terpisah, dimasak, dipanggang perlahan;199;25,14;10,91;-;-
17395;Domba, Selandia Baru, bahu impor, terjaring, berguling, tanpa tulang, hanya bersandar bebas, mentah;143;20,2;6,88;-;-
17396;Domba, Selandia Baru, impor, rak - sepenuhnya Prancis, hanya dapat dipisah tanpa lemak, dimasak, dipanggang cepat;173;24,39;8,38;-;-
17397;Domba, Selandia Baru, impor, rak - sepenuhnya Prancis, hanya dapat dipisahkan lean, mentah;147;20,61;7,12;-;-
17398;Domba, Selandia Baru, impor, potongan pinggang, hanya bisa dipisahkan tanpa lemak, dimasak, digoreng cepat;208;27,43;10,7;0,41;-
17399;Domba, Selandia Baru, impor, bahu berpotongan persegi, hanya lean yang dapat dipisahkan, dimasak, dipanggang perlahan;192;25,08;10,13;-;-
17400;Domba, Selandia Baru, impor, cincang / steak, tulang-dalam, hanya bisa dipisahkan, dimasak, digoreng cepat;162;26,31;6,35;-;-
17401;Domba, Selandia Baru, impor, dikepakkan, tanpa tulang, dapat dipisahkan lemak dan lemaknya, dimasak, direbus;376;20,48;32,63;0,14;-
17402;Domba, Selandia Baru, impor, flap, tanpa tulang, ramping dan lemak dapat dipisahkan, mentah;337;16,17;30,14;0,27;-
17403;Domba, Selandia Baru, impor, betis belakang, dapat dipisahkan lemak dan lemaknya, dimasak, direbus;247;29,59;14,22;0,04;-
17404;Domba, Selandia Baru, impor, betis belakang, ramping dan lemak terpisah, mentah;186;18,39;12,12;0,73;-
17405;Daging domba, Selandia Baru, impor, cincang / steak, tulang-dalam, lemak dan lemak terpisah, dimasak, digoreng cepat;212;24,26;12,76;0,04;-
17406;Daging domba, Selandia Baru, impor, potongan pinggang, lemak dan lemak terpisah, dimasak, digoreng cepat;332;21,5;27,11;0,41;-
17407;Domba, Selandia Baru, impor, pelana pinggang, lemak dan lemak yang dapat dipisahkan, dimasak, dipanggang cepat;274;21,13;20,98;0,1;-
17408;Domba, Selandia Baru, impor, pelana pinggang, ramping dan lemak terpisah, mentah;273;16,56;22,9;0,2;-
17409;Domba, Selandia Baru, impor, pinggang, tanpa tulang, dapat dipisahkan lemak dan lemak, dimasak, dipanggang cepat;157;28,96;4,57;-;-
17410;Domba, Selandia Baru, impor, pinggang, tanpa tulang, dapat dipisahkan lemak dan lemak, mentah;122;21,44;3,99;-;-
17411;Daging domba, Selandia Baru, impor, daging leher, lemak dan lemak yang dapat dipisahkan, dimasak, direbus;307;28,53;21,43;0,03;-
17412;Domba, Selandia Baru, impor, leher, terpisah ramping dan gemuk, mentah;231;17,43;17,9;0,14;-
17413;Domba, Selandia Baru, bahu impor, terjaring, digulung, tanpa tulang, ramping dan gemuk terpisah, dimasak, dipanggang perlahan;287;21,45;22,33;0,05;-
17414;Domba, Selandia Baru, bahu impor, terjaring, digulung, tanpa tulang, ramping dan gemuk terpisah, mentah;252;16,9;20,36;0,2;-
17415;Daging domba, Selandia Baru, impor, potongan bahu, dipotong ramping dan gemuk, dimasak, direbus;322;26,79;23,86;0,05;-
17416;Daging domba, Selandia Baru, impor, potongan bahu, dipotong ramping dan gemuk, mentah;275;17,02;22,84;0,23;-
17417;Domba, Selandia Baru, impor, bahu berpotongan persegi, ramping dan berlemak, dimasak, dipanggang perlahan;294;20,88;23,39;0,03;-
17418;Domba, Selandia Baru, impor, tenderloin, dapat dipisahkan lemak dan lemaknya, dimasak, digoreng cepat;157;27,87;5;-;-
17419;Domba, Selandia Baru, impor, rak - sepenuhnya Prancis, dapat dipisahkan lemak dan lemak, dimasak, dipanggang cepat;195;23,56;11,2;0,01;-
17420;Domba, Selandia Baru, impor, rak - sepenuhnya Prancis, dapat dipisahkan lemak dan lemak, mentah;169;19,88;9,96;0,05;-
17421;Domba, Selandia Baru, impor, kaki bertulang terowongan, gemuk, langsing, lemak dan lemak yang terpisah, dimasak, dipanggang perlahan;208;23,41;12,68;0,03;-
17422;Domba, Selandia Baru, impor, kaki bertulang terowongan, chump off, shank off, lemak dan lemak terpisah, mentah;121;20,93;4,09;-;-
17423;Domba, Selandia Baru, impor, tenderloin, dapat dipisahkan lemak dan lemaknya, mentah;120;20,43;4,22;0,01;-
17424;Daging sapi muda, ditumbuk, dimasak, digoreng;215;25,83;11,78;1,51;-
17425;Daging sapi muda, kaki, putaran atas, tutup, potongan, tanpa tulang, dimasak, dipanggang;151;31,89;2,63;-;-
17426;Daging sapi muda, kaki, putaran atas, tutup, potongan, tanpa tulang, mentah;107;22,07;2,07;-;-
17427;Daging sapi muda, pinggang, cincang, hanya dapat dipisahkan tanpa lemak, dimasak, dipanggang;159;29,75;4,44;0,07;-
17428;Daging sapi muda, betis, hanya lean yang dapat dipisahkan, mentah;94;19,77;1,64;-;-
17429;Daging sapi muda, foreshank, osso buco, hanya dapat dipisahkan tanpa lemak, dimasak, direbus;157;29,12;4,51;-;-
17430;Daging sapi muda, bahu, potongan pisau, hanya lean yang dapat dipisahkan, dimasak, dipanggang;159;27,33;5,53;-;-
17431;Daging sapi muda, hanya lemak luar, mentah;503;8,85;51,6;0,89;-
17432;Daging sapi muda, hanya lemak luar, dimasak;540;15,28;53,23;-;-
17433;Daging sapi muda, hanya jahitan lemak, mentah;444;12,53;43,75;-;-
17434;Daging sapi muda, hanya jahitan lemak, dimasak;505;11,16;50,17;2,11;-
17435;Daging sapi muda, betis, ramping dan lemak terpisah, mentah;107;19,28;3,3;-;-
17436;Daging sapi muda, foreshank, osso buco, dapat dipisahkan lemak dan lemaknya, dimasak, direbus;182;27,94;7,77;0,11;-
17437;Daging sapi muda, pinggang, cincang, lemak dan lemak yang dapat dipisahkan, dimasak, dipanggang;198;28,04;9,48;0,16;-
17438;Daging sapi muda, pundak, potongan pisau, dapat dipisahkan lemak dan lemaknya, dimasak, dipanggang;199;25,72;10,57;0,15;-
17439;"Domba, Australia, impor, segar, kaki, bawah, tanpa tulang, hanya lean terpisah, dipangkas menjadi 1/8"" lemak, dimasak, dipanggang";190;28,6;8,35;-;-
17440;"Domba, Australia, impor, segar, kaki, hindshank, tumit, tulang-dalam, lean saja yang dapat dipisahkan, dipangkas hingga 1/8"" lemak, dimasak, direbus";174;30,73;5,63;-;-
17441;"Domba, Australia, impor, segar, kaki, hindshank, tumit, tulang-in, lean terpisah, dipangkas menjadi 1/8"" lemak, mentah";122;22,49;3,53;-;-
17442;"Domba, Australia, impor, segar, tenderloin, tanpa tulang, hanya tanpa lemak yang dapat dipisahkan, dipangkas hingga 1/8"" lemak, dimasak, dipanggang";184;30,97;6,71;-;-
17443;"Domba, Australia, impor, segar, tenderloin, tanpa tulang, hanya lean terpisah, dipangkas menjadi 1/8"" lemak, mentah";136;23,42;4,73;-;-
17444;"Domba, Australia, impor, segar, kaki, bawah, tanpa tulang, ramping hanya dipisahkan, dipangkas menjadi 1/8"" lemak, mentah";136;22,28;5,24;-;-
17445;"Domba, Australia, impor, segar, kaki, pengusir, tulang-dalam, lean saja yang dapat dipisahkan, dipangkas menjadi 1/8"" lemak, dimasak, dipanggang";215;32,08;9,59;-;-
17446;"Domba, Australia, impor, segar, kaki, lompat, tulang-dalam, hanya bersandar terpisah, dipangkas menjadi 1/8"" lemak, mentah";131;23,11;4,33;-;-
17447;"Domba, Australia, impor, segar, rak, panggang, Prancis, gundul, tulang-in, hanya lean terpisah, dipangkas menjadi 0"" lemak, dimasak, dipanggang";175;26,52;7,63;-;-
17448;"Domba, Australia, impor, segar, rak, dipanggang, Prancis, tulang-in, hanya lean terpisah, dipangkas menjadi 1/8"" lemak, dimasak, dipanggang";244;28,01;14,64;-;-
17449;Domba, Australia, impor, segar, lemak luar, dimasak;538;16,9;52,3;-;-
17450;Domba, Australia, impor, segar, lemak eksternal, mentah;487;12,59;48,5;-;-
17451;Domba, Australia, impor, segar, jahitan lemak, dimasak;554;13,81;54,72;1,55;-
17452;Domba, Australia, impor, segar, lemak jahitan, mentah;459;15,65;44,01;-;-
17453;"Domba, Australia, impor, segar, kaki, bawah, tanpa tulang, lemak dan lemak yang dapat dipisahkan, dipangkas hingga 1/8"" lemak, dimasak, dipanggang";219;27,54;12,04;-;-
17454;"Domba, Australia, impor, segar, kaki, bawah, tanpa tulang, ramping dan lemak terpisah, dipangkas menjadi 1/8"" lemak, mentah";187;20,97;11,43;-;-
17455;"Domba, Australia, impor, segar, kaki, hindshank, tumit, tulang-in, lemak dan lemak yang dapat dipisahkan, dipangkas hingga 1/8"" lemak, dimasak, direbus";204;29,52;9,5;-;-
17456;"Domba, Australia, impor, segar, kaki, hindshank, tumit, tulang-in, lemak dan lemak terpisah, dipangkas menjadi 1/8"" lemak, mentah";196;20,58;12,68;-;-
17457;"Domba, Australia, impor, segar, kaki, trotter off, tulang-dalam, lemak dan lemak yang dapat dipisahkan, dipangkas menjadi 1/8"" lemak, dimasak, dipanggang";226;30,15;11,64;0,08;-
17458;"Domba, Australia, impor, segar, kaki, trotter off, tulang-in, terpisah ramping dan lemak, dipangkas menjadi 1/8"" lemak, mentah";175;21,95;9,73;-;-
17459;"Domba, Australia, impor, segar, tenderloin, tanpa tulang, lemak dan lemak yang dapat dipisahkan, dipangkas hingga 1/8"" lemak, dimasak, dipanggang";187;30,87;7,02;-;-
17460;"Domba, Australia, impor, segar, tenderloin, tanpa tulang, lemak dan lemak yang dapat dipisahkan, dipangkas hingga 1/8"" lemak, mentah";143;23,23;5,52;-;-
17461;"Domba, Australia, impor, segar, tulang iga, Prancis, gundul, tulang-in, hanya lean terpisah, dipangkas menjadi 0"" lemak, dimasak, panggang";236;33,17;11,5;-;-
17462;"Domba, Australia, impor, segar, rak, panggang, dipanggang, digunduli, tulang-dalam, lemak dan lemak yang dapat dipisahkan, dipangkas hingga 0"" lemak, dimasak, dipanggang";193;25,95;9,91;-;-
17463;"Domba, Australia, impor, segar, rak, panggang, Prancis, tulang-in, lemak dan terpisah, dipangkas menjadi 1/8"" lemak, dimasak, dipanggang";291;25,96;20,77;-;-
17464;"Domba, Australia, impor, segar, iga, Prancis, gundul, tulang, lemak dan lemak yang dapat dipisahkan, dipangkas hingga 0"" lemak, dimasak, dipanggang";276;30,9;16,96;-;-
18001;Bagel, polos, diperkaya, dengan kalsium propionat (termasuk bawang, apiun, wijen);264;10,56;1,32;52,38;1,6
18002;Bagel, tawar, diperkaya, dengan kalsium propionat (termasuk bawang, apiun, wijen), dipanggang;287;11,14;1,43;57,39;1,8
18003;Bagel, telur;278;10,6;2,1;53;2,3
18005;Bagel, kayu manis-kismis;274;9,8;1,7;55,2;2,3
18006;Bagel, kayu manis, kismis, dipanggang;294;10,6;1,8;59,3;2,5
18007;Bagel, oat bran;255;10,7;1,2;53,3;3,6
18009;Biskuit, polos atau buttermilk, beku, dipanggang;338;6,2;11,03;53,87;1,3
18010;Biskuit, polos atau buttermilk, campuran kering;428;8;15,4;63,4;2,1
18011;Biskuit, polos atau buttermilk, campuran kering, disiapkan;335;7,3;12,1;48,4;1,8
18012;Biskuit, polos atau buttermilk, adonan dingin, lemak rendah;270;6,7;7,83;43,7;2
18013;Biskuit, polos atau buttermilk, adonan dingin, lemak rendah, dipanggang;319;7,8;9,1;51,6;2,3
18014;Biskuit, polos atau buttermilk, adonan dingin, lemak lebih tinggi;307;6,66;10,58;46,32;0,7
18015;Biskuit, polos atau buttermilk, adonan dingin, lemak lebih tinggi, dipanggang;324;6,79;11,22;49,05;2,8
18016;Biskuit, polos atau buttermilk, dibuat dari resep;353;7;16,3;44,6;1,5
18017;Biskuit, campuran gandum, adonan dingin;263;6,1;5,6;47,4;-
18019;Roti, pisang, dibuat dari resep, dibuat dengan margarin;326;4,3;10,5;54,6;1,1
18021;Roti, boston brown, kalengan;195;5,2;1,5;43,3;4,7
18022;Roti, roti jagung, campuran kering, diperkaya (termasuk campuran jagung muffin);418;7;12,2;69,5;6,5
18023;Roti, roti jagung, campuran kering, disiapkan dengan susu 2%, margarin 80%, dan telur;330;6,59;9,58;54,46;2,3
18024;Roti, roti jagung, dibuat dari resep, dibuat dengan susu rendah lemak (2%);266;6,7;7,1;43,5;-
18025;Roti, gandum pecah;260;8,7;3,9;49,5;5,5
18027;Roti, telur;287;9,5;6;47,8;2,3
18028;Roti, telur, dipanggang;315;10,5;6,6;52,6;2,5
18029;Roti, perancis atau vienna (termasuk penghuni pertama);272;10,75;2,42;51,88;2,2
18030;Roti, perancis atau vienna, dipanggang (termasuk penghuni pertama);319;13;2,14;61,93;3,1
18032;Roti, soda Irlandia, dibuat dari resep;290;6,6;5;56;2,6
18033;Roti, italia;271;8,8;3,5;50,1;3,2
18036;Roti, multi-gandum, panggang (termasuk gandum);288;14,52;4,6;47,11;8,1
18037;Roti, dedak gandum;236;10,4;4,4;39,8;4,5
18038;Roti, dedak gandum, dipanggang;259;11,4;4,8;43,7;4,9
18039;Roti, oatmeal;269;8,4;4,4;48,5;4
18040;Roti, oatmeal, dipanggang;292;9,2;4,8;52,7;4,3
18041;Roti, pita, putih, diperkaya;275;9,1;1,2;55,7;2,2
18042;Roti, pita, gandum utuh;262;9,8;1,71;55,89;6,1
18043;Roti, protein (termasuk gluten);245;12,1;2,2;43,8;3
18044;Roti, pumpernickel;250;8,7;3,1;47,5;6,5
18045;Roti, pumpernickel, dipanggang;275;9,5;3,4;52,2;7,1
18047;Roti, kismis, diperkaya;274;7,9;4,4;52,3;4,3
18048;Roti, kismis, diperkaya, dipanggang;297;8,6;4,8;56,9;4,7
18049;Roti, rendah kalori, bekatul gandum;201;8;3,2;41,3;12
18050;Roti, dikurangi kalori, bekatul gandum, dipanggang;239;9,5;3,8;49,2;14,3
18051;Roti, dikurangi kalori, oatmeal;210;7,6;3,5;43,3;-
18053;Roti, dikurangi kalori, gandum hitam;203;9,1;2,9;40,5;12
18055;Roti, dikurangi kalori, gandum;217;13,32;2,92;42,47;11,1
18057;Roti, dikurangi kalori, putih;207;8,7;2,5;44,3;9,7
18059;Roti, bekatul;243;8,9;4,6;43,5;4,9
18060;Roti, gandum hitam;259;8,5;3,3;48,3;5,8
18061;Roti, gandum hitam, panggang;284;9,4;3,6;53,1;6,4
18064;Roti, gandum;274;10,67;4,53;47,54;4
18065;Roti, gandum, dipanggang;313;12,96;4,27;55,77;4,7
18066;Roti, butir gandum;248;8,8;3,4;47,8;4
18069;Roti, putih, disiapkan secara komersial (termasuk remah roti lunak);266;8,85;3,33;49,42;2,7
18070;Roti, putih, disiapkan secara komersial, dipanggang;290;9;4;54,5;2,9
18071;Roti, putih, dibuat dari resep, dibuat dengan susu kering tanpa lemak;274;7,7;2,6;53,6;2
18073;Roti, putih, dibuat dari resep, dibuat dengan susu rendah lemak (2%);285;7,9;5,7;49,6;2
18075;Roti, gandum utuh, disiapkan secara komersial;252;12,45;3,5;42,71;6
18076;Roti, gandum utuh, disiapkan secara komersial, dipanggang;306;16,27;4,07;51,16;7,5
18077;Roti, gandum utuh, dibuat dari resep;278;8,4;5,4;51,4;6
18078;Roti, gandum utuh, dibuat dari resep, dipanggang;305;9,2;5,9;56,4;6,7
18079;Remah roti, dikeringkan, parut, tawar;395;13,35;5,3;71,98;4,5
18080;Sticks roti, polos;412;12;9,5;68,4;3
18081;Isian roti, roti, campuran kering;386;11;3,4;76,2;3,2
18082;Isian roti, roti, campuran kering, disiapkan;195;2,73;12,05;18,84;0,8
18084;Isian roti, roti jagung, campuran kering;389;10;4,2;76,7;14,3
18085;Isian roti, roti jagung, campuran kering, disiapkan;179;2,9;8,8;21,9;2,9
18086;Kue, angelfood, disiapkan secara komersial;258;5,9;0,8;57,8;1,5
18087;Kue, angelfood, campuran kering;366;6,4;0,27;86,13;0,5
18088;Kue, angelfood, campuran kering, disiapkan;257;6,1;0,3;58,7;0,2
18090;Kue, boston cream pie, disiapkan secara komersial;252;2,4;8,5;42,9;1,4
18092;Kue, jenis puding, wortel, campuran kering;415;5,1;9,8;79,2;-
18095;Kue, cherry fudge dengan chocolate frosting;264;2,4;12,5;38;0,5
18096;Kue, coklat, disiapkan secara komersial dengan cokelat Frostings, di dalam toko roti;389;3,48;20,05;52,84;2,2
18097;Kue, jenis puding, cokelat, campuran kering;391;4,6;8,14;80,16;2,3
18101;Kue, cokelat, dibuat dari resep tanpa hiasan;371;5,3;15,1;53,4;1,6
18102;Kue, putih, disiapkan dari resep dengan frosting kelapa;356;4,4;10,3;63,2;1
18103;Coffeecake, keju;339;7;15,2;44,3;1
18104;Coffeecake, kayu manis dengan topping remah, disiapkan secara komersial, diperkaya;418;6,8;23,3;46,7;2
18105;Coffeecake, diisi creme dengan chocolate frosting;331;5;10,8;53,8;2
18106;Coffeecake, buah;311;5,2;10,2;51,5;2,5
18107;Coffeecake, kayu manis dengan topping remah, campuran kering;436;4,8;12;77,7;1,8
18108;Coffeecake, kayu manis dengan topping remah, campuran kering, disiapkan;318;5,5;9,6;52,8;1,2
18110;Kue, kue buah, disiapkan secara komersial;324;2,9;9,1;61,6;3,7
18112;Kue, jenis puding, cokelat Jerman, campuran kering;350;4,17;3,24;81,25;2,1
18114;Kue, roti jahe, campuran kering;437;4,4;13,8;74,6;1,7
18116;Kue, roti jahe, disiapkan dari resep;356;3,9;16,4;49,2;-
18117;Kue, jenis puding, marmer, campuran kering;416;3,4;11,7;79,5;2,9
18119;Kue, nanas terbalik, disiapkan dari resep;319;3,5;12,1;50,5;0,8
18120;Kue, pon, disiapkan secara komersial, mentega (termasuk segar dan beku);353;5;13,96;53,64;0,6
18121;Kue, pound, disiapkan secara komersial, selain semua mentega, diperkaya;389;5,2;17,9;52,5;1
18126;Kue, kue pendek, biskuit, disiapkan dari resep;346;6,1;14,2;48,5;-
18127;Kue, kue camilan, diisi creme, cokelat dengan hiasan;399;3,63;15,93;60,31;3,2
18128;Kue, kue camilan, diisi creme, spons;374;3,47;11,54;64,03;1
18131;Kue, putih, campuran kering, makanan khusus (termasuk rasa lemon);397;3;8,4;79,6;-
18133;Kue, spon, disiapkan secara komersial;290;5,4;2,7;61;0,5
18134;Kue, spons, disiapkan dari resep;297;7,3;4,3;57,7;-
18135;Kue, jenis puding, putih, diperkaya, campuran kering;423;3,9;9,5;80,9;0,7
18139;Kue, putih, dibuat dari resep tanpa hiasan;357;5,4;12,4;57,2;0,8
18140;Kue, kuning, disiapkan secara komersial, dengan cokelat Frostings, di dalam roti;379;3,16;17,75;55,36;1,5
18141;Kue, kuning, disiapkan secara komersial, dengan vanilla frosting;391;2,99;17,91;56,2;0,3
18142;Kue, jenis puding, kuning, campuran kering;423;4;9,8;80;0,7
18144;Kue, kuning, diperkaya, campuran kering;374;3,7;3,5;81,92;1,2
18146;Kue, kuning, dibuat dari resep tanpa hiasan;361;5,3;14,6;53;0,7
18147;Cheesecake disiapkan secara komersial;321;5,5;22,5;25,5;0,4
18148;Kue keju dibuat dari campuran, jenis tanpa panggang;274;5,5;12,7;35,5;1,9
18151;Kue, brownies, disiapkan secara komersial;405;4,8;16,3;63,9;2,1
18152;Kue, brownies, campuran kering, teratur;434;4;14,9;76,6;-
18154;Kue, brownies, dibuat dari resep;466;6,2;29,1;50,2;-
18155;Kue, mentega, disiapkan secara komersial, diperkaya;467;6,1;18,8;68,9;0,8
18156;Kue, fudge, jenis kue (termasuk kue troli);349;5;3,7;78,3;2,8
18157;Kue kering, kue cokelat;433;6,6;14,2;72,7;3,4
18158;Cookies, chocolate chip, disiapkan secara komersial, teratur, lebih rendah lemak;451;5,97;17,91;67,49;3
18159;Cookies, chocolate chip, disiapkan secara komersial, teratur, lebih tinggi lemak, diperkaya;492;5,1;24,72;65,36;2
18160;Kue kering, chip coklat, disiapkan secara komersial, jenis lunak;444;3,63;19,77;65,75;1,8
18161;Kue kering, chip coklat, campuran kering;497;4,6;25,2;66,1;-
18163;Kue, chip coklat, adonan dingin;451;3,98;21,33;61,02;1,5
18164;Kue, chip coklat, adonan dingin, dipanggang;492;4,9;22,6;68,2;1,7
18165;Cookies, chocolate chip, dibuat dari resep, dibuat dengan margarin;488;5,7;28,3;58,4;2,8
18166;Kue kering, roti lapis coklat, dengan isian creme, teratur;464;5,21;19,14;71;2,9
18167;Kue kering, roti lapis coklat, dengan isian creme, biasa, dilapisi cokelat;481;3,6;26,4;66,4;5,2
18168;Kue kering, roti lapis coklat, dengan isian creme ekstra;497;4,33;24,52;68,2;2,7
18170;Kue, bilah ara;348;3,7;7,3;70,9;4,6
18171;Kue, keberuntungan;378;4,2;2,7;84;1,6
18172;Kue, roti jahe;416;5,6;9,8;76,9;2,2
18173;Kue kering, biskuit graham, polos atau madu (termasuk kayu manis);430;6,69;10,6;77,66;3,4
18174;Kue kering, biskuit graham, dilapisi cokelat;500;4;25,8;66,78;2,2
18175;Cookies, ladyfingers, dengan jus lemon dan kulitnya;365;10,6;9,1;59,7;1
18176;Kue, marshmallow, dilapisi cokelat (termasuk kue marshmallow);421;4;16,9;67,7;2
18177;Kue, sirup gula;430;5,6;12,8;73,8;1
18178;Kue, oatmeal, disiapkan secara komersial, teratur;450;6,2;18,1;68,7;2,8
18179;Kue, oatmeal, olahan komersial, jenis lunak;409;6,1;14,7;65,7;2,7
18180;Kue kering, oatmeal, campuran kering;462;6,5;19,2;67,3;-
18182;Kue, oatmeal, adonan dingin;424;5,4;18,9;59,1;2,5
18183;Kue, oatmeal, adonan dingin, dipanggang;471;6;21;65,7;2,8
18184;Kue kering, oatmeal, dibuat dari resep, dengan kismis;435;6,5;16,2;68,4;-
18185;Kue, selai kacang, disiapkan secara komersial, teratur;473;8,92;23,82;58,15;2,1
18186;Kue, selai kacang, disiapkan secara komersial, jenis lunak;457;5,3;24,4;57,7;1,7
18187;Kue, selai kacang, adonan dingin;458;8,2;25;52,1;1,1
18188;Kue, selai kacang, adonan dingin, dipanggang;503;9,1;27,5;57,3;1,2
18189;Kue kering, selai kacang, dibuat dari resep;475;9;23,8;58,9;-
18190;Kue kering, roti lapis selai kacang, biasa;478;8,8;21,1;65,6;1,9
18191;Kue, kismis, tipe lunak;401;4,1;13,6;68;1,2
18192;Kue kering, roti lapis, disiapkan secara komersial, polos;514;5,37;26,22;63,78;1,3
18193;Kue, kue, disiapkan secara komersial, pecan;542;4,9;32,5;58,3;1,8
18196;Kue, brownies, campuran kering, bebas gula;426;2,9;12,5;80,4;4,2
18198;Kue kering, keping coklat, disiapkan secara komersial, makanan khusus;450;3,9;16,8;73,4;1,6
18199;Kue kering, roti lapis coklat, dengan isian creme, diet khusus;461;4,5;22,1;68;4,1
18200;Kue kering, oatmeal, disiapkan secara komersial, makanan khusus;449;4,8;18;69,9;2,9
18201;Kue kering, roti lapis selai kacang, makanan khusus;535;10;34;50,8;-
18202;Kue kering, wafer gula, dengan isian creme, bebas gula;531;3,57;28,57;66,26;14,3
18204;Kue, gula, disiapkan secara komersial, reguler (termasuk vanila);464;5,35;19,55;67,34;1,3
18205;Kue, gula, adonan dingin;436;4;19,48;61,22;0,9
18206;Kue, gula, adonan dingin, dipanggang;489;4,7;23,1;65,6;0,9
18208;Kue, gula, dibuat dari resep, dibuat dengan margarin;472;5,9;23,4;60;1,2
18209;Cookies, wafer gula dengan isian creme, reguler;502;3,84;23,24;70,64;1,6
18210;Kue kering, sandwich vanila dengan isian creme;483;4,5;20;72,1;1,5
18211;Puff pastry, beku, siap dipanggang, dipanggang;558;7,4;38,5;45,7;1,5
18212;Kue kering, wafer vanila, lemak rendah;441;5;15,2;73,6;1,9
18213;Kue, wafer vanila, lemak lebih tinggi;455;4,9;16,41;72,6;1,6
18214;Kerupuk, keju, reguler;489;10,93;22,74;59,42;2,3
18215;Kerupuk, keju, roti isi dengan selai kacang;496;12,41;25,12;56,74;3,4
18216;Kerupuk, keripik roti, gandum hitam;366;7,9;1,3;82,2;16,5
18217;Kerupuk, matzo, polos;395;10;1,4;83,7;3
18218;Kerupuk, matzo, telur;391;12,3;2,1;78,6;2,8
18219;Kerupuk, matzo, gandum utuh;351;13,1;1,5;78,9;11,8
18220;Kerupuk, roti bakar melba, polos;390;12,1;3,2;76,6;6,3
18221;Kerupuk, roti bakar melba, gandum hitam (termasuk pumpernickel);389;11,6;3,4;77,3;8
18222;Kerupuk, roti bakar melba, gandum;374;12,9;2,3;76,4;7,4
18223;Kerupuk, susu;446;7,6;13,77;71,73;3,4
18224;Kerupuk, roti panggang rusk;407;13,5;7,2;72,3;-
18225;Kerupuk, gandum hitam, jenis sandwich dengan isian keju;481;9,2;22,3;60,8;3,6
18226;Kerupuk, gandum hitam, wafer, polos;334;9,6;0,9;80,4;22,9
18227;Kerupuk, gandum hitam, wafer, dibumbui;381;9;9,2;73,8;20,9
18228;Kerupuk, asin (termasuk tiram, soda, sup);418;9,46;8,64;74,05;2,8
18229;Kerupuk, tipe Makanan Ringan standar, teratur;510;6,64;26,43;61,3;2,3
18230;Kerupuk, jenis Makanan Ringan standar, sandwich, dengan isian keju;477;9,3;21,1;61,7;1,9
18231;Kerupuk, jenis Makanan Ringan standar, roti lapis, dengan isian selai kacang;494;11,47;24,54;58,38;2,3
18232;Kerupuk, gandum, reguler;455;7,3;16,4;70,73;6,9
18233;Kerupuk, gandum, sandwich, dengan isian keju;497;9,8;25;58,2;3,1
18234;Kerupuk, gandum, roti isi, dengan isian selai kacang;495;13,5;26,7;53,8;4,4
18235;Kerupuk, gandum utuh;427;10,58;14,13;69,55;10,3
18236;Makan cracker;383;9,3;1,7;80,9;2,6
18237;Kulit kepulan krim, dibuat dari resep;360;9;25,9;22,8;0,8
18239;Croissant, mentega;406;8,2;21;45,8;2,6
18240;Croissant, apel;254;7,4;8,7;37,1;2,5
18241;Croissant, keju;414;9,2;20,9;47;2,6
18242;Crouton, polos;407;11,9;6,6;73,5;5,1
18243;Croutons, berpengalaman;465;10,8;18,3;63,5;5
18244;Kue Denmark, kayu manis, diperkaya;403;7;22,4;44,6;1,3
18245;Kue Denmark, keju;374;8;21,9;37,2;1
18246;Kue Denmark, buah, diperkaya (termasuk apel, kayu manis, kismis, lemon, raspberry, stroberi);371;5,4;18,5;47,8;1,9
18247;Kue Denmark, kacang (termasuk almond, kismis, kacang kayu manis);430;7,1;25,2;45,7;2
18248;Donat, jenis kue, polos (termasuk tidak bergula, kuno);434;5,31;24,93;47,06;1,7
18249;Donat, jenis kue, polos, dilapisi cokelat atau beku;452;4,93;25,25;51,33;1,9
18250;Donat, jenis kue, polos, bergula, atau berkaca;426;5,2;22,9;50,8;1,5
18251;Donat, jenis kue, cokelat, bergula atau berkaca;417;4,5;19,9;57,4;2,2
18253;Donat, kerupuk perancis, berkaca;412;3,1;18,3;59,5;1,2
18254;Donat, beragi ragi, dengan isian creme;361;6,4;24,5;30;0,8
18255;Donat, beragi-ragi, berlapis kaca, diperkaya (termasuk roti madu);421;6,14;22,7;47,93;2,1
18256;Donat, beragi-ragi, dengan isian jeli;340;5,9;18,7;39;0,9
18258;Muffin Inggris, polos, diperkaya, dengan ca prop (termasuk penghuni pertama);227;8,87;1,69;44,17;3,5
18259;Muffin Inggris, polos, panggang, diperkaya, dengan kalsium propionat (termasuk penghuni pertama);270;10,32;2,02;52,65;2,8
18260;Muffin Inggris, campuran gandum (termasuk granola);235;9,1;1,8;46,3;2,8
18261;Muffin Inggris, campuran-biji-bijian, panggang (termasuk granola);255;9,9;1,9;50,3;3
18262;Muffin Inggris, kismis-kayu manis (termasuk apel-kayu manis);240;7,91;1,8;48,1;2,6
18263;Muffin Inggris, kismis-kayu manis, panggang (termasuk apel-kayu manis);276;8,87;2,21;55,04;3
18264;Muffin Inggris, gandum;223;8,7;2;44,8;4,6
18265;Muffin Inggris, gandum, dipanggang;243;9,4;2,1;48,7;5
18266;Muffin Inggris, gandum utuh;203;8,8;2,1;40,4;6,7
18267;Muffin Inggris, gandum utuh, dipanggang;221;9,6;2,3;44,1;7,3
18268;Roti panggang Prancis, beku, siap panas;213;7,4;6,1;32,1;1,1
18269;Roti panggang Prancis, dibuat dari resep, dibuat dengan susu rendah lemak (2%);229;7,7;10,8;25;-
18270;Hush puppies, dibuat dari resep;337;7,7;13,5;46;2,8
18271;Kerucut es krim, kue atau jenis wafer;417;8,1;6,9;79;3
18272;Kerucut es krim, gula, jenis gulung;402;7,9;3,8;84,1;1,7
18273;Muffin, polos, dibuat dari resep, dibuat dengan susu rendah lemak (2%);296;6,9;11,4;41,4;2,7
18274;Muffin, blueberry, disiapkan secara komersial (termasuk mini-muffin);375;4,49;16,07;53;1,1
18275;Muffin, blueberry, campuran kering;293;3,48;3,25;61;1,4
18277;Muffin, blueberry, tipe pemanggang roti;313;4,6;9,5;53,3;1,8
18278;Muffin, blueberry, dibuat dari resep, dibuat dengan susu rendah lemak (2%);285;6,5;10,8;40,7;-
18279;Muffin, jagung, disiapkan secara komersial;305;5,9;8,4;51;3,4
18280;Muffin, jagung, campuran kering, disiapkan;321;7,4;10,2;49,1;2,4
18281;Muffin, jagung, tipe pemanggang roti;346;5,3;11,3;57,9;1,6
18282;Muffin, jagung, dibuat dari resep, dibuat dengan susu rendah lemak (2%);316;7,1;12,3;44,2;-
18283;Muffin, oat bran;270;7;7,4;48,3;4,6
18284;Muffin, dedak gandum, campuran kering;396;7,1;12;73;-
18288;Pancake polos, beku, siap panas (termasuk buttermilk);233;5,23;6,83;37,75;1
18289;Panekuk, biasa, campuran kering, lengkap (termasuk buttermilk);368;9,77;3,1;73,65;2,9
18290;Panekuk, biasa, campuran kering, lengkap, disiapkan;194;5,2;2,5;36,7;1,3
18291;Pancake, polos, campuran kering, tidak lengkap (termasuk buttermilk);355;10;1,7;73,6;5,4
18292;Panekuk, biasa, campuran kering, tidak lengkap, disiapkan;218;7,8;7,7;28,9;1,9
18293;Panekuk, polos, dibuat dari resep;227;6,4;9,7;28,3;-
18294;Panekuk, blueberry, dibuat dari resep;222;6,1;9,2;29;-
18295;Panekuk, soba, campuran kering, tidak lengkap;340;10,9;2,7;71,3;8,5
18297;Panekuk, makanan khusus, campuran kering;349;8,9;1,4;73,9;-
18299;Panekuk, gandum utuh, campuran kering, tidak lengkap;344;12,8;1,5;71;-
18300;Panekuk, gandum utuh, campuran kering, tidak lengkap, disiapkan;208;8,5;6,5;29,4;2,8
18301;Pai, apel, disiapkan secara komersial, tepung yang diperkaya;237;1,9;11;34;1,6
18302;Pai, apel, disiapkan dari resep;265;2,4;12,5;37,1;-
18303;Pai, krim pisang, dibuat dari campuran, jenis tanpa panggang;251;3,4;12,9;31,6;0,6
18304;Pai, krim pisang, disiapkan dari resep;269;4,4;13,6;32,9;0,7
18305;Pie, blueberry, disiapkan secara komersial;232;1,8;10;34,9;1
18306;Pie, blueberry, dibuat dari resep;245;2,7;11,9;33,5;-
18308;Pai, ceri, disiapkan secara komersial;260;2;11;39,8;0,8
18309;Pai, ceri, disiapkan dari resep;270;2,8;12,2;38,5;-
18310;Pai, coklat creme, disiapkan secara komersial;353;4,15;22,41;38,44;0,8
18312;Pai, chocolate mousse, dibuat dari campuran, jenis tanpa panggang;260;3,5;15,4;29,6;-
18313;Pai, kelapa, disiapkan secara komersial;298;2,1;16,6;37,3;1,3
18314;Pai, krim kelapa, dibuat dari campuran, jenis tanpa panggang;276;2,8;17,6;28,5;0,5
18316;Pai, puding kelapa, disiapkan secara komersial;260;5,9;13,2;30,2;1,8
18317;Pai, custard telur, disiapkan secara komersial;210;5,5;11,6;20,8;1,6
18319;Pai, pie goreng, buah;316;3;16,1;42,6;2,6
18320;Pai, lemon meringue, disiapkan secara komersial;268;1,5;8,7;47,2;1,2
18321;Pai, lemon meringue, disiapkan dari resep;285;3,8;12,9;39,1;-
18322;Pai, cincang, disiapkan dari resep;289;2,6;10,8;48;2,6
18323;Pai, persik;224;1,9;10;32,9;0,8
18324;Pai, kemiri, disiapkan secara komersial;407;4,5;16,69;59,61;2,1
18325;Pai, kemiri, disiapkan dari resep;412;4,9;22,2;52,2;-
18326;Pai, labu, disiapkan secara komersial;243;3,9;9,75;34,83;1,8
18327;Pai, labu, disiapkan dari resep;204;4,5;9,3;26,4;-
18328;Pai, krim vanila, dibuat dari resep;278;4,8;14,4;32,6;0,6
18332;Kerak pie, tipe standar, campuran kering;518;6,9;31,4;52,1;-
18333;Kerak pie, tipe standar, campuran kering, disiapkan, dipanggang;501;6,7;30,4;50,4;1,8
18334;Kerak pie, tipe standar, beku, siap dipanggang, diperkaya;457;6,16;26,07;48,62;2,5
18335;Kerak pie, tipe standar, beku, siap dipanggang, diperkaya, dipanggang;508;6,5;28,59;56,24;3,3
18336;Kerak pie, tipe standar, dibuat dari resep, dipanggang;527;6,4;34,6;47,5;1,7
18337;Puff pastry, beku, siap dipanggang;551;7,3;38,1;45,1;1,5
18338;Phyllo dough;299;7,1;6;52,6;1,9
18339;Popovers, campuran kering, diperkaya;371;10,4;4,3;71;-
18342;Gulungan, makan malam, polos, disiapkan secara komersial (termasuk cokelat-dan-sajikan);310;10,86;6,47;52,04;2
18344;Gulungan, makan malam, telur;307;9,5;6,4;52;3,7
18345;Gulungan, makan malam, dedak gandum;236;9,5;4,6;40,2;4,1
18346;Gulungan, makan malam, gandum hitam;286;10,3;3,4;53,1;4,9
18347;Gulungan, makan malam, gandum;273;8,6;6,3;46;3,8
18348;Gulungan, makan malam, gandum utuh;266;8,7;4,7;51,1;7,5
18349;Gulungan, perancis;277;8,6;4,3;50,2;3,2
18350;Gulungan, hamburger atau hotdog, polos;279;9,77;3,91;50,12;1,8
18351;Gulungan, hamburger atau hotdog, campuran-gandum;263;9,6;6;44,6;3,8
18352;Gulungan, hamburger atau hotdog, dikurangi kalori;196;8,3;2;42,1;6,2
18353;Gulungan, keras (termasuk kaiser);293;9,9;4,3;52,7;2,3
18354;Strudel, apel;274;3,3;11,2;41,1;2,2
18355;Roti manis, keju;360;7,1;18,3;43,7;1,2
18356;Roti manis, kayu manis, disiapkan secara komersial dengan kismis;372;6,2;16,4;50,9;2,4
18357;Gulungan manis, kayu manis, adonan dingin dengan frosting;333;5;12,2;51,6;-
18358;Gulungan manis, kayu manis, adonan dingin dengan hiasan beku, dipanggang;362;5,4;13,2;56,1;-
18360;Kerang Taco, dipanggang;476;6,41;21,79;63,49;6,7
18361;Toaster pastries, gula-gula merah kayu manis;370;4,06;7,98;72,64;2,3
18362;Toaster pastries, buah (termasuk apel, blueberry, ceri, stroberi);388;4,2;9,95;70,32;1
18363;Tortilla, siap untuk dipanggang atau-goreng, jagung;218;5,7;2,85;44,64;6,3
18364;Tortilla, siap untuk dipanggang atau-goreng, tepung, didinginkan;306;8,2;7,99;49,38;3,5
18365;Waffles, polos, beku, siap panas;285;6,47;9,7;42,98;2,2
18367;Waffles, biasa, disiapkan dari resep;291;7,9;14,1;32,9;-
18368;Wonton pembungkus (termasuk pembungkus gulungan telur);291;9,8;1,5;57,9;1,8
18369;Leavening agents, baking powder, aksi ganda, natrium aluminium sulfat;53;-;-;27,7;0,2
18370;Zat ragi, baking powder, aksi ganda, fosfat lurus;51;0,1;-;24,1;0,2
18371;Leavening agents, baking powder, rendah sodium;97;0,1;0,4;46,9;2,2
18372;Leavening agents, baking soda;-;-;-;-;-
18373;Leavening agents, krim tartar;258;-;-;61,5;0,2
18374;Leavening agents, ragi, tukang roti, terkompresi;105;8,4;1,9;18,1;8,1
18375;Leavening agents, ragi, roti, kering aktif;325;40,44;7,61;41,22;26,9
18376;Remah roti, dikeringkan, parut, dibumbui;383;14,13;5,48;68,49;4,9
18377;Kue kering, oatmeal, dibuat dari resep, tanpa kismis;447;6,8;17,9;66,4;-
18378;Cookies, chocolate chip, dibuat dari resep, dibuat dengan mentega;488;5,7;28,4;58,2;-
18383;Roti, protein, (termasuk gluten), dipanggang;270;13,2;2,4;48,1;3,3
18384;Roti, bekatul, dipanggang;264;9,7;5;47,3;5,3
18385;Roti, bibit gandum, dipanggang;293;10,7;3,3;54,3;2,3
18386;Muffin, blueberry, tipe pemanggang roti, dipanggang;333;4,9;10,1;56,7;1,9
18388;Muffin, dedak gandum, jenis pemanggang roti dengan kismis, dipanggang;313;5,5;9,4;55,5;8,2
18390;Panekuk, buttermilk, disiapkan dari resep;227;6,8;9,3;28,7;-
18396;Gulungan, makan malam, polos, dibuat dari resep, dibuat dengan susu rendah lemak (2%);316;8,5;7,3;53,4;1,9
18399;Kerak pie, jenis kue, disiapkan dari resep, kerupuk graham, dinginkan;484;4,1;24,4;63,9;1,5
18400;Kerupuk, matzo, telur dan bawang;391;10;3,9;77,1;5
18401;Kerak pie, jenis kue, disiapkan dari resep, wafer vanila, dinginkan;531;3,7;36,2;50,2;0,1
18402;Kerak pie, tipe standar, dibuat dari resep, tidak dipanggang;469;5,7;30,8;42,3;3,4
18403;Waffles, polos, beku, siap-panas, dipanggang;312;7,19;9,61;49,29;2,4
18406;Bagel, polos, diperkaya, tanpa kalsium propionat (termasuk bawang, apiun, wijen);275;10,5;1,6;53,4;2,3
18407;Bagel, polos, tidak diperkaya, dengan kalsium propionat (termasuk bawang, apiun, wijen);275;10,5;1,6;53,4;2,3
18408;Bagel, polos, tidak diperkaya, tanpa kalsium propionat (termasuk bawang, apiun, wijen);275;10,5;1,6;53,4;2,3
18412;Roti, roti jagung, campuran kering, tidak diperkaya (termasuk campuran muffin jagung);418;7;12,2;69,5;6,5
18413;Roti, pita, putih, tidak kaya;275;9,1;1,2;55,7;2,2
18414;Roti, kismis, tidak kaya;274;7,9;4,4;52,3;4,3
18416;Roti, putih, disiapkan secara komersial, natrium rendah, tanpa garam;267;8,2;3,6;49,6;2,3
18417;Coffeecake, kayu manis dengan topping remah, disiapkan secara komersial, tidak diperkaya;418;6,8;23,3;46,7;2
18418;Kue, pound, disiapkan secara komersial, selain semua mentega, tidak diperkaya;389;5,2;17,9;52,5;1
18419;Kue, campuran jenis puding, putih, tidak diperkaya, kering;423;3,9;9,5;81;0,7
18420;Kue, campuran kuning, tidak diperkaya, kering;432;4,4;11,6;78,1;1,1
18421;Kue, mentega, disiapkan secara komersial, tidak diperkaya;467;6,1;18,8;68,9;0,8
18422;Cookies, chocolate chip, disiapkan secara komersial, teratur, lebih tinggi lemak, tidak diperkaya;481;5,4;22,6;66,8;2,5
18423;Kue, kue jari, tanpa jus lemon dan kulitnya;363;10,6;9,1;59,7;1
18424;Kerupuk, roti bakar melba, polos, tanpa garam;390;12,1;3,2;76,6;6,3
18425;Kerupuk, asin, garam rendah (termasuk tiram, soda, sup);421;9,5;8,85;74,34;2,9
18426;Kerupuk, asin, atasan tawar (termasuk tiram, soda, sup);434;9,2;11,8;71,5;3
18427;Kerupuk, tipe Makanan Ringan standar, biasa, rendah garam;502;7,4;25,3;61;1,6
18428;Kerupuk, gandum, garam rendah;473;8,6;20,6;64,9;4,5
18429;Kerupuk, gandum utuh, garam rendah;443;8,8;17,2;68,6;10,5
18430;Kue Denmark, kayu manis, tidak diperkaya;403;7;22,4;44,6;1,2
18431;Kue Denmark, buah, tidak diperkaya (termasuk apel, kayu manis, kismis, stroberi);371;5,4;18,5;47,8;1,9
18432;Roti, putih, disiapkan secara komersial, dipanggang, natrium rendah tanpa garam;293;9;4;54,4;-
18433;Kue Denmark, lemon, tidak kaya;371;5,4;18,5;47,8;1,9
18434;Kerupuk, keju, natrium rendah;503;10,1;25,3;58,2;2,4
18435;Kue Denmark, raspberry, tidak diperkaya;371;5,4;18,5;47,8;1,9
18436;Donat, beragi-ragi, berlapis kaca, tidak diperkaya (termasuk roti madu);403;6,4;22,8;44,3;1,2
18437;Muffin Inggris, polos, diperkaya, tanpa kalsium propionat (termasuk penghuni pertama);235;7,7;1,8;46;2,7
18438;Muffin Inggris, polos, tidak diperkaya, dengan kalsium propionat (termasuk penghuni pertama);235;7,7;1,8;46;2,7
18439;Muffin Inggris, polos, tidak diperkaya, tanpa kalsium propionat (termasuk penghuni pertama);235;7,7;1,8;46;2,7
18443;Pai, apel, disiapkan secara komersial, tepung yang tidak diperkaya;237;1,9;11;34;1,6
18444;Pai, pie goreng, ceri;316;3;16,1;42,6;2,6
18445;Pai, pie goreng, lemon;316;3;16,1;42,6;2,6
18446;Kerak pie, tipe standar, beku, siap dipanggang, tidak diperkaya;457;3,9;29,2;44,1;0,9
18447;Popovers, campuran kering, tidak diperkaya;371;10,4;4,3;71;-
18448;Kerang Taco, dipanggang, tanpa ditambah garam;468;7,2;22,6;62,4;7,5
18449;Tortilla, siap dipanggang atau goreng, jagung, tanpa tambahan garam;222;5,7;2,5;46,6;5,2
18450;Tortilla, siap saji atau goreng, tepung, tanpa tambahan kalsium;325;8,7;7,1;55,6;3,3
18451;Kue, pound, disiapkan secara komersial, bebas lemak;283;5,4;1,2;61;1,1
18453;Kue, campuran kuning, ringan, dan kering;404;4,7;5,5;84,1;1,3
18457;Kerupuk, asin, bebas lemak, rendah sodium;393;10,5;1,6;82,3;2,7
18459;Sarapan tart, rendah lemak;372;3,99;5,99;76,8;1,5
18476;Kellogg's Pop Tarts, Blueberry;412;4,6;13,3;68,41;1,1
18477;Kellogg's Pop Tarts, Blueberry Buram;391;4,6;10;71,77;1,1
18478;Kellogg's Pop Tarts, Kayu Manis Gula Merah;438;5,4;18,4;64,4;1,5
18479;Kellogg's Pop Tarts, Kayu Manis Gula Merah Beku;417;4,6;13,8;69;1,4
18481;Kellogg's Pop Tarts, Cherry Ceri;397;4,2;10,2;72;1
18482;Kellogg's Pop Tarts, Fudge Cokelat Buram;384;4,9;9,3;70,4;2,1
18486;Kellogg's Pop Tarts, Raspberry Buram;399;4,2;10,6;71,62;1
18487;Kellogg's Pop Tarts, S'Mores;392;6,2;10,5;69,6;1,4
18488;Kellogg's Pop Tarts, Strawberry;398;4,7;10,5;71,1;1,1
18489;Kellogg's Pop Tarts, Strawberry Stroberi;390;4,1;9,8;71,7;1,3
18490;Kellogg's Pop Tarts, Berry Liar yang Dibekukan;390;4;9,5;72,4;1,3
18494;Toaster Pastries, Kellogg, Kellogg's Low Fat Pop Tarts, Kayu Manis Gula Merah Frosted;366;4,7;5,9;73,7;5,5
18497;Toaster Pastries, Kellogg, Kellogg's Low Fat Pop Tarts, Stroberi;363;4,2;5,4;74,4;5,6
18499;Kellogg, Eggo Kellogg, Pancake Buttermilk;245;5,3;8;38,6;1
18501;Kellogg, Bar Cereal Sereal Nutri-Grain Kellog, Berry Campuran;370;4,3;7,6;72,8;1,9
18505;Kellogg's, Eggo, Waffles, Homestyle, Rendah Lemak;229;6,3;3,5;44,9;1,3
18506;Kellogg's, Eggo, Nutri-Grain, Waffles, Rendah Lemak;201;6,5;3,5;39;4
18507;Eggo Kellogg's Lowfat Blueberry Nutri-Grain Waffles;208;5,95;2,83;42,71;3,5
18513;Archway Home Style Cookies, Sugar Free Oatmeal;442;5,54;20,92;67,2;1,9
18522;Archway Home Style Cookies, Chocolate Chip Ice Box;497;4,28;24,4;65,02;2
18524;Archway Home Style Cookies, Coconut Macaroon;460;3,02;22,55;61,23;5,1
18527;Archway Home Style Cookies, Date Filled Oatmeal;400;4,67;12,05;68,16;2,1
18528;Archway Home Style Cookies, Dutch Cocoa;431;4,5;14,99;69,44;2,6
18529;Archway Home Style Cookies, Frosty Lemon;430;4,41;17,11;64,78;0,7
18532;Archway Home Style Cookies, Iced Molasses;420;3,5;14,43;69,12;1
18533;Archway Home Style Cookies, Iced Oatmeal;435;4,89;16,53;66,76;2
18535;Archway Home Style Cookies, Molasses;403;4,25;12,06;69,41;1,2
18537;Archway Home Style Cookies, Oatmeal;421;5,48;14,08;68,17;2,9
18538;Archway Home Style Cookies, Oatmeal Raisin;406;5,17;12,08;69,27;2,7
18539;Archway Home Style Cookies, Old Fashioned Molasses;406;4,27;11,83;70,55;1,1
18540;Archway Home Style Cookies, Old Fashioned Windmill Cookies;468;5,17;17,55;72,23;1,8
18541;Archway Home Style Cookies, Peanut Butter;480;9;24,28;58,48;2,8
18544;Archway Home Style Cookies, Raspberry Filled;400;4,35;13,26;65,92;2,2
18547;Archway Home Style Cookies, Strawberry Filled;400;4,35;13,26;65,92;2,2
18562;Archway Home Style Cookies, Reduced Fat Ginger Snaps;424;4,67;11,14;76,23;1,1
18566;Campuran muffin Blueberry buatan, kering;407;4,7;8,7;77,45;-
18567;Kraft, Stove Top Isian Campuran Rasa Ayam;381;12,6;4,1;73,1;2,5
18603;Bakeri George Weston, Campuran Sage Brownberry dan Bawang Merah, Kering;390;13,3;5,1;72,7;5,4
18608;Keebler, Keebler Chocolate Graham Selects;465;7,1;16,6;71,8;-
18609;Keebler, Vanilla Wafers;462;4;17,4;73,1;1,4
18610;Mill Continental, Krusteaz Campuran Almond Poppyseed Muffin, Rasa Buatan, Kering;418;5,6;10,3;75,6;1,7
18612;Mckee Baking, Luttle Debbie Nutty Bars, Wafer dengan Selai Kacang, Coklat Tertutup;548;8;32,8;55,2;-
18614;Martha White Foods, Campuran Brownie Martha White's Chewy Fudge, Kering;407;4,42;6,16;83,58;2,9
18615;Martha White Foods, Campuran Biskuit Buttermilk Martha White, Kering;388;7,81;13,23;59,41;1,5
18616;Mission Foods, Misi Tortilla Tepung, Taco Lembut, 8 Inci;287;8,7;6;49,6;-
18617;Nabisco, Kerupuk Nabisco Grahams;424;6,99;10;76,2;3,4
18619;Nabisco, Nabisco Oreo Crunchies, Cookie Crumb Topping;476;4,78;21,5;70,23;3,2
18621;Nabisco, Kerupuk Nabisco Ritz;492;7,23;23,21;63,51;2,3
18629;Pillsbury, Biskuit Buttermilk, Rasa Buatan, Adonan Dingin;236;6,4;2,79;47,07;1,6
18630;Pillsbury, Chocolate Chip Cookies, Adonan Dingin;450;3,82;21,26;60,75;1,7
18631;Pillsbury, French Loaf Berkerak, Adonan Dingin;243;8,59;2,88;46,35;2,6
18632;Pillsbury, Brownie Fudge Tradisional, Kering;441;4,8;12,1;78,3;-
18633;Grand Pillsbury, Biskuit Buttermilk, Adonan Dingin;293;6,16;11,34;42,41;1,5
18634;Pillsbury Biskuit Buttermilk Lapisan Emas, Rasa Buatan, Adonan Dingin;307;5,88;13,24;41,18;1,2
18635;Pillsbury, Gulungan Kayu Manis dengan Icing, Adonan Dingin;330;4,34;11,27;53,42;1,4
18637;Kraft Makanan, Kocok 'N' Bake Resep Asli, Pelapisan untuk Daging Babi, Kering;377;6,1;3,7;79,8;-
18639;Bakeri Barat George, Thomas English Muffins;232;8;1,8;46;-
18640;Heinz, Weight Watcher, Chocolate Eclair, Beku;241;4,4;6,9;40,3;2,1
18641;Interstate Brands Corp, Wonder Hamburger Rolls;273;8,07;4,15;50,84;2,6
18642;General Mills, Supermoist Betty Crocker Campuran Kue Kuning, Kering;413;3,8;8,1;81,3;-
18651;Nabisco, Nabisco Snackwell's Kue Kue Makanan Iblis Bebas Lemak;305;5;1,09;74,25;1,6
18927;Kerupuk, keju, jenis sandwich dengan isian keju;490;8,92;24,41;58,76;1,9
18930;Komoditas USDA, Toko Roti, Campuran Tepung;400;8,47;12,9;62,53;7,1
18931;Komoditas USDA, Toko Roti, Tepung Terigu Rendah lemak;361;9,07;4,7;70,59;3,5
18932;Waffles, buttermilk, beku, siap panas;273;6,58;9,22;41,05;2,2
18933;Waffles, buttermilk, beku, siap dipanaskan, dipanggang;309;7,42;9,49;48,39;2,6
18934;Waffles, buttermilk, beku, siap panas, microwave;289;6,92;9,4;44,16;2,4
18935;Waffles, polos, beku, siap panas, microwave;298;6,71;9,91;45,41;2,4
18936;Panekuk, biasa, beku, siap panas, microwave (termasuk buttermilk);239;5,88;4,73;43,33;2,5
18938;Toaster pastries, buah, buram (termasuk apel, blueberry, ceri, stroberi);385;4,01;9,02;71,83;1,8
18939;Toaster pastries, buah, roti panggang (termasuk apel, blueberry, ceri, stroberi);409;4,7;11,03;72,7;1
18940;Muffin, blueberry, disiapkan secara komersial, rendah lemak;255;4,23;4,22;50,05;4,2
18942;Kerak pie, Cookie-type, Graham Cracker, Ready Crust;501;5,1;24,83;64,3;1,9
18943;Kerak pie, Cookie-type, Chocolate, Ready Crust;484;6,08;22,42;64,48;2,7
18944;Pai, apel Belanda, disiapkan secara komersial;290;2,17;11,5;44,54;1,6
18945;Kerak pie, deep dish, beku, unbaked, dibuat dengan tepung yang diperkaya;468;5,52;28,74;46,79;1,4
18946;Kerak pie, didinginkan, biasa, dipanggang;506;3,41;28,69;58,52;1,4
18947;Kerak pie, hidangan dalam, beku, dipanggang, dibuat dengan tepung yang diperkaya;521;6,1;31,84;52,47;2,3
18948;Kerak pie, didinginkan, biasa, tidak terpanggang;445;2,97;25,46;51,11;1,8
18949;Kerupuk, gandum utuh, lemak berkurang;416;11,34;7,59;75,52;10,9
18950;Kerupuk, gandum, lemak berkurang;444;9,34;13,37;71,52;3,4
18951;Waffles, keping cokelat, beku, siap dipanaskan;297;5,8;10,1;45,68;1,5
18952;Kerang Tostada, jagung;474;6,15;23,38;64,43;5,8
18953;Roti, keju manis salvadoran (quesadilla salvadorena);374;7,12;17,12;47,84;0,7
18954;Roti, jenis kue pound, pan de torta salvadoran;390;7,06;17,45;51,29;1,7
18955;Roti, panci dulce, roti ragi manis;367;9,42;11,58;56,38;2,3
18956;Keikitos (muffin), item toko roti Latino;467;6,81;25,24;53,16;1,2
18957;Kue, Pound, Bimbo Bakeries Usa, Panque Casero, Gaya Rumahan;418;6,62;21,7;48,94;1
18958;Pan Dulce, La Ricura, Salpora De Arroz Con Azucar, Seperti Kue, Mengandung Tepung Terigu dan Tepung Beras;445;8,81;16,11;66,28;1,2
18959;Pastry, Pastelitos de Guava (kueva jambu biji);379;5,48;18,5;47,76;2,2
18960;Kerupuk, Makanan Ringan, Kerupuk Goya;433;14,25;13,35;64,35;3,8
18961;Kerupuk, Krim, Gamesa Sabrosas;484;7,01;20,37;64,55;2,4
18962;Kerupuk, Krim, Cracker Krim Krim Moderna La;464;7,19;19,5;64,88;2,4
18963;Roti bawang putih, beku;350;8,36;16,61;41,72;2,5
18964;Roti kayu manis, buram (termasuk roti madu);452;4,45;26,61;48,6;1,2
18965;Kerupuk, keju, lemak berkurang;418;10;11,67;68,19;3,3
18966;Kerupuk, asin, gandum utuh (termasuk multi-gandum);398;7,14;10,71;68,25;6,7
18967;Roti, gandum putih;238;10,66;2,15;43,91;9,2
18968;Bagel, gandum;250;10,2;1,53;48,89;4,1
18969;Puff krim, eclair, custard atau krim diisi, es;334;4,41;18,52;37,43;0,9
18970;Tortilla, siap saji atau goreng, tepung, rak stabil;297;8,01;7,58;49,27;2,4
18971;Roti, kentang;266;12,5;3,13;47,07;6,3
18972;Roti, keju;408;10,42;20,83;44,83;2,1
18973;Focaccia, roti lapis Italia, polos;249;8,77;7,89;35,82;1,8
18974;Kashi, Tlc, Kerupuk Wijen Madu;398;8,7;10,4;72,2;5,8
18975;Kashi, Tlc, Kerupuk 7-Butir Asli;385;13,9;11,9;63,2;9
18976;Kashi, Tlc, Kerupuk Country Cheddar;445;9,8;15,5;68;2,5
18977;Kashi, Tlc, Keripik Asiago Panggang;420;12,7;13,8;66,4;9,6
18978;Kashi, Blueberry Waffle;192;5,7;7,1;34,6;9
18979;Kashi, Bertemu Woven Wheat Cracker, Original;396;10,6;11,6;73,4;12,2
18980;Kashi, Waffle Asli;197;6;7,4;35,4;9,3
18981;Kashi, Tlc, Kerupuk Sayuran Api Panggang;389;12;12,2;64,6;8,7
18982;Kashi, Bertemu Woven Wheat Cracker, Roasted Garlic;440;10,5;11,7;73,2;12,2
18983;Austin, Cheddar Cheese on Wheat Crackers, Jenis Sandwich;495;7,9;24,5;61,4;1,8
18984;Austin, Cheddar Cheese on Cheese Crackers, Sejenis Sandwich;494;7,5;24,9;60;1,3
18985;Austin, Chocolatey Peanut Butter Crackers, Sejenis Sandwich;479;7,7;20,8;66,2;2
18986;Austin, Grilled Cheese on Wafer Crackers, Tipe Sandwich;493;7,9;23,8;62;1,3
18987;Austin, Cheddar Cheese on Cheese Crackers, Sejenis Sandwich, Mengurangi Lemak;461;7,8;17,5;68;1,4
18988;Austin, Selai Kacang Pada Kerupuk Keju, Sejenis Sandwich, Mengurangi Lemak;461;9,7;17,9;66,3;2,7
18989;Austin, Selai Kacang Pada Kerupuk Roti, Jenis Roti Lapis, Lemak Berkurang;463;9,5;18;67,2;2,7
18990;Austin, Pb & J Crackers, Tipe Sandwich;484;7,6;21,7;65,7;2
18991;Arbara Dee, Kue Mint Musim Dingin;515;3,9;26;67,1;2
18992;Kellogg's, Beanatural, Keripik 3 Kacang Asli;487;22,9;25,3;46,5;14,2
18993;Bear Naked, Double Chocolate Cookies;423;6,6;16,9;66,9;7
18994;Bear Naked, Fruit & Nut Cookies;443;7,5;21,4;61,6;7,1
18995;Kellogg's, Eggo, Pengacak Biskuit, Bacon, Telur & Keju;258;8,8;7,9;38,3;2,1
18996;Kellogg's, Eggo, Pengacak Biskuit, Telur & Keju;254;8,8;7,6;38,3;2,3
18997;Kellogg's, Eggo, Sticks Pemanggang Roti Prancis, Kayu Manis;250;4,8;6,9;42,6;1
18998;Kellogg's, Eggo, French Toaster Sticks, Original;239;5,3;7;39,4;0,9
18999;Kellogg's, Eggo, Atasan Mini Muffin, Blueberry;293;5;10,2;45,8;1
19000;Schiff,Tiger's Milk Bar;422;16,8;14,29;56,46;2,3
19001;Permen, Toblerone, Susu Cokelat dengan Madu dan Almond Nougat;525;5,71;28,57;61,21;2,5
19002;Makanan Ringan, dendeng, dipotong dan dibentuk;410;33,2;25,6;11;1,8
19003;Makanan Ringan, berbasis jagung, diekstrusi, keripik, biasa;538;6,17;33,36;56,9;4
19004;Makanan Ringan, berbasis jagung, diekstrusi, keripik, rasa barbekyu;523;7;32,7;56,2;5,2
19005;Makanan Ringan, berbasis jagung, diekstrusi, kerucut, polos;510;5,8;26,9;62,9;1,1
19007;Makanan Ringan, berbasis jagung, diekstrusi, rasa bawang;499;7,7;22,6;65,1;3,9
19008;Makanan Ringan, berbahan dasar jagung, diekstrusi, puff atau twist, rasa keju;567;5,46;36,54;54,54;0,8
19009;Makanan Ringan, Kraft, Cornnuts, polos;446;8,5;15,64;71,86;6,9
19010;Makanan Ringan, nasi batangan, keripik coklat;404;5,1;13,5;73;2,2
19013;Makanan Ringan, kulit buah, potongan;359;1;2,68;82,82;-
19014;Makanan Ringan, kulit buah, roti gulung;371;0,1;3;85,8;-
19015;Makanan Ringan, granola bar, keras, polos;471;10,1;19,8;64,4;5,3
19016;Makanan Ringan, granola, keras, almond;495;7,7;25,5;62;4,8
19017;Makanan Ringan, granola bar, hard, chocolate chip;438;7,3;16,3;72,1;4,4
19018;Sirup buah;341;-;-;85,13;0,1
19020;Makanan Ringan, granola, lembut, tidak dilapisi, polos;443;7,4;17,2;67,3;4,6
19021;Makanan Ringan, granola, lembut, tidak dilapisi, selai kacang;426;10,5;15,8;64,4;4,3
19022;Makanan Ringan, granola, lembut, tidak dilapisi, kismis;448;7,6;17,8;66,4;4,2
19024;Makanan Ringan, granola, lembut, dilapisi, lapisan cokelat susu, keping cokelat;466;5,8;24,9;63,8;3,4
19025;Permen, disisir madu, dengan selai kacang;486;8,72;20,18;67,41;1,9
19026;Makanan Ringan, granola, lembut, dilapisi, lapisan cokelat susu, selai kacang;508;10,2;31,1;53,4;2,8
19027;Makanan Ringan, granola, lembut, tidak dilapisi, selai kacang, dan keping cokelat;432;9,8;20;62,2;4,2
19029;Topping, Shell Sihir Smucker;609;2,94;44,1;50,07;2,9
19030;Sirup, rasa buah;261;-;0,02;65,1;-
19031;Makanan Ringan, campuran oriental, berbahan dasar beras;506;17,31;25,58;51,62;13,2
19033;Makanan Ringan, Mills Umum, Campuran Chex, Rasa Tradisional;428;8,83;10;75,69;5,8
19034;Makanan Ringan, popcorn, ber-acar;387;12,94;4,54;77,78;14,5
19035;Makanan Ringan, popcorn, minyak, microwave, rasa biasa, tanpa lemak trans;583;7,29;43,55;45,06;8,1
19036;Makanan Ringan, popcorn, kue;384;9,7;3,1;80,1;2,9
19038;Makanan Ringan, popcorn, dilapisi karamel, dengan kacang;400;6,4;7,8;80,7;3,8
19039;Makanan Ringan, popcorn, dilapisi karamel, tanpa kacang;431;3,8;12,8;79,1;5,2
19040;Makanan Ringan, popcorn, rasa keju;526;9,3;33,2;51,6;9,9
19041;Makanan Ringan, kulit babi, polos;544;61,3;31,3;-;-
19042;Makanan Ringan, keripik kentang, rasa barbekyu;487;6,51;31,06;55,92;3,8
19043;Makanan Ringan, keripik kentang, rasa asam-krim-dan-bawang;531;8,1;33,9;51,5;5,2
19045;Makanan Ringan, keripik kentang, terbuat dari kentang kering, mengurangi lemak;502;4,56;26,14;64,76;3,2
19046;Makanan Ringan, keripik kentang, terbuat dari kentang kering, krim asam dan rasa bawang;547;6,6;37;51,3;1,2
19047;Makanan Ringan, pretzel, keras, polos, asin;384;10,04;2,93;80,39;3,4
19048;Makanan Ringan, pretzel, keras, lapisan manisan, rasa cokelat;457;7,5;16,7;70,9;2,4
19049;Makanan Ringan, M&M Mars, Combos Makanan Ringan Keju Predd Cheddar;463;9,85;16,92;66,5;3,6
19050;Makanan Ringan, pretzel, keras, gandum utuh termasuk asin dan tawar;362;11,1;2,6;81,3;7,7
19051;Makanan Ringan, kerupuk nasi beras merah, biasa saja;387;8,2;2,8;81,5;4,2
19052;Makanan Ringan, kue beras, beras merah, soba;380;9;3,5;80,1;3,8
19053;Makanan Ringan, kue beras, beras merah, biji wijen;392;7,6;3,8;81,5;5,4
19056;Makanan Ringan, keripik tortilla, polos, jagung putih, asin;472;7,1;20,68;67,78;5,4
19057;Makanan Ringan, keripik tortilla, keju nacho;519;7,36;27,42;60,81;5,1
19058;Makanan Ringan, keripik tortilla, rasa peternakan;501;7,19;24,63;62,74;4
19059;Makanan Ringan, campuran trail, teratur;462;13,8;29,4;44,9;-
19061;Makanan Ringan, campuran trail, tropis;442;6,3;17,1;65,6;-
19062;Makanan Ringan, campuran trail, reguler, dengan chip coklat, kacang asin, dan biji-bijian;484;14,2;31,9;44,9;5
19063;Makanan Ringan, keripik tortilla, rasa taco;480;7,9;24,2;63,1;5,3
19064;Permen, Gulungan Tootsie, Gulungan Rasa Cokelat;387;1,59;3,31;87,73;0,1
19065;Permen, Almond Joy Candy Bar;479;4,13;26,93;59,51;5
19067;Permen, Twizzlers Cherry Bites;338;2,97;1,7;79,38;0,1
19068;Permen, Nestle, Bit-O'-Madu Permen Permen;375;2;7,5;80,89;0,2
19069;Permen, Nestle, Kupu-Kupu;459;5,4;18,9;72,9;2
19070;Permen, butterscotch;391;0,03;3,3;90,4;-
19071;Permen, carob, tanpa pemanis;540;8,15;31,36;56,29;3,8
19074;Permen, karamel;382;4,6;8,1;77;-
19075;Permen, Candy Bar Caramello;462;6,19;21,19;63,81;1,2
19076;Permen, karamel, gulungan rasa cokelat;387;1,59;3,31;87,73;0,1
19077;Cokelat panggang, tanpa pemanis, cair;472;12,1;47,7;36,2;18,1
19078;Cokelat panggang, tanpa pemanis, kotak;642;14,32;52,31;28,42;16,6
19079;Permen, lapisan manisan, yogurt;522;5,87;27;63,94;-
19080;Permen, cokelat semisweet;480;4,2;30;63,9;5,9
19081;Permen, coklat manis;507;3,9;34,2;60,4;5,5
19083;Permen, fondant dilapisi cokelat manis;366;2,2;9,3;80,4;2,1
19084;Permen, Solitaires Emas Almond Hershey;569;11,97;37,13;46,85;4,4
19085;Permen, lapisan manisan, butterscotch;539;2,2;29,05;67,1;-
19086;Permen, pelapis gula, selai kacang;529;18,3;29,8;46,88;5
19087;Permen, cokelat putih;539;5,87;32,09;59,24;0,2
19088;Es krim, vanilla, cahaya;180;4,78;4,83;29,46;0,3
19089;Es krim, vanila, kaya;249;3,5;16,2;22,29;-
19090;Es krim, vanilla Prancis, sajian lembut;222;4,1;13;22,2;0,7
19091;Permen, York Peppermint Pattie;384;2,19;7,17;80,99;2
19092;Permen, Twizzlers Nibs Cherry Bits;347;2,3;2,64;79,37;0,6
19093;Permen, Bar Cokelat Simponi;531;8,51;30,57;58,01;1,7
19094;Makanan penutup, flan, custard karamel, disiapkan dari resep;145;4,53;4,03;22,78;-
19095;Es krim, vanila;207;3,5;11;23,6;0,7
19096;Es krim, vanila, ringan, sajikan lembut;126;4,9;2,6;21,8;-
19097;Sherbet, oranye;144;1,1;2;30,4;1,3
19098;Permen, Candy Bar Avenue Ke-5;482;8,78;23,98;62,68;3,1
19099;Permen, fondant, disiapkan-dari-resep;373;-;0,02;93,18;-
19100;Permen, fudge, cokelat, disiapkan-dari-resep;411;2,39;10,41;76,44;1,7
19101;Permen, fudge, cokelat, dengan kacang, disiapkan-dari-resep;461;4,38;18,93;67,93;2,5
19102;Permen, fudge, selai kacang, disiapkan-dari-resep;387;3,78;6,59;77,75;0,7
19103;Permen, fudge, vanilla, disiapkan-dari-resep;383;1,05;5,45;82,15;-
19104;Permen, fudge, vanilla dengan kacang;435;3;13,69;74,61;0,9
19105;Permen, Nestle, Goobers Chocolate Covered Peanuts;512;9,7;34;53;9,7
19106;Permen, permen karet, potongan jeli pati;396;-;-;98,9;0,1
19107;Permen, sulit;394;-;0,2;98;-
19108;Permen, ubur-ubur;375;-;0,05;93,55;0,2
19109;Permen, Kit Kat Wafer Bar;518;6,51;25,99;64,59;1
19110;Permen, Bar Cokelat Krackel;512;6,62;26,58;63,96;2,2
19111;Permen, Nestle, Baby Ruth Bar;459;5,4;21,6;64,8;2
19112;Permen, Twizzlers Strawberry Twists Candy;348;2,56;2,32;79,16;-
19113;Sirup, campuran meja, panekuk, dengan mentega;291;-;0,09;72,43;-
19114;Es krim, cokelat, ringan;187;5;7,19;25,7;0,8
19115;Permen, Mars Snackfood Us, Mars Almond Bar;467;8,1;23;62,7;2
19116;Permen, marshmallow;318;1,8;0,2;81,3;0,1
19117;Permen, halavah, polos;469;12,49;21,52;60,49;4,5
19118;Permen, Nestle, Oh Henry! Batang;462;7,7;23;65,5;1,9
19119;Permen, Nestle, Chunky Bar;475;7,5;27,5;60;2,5
19120;Permen, coklat susu;535;7,65;29,66;59,4;3,4
19121;Puding, pisang, campuran kering, instan, disiapkan dengan susu 2%;105;2,76;1,7;19,74;-
19122;Puding, pisang, campuran kering, teratur, disiapkan dengan susu 2%;101;2,9;1,73;18,43;-
19123;Puding, cokelat, campuran kering, instan, disiapkan dengan susu 2%;105;3,15;1,92;18,89;0,4
19124;Cokelat panggang, meksiko, kotak;426;3,64;15,59;77,41;4
19125;Penyebaran hazelnut rasa cokelat;541;5,41;29,73;62,16;5,4
19126;Permen, susu kacang dilapisi cokelat;519;13,1;33,5;49,7;4,7
19127;Permen, susu kismis berlapis cokelat;390;4,1;14,8;68,4;3,1
19128;Sirup, campuran meja, panekuk, mengurangi kalori;165;-;-;44,55;-
19129;Sirup, campuran meja, panekuk;234;-;-;61,47;-
19130;Permen, Pot Holde's Emas Almond Bar;577;12,82;38,46;44,89;3,8
19132;Permen, coklat susu, dengan almond;526;9;34,4;53,4;6,2
19134;Permen, coklat susu, dengan sereal beras;511;7,64;29,37;59,67;3,3
19135;Permen, Mars Snackfood Us, Milky Way Bar;456;4,01;17,23;71,17;1
19136;Permen, Hershey's Skor Toffee Bar;541;3,13;30,37;63,73;1,3
19137;Taburan, strawberry;254;0,2;0,1;66,3;0,7
19138;Permen, truffle, disiapkan dari resep;510;6,21;33,76;44,88;2,5
19139;Cokelat panggang, Mars Snackfood Us, M & M's Semisweet Chocolate Bits Baking Mini;517;4,44;26,15;65,96;6,7
19140;Permen, Mars Snackfood Us, M & M's Chocolate Peanut;515;9,57;26,13;60,48;3,7
19141;Permen, Mars Snackfood Us, M & M's Chocolate Chocolate Candies;492;4,33;21,13;71,19;2,8
19142;Permen, Mounds Candy Bar;486;4,6;26,6;58,59;3,7
19143;Permen, Mr. Goodbar Chocolate Bar;538;10,22;33,21;54,34;3,8
19144;Permen, Nestle, 100 Grand Bar;468;2,5;19,33;70,97;1
19145;Permen, Nestle, Crunch Bar dan Dessert Topping;500;5;26;67;1,9
19146;Cokelat panggang, Mars Snackfood Us, M & M's Milk Chocolate Baking Bits Mini;502;4,78;23,36;68,4;2,7
19147;Permen, buncis kacang;522;15,5;33,7;47,4;4,1
19148;Permen, rapuh kacang, disiapkan dari resep;486;7,57;18,98;71,24;2,5
19149;Permen, Nestle, Raisinet Kismis Tertutup Cokelat;422;4,4;17;71;2,2
19150;Permen, Piala Kacang Mentega REESE;515;10,24;30,53;55,36;3,6
19151;Permen, Permen Reese's Pieces;497;12,46;24,77;59,86;3
19152;Permen, Rolo Karamel dalam Susu Cokelat;474;5,08;20,93;67,95;0,9
19153;Permen, Nestle, Setelah Delapan Mint;432;1,67;11,9;79,53;2,4
19154;Permen, sesame crunch;516;11,6;33,3;50,3;7,7
19155;Permen, Mars Snackfood Us, Snickers Bar;491;7,53;23,85;61,51;2,3
19156;Permen, Mars Snackfood Us, Starburst Buah Chews, Buah Asli;408;0,41;8,21;82,57;-
19157;Permen, Mars Snackfood Us, M & M's Minis Chocolate Permen;502;4,78;23,36;68,4;2,7
19159;Permen, Mars Snackfood Us, 3 Musketeers Bar;436;2,6;12,75;77,77;1,5
19160;Permen, Mars Snackfood Us, Twix Caramel Cookie Bars;502;4,91;24,85;64,8;1,1
19161;Permen, Mars Snackfood Us, Twix Kue Selai Kacang;536;9,18;32,67;54,15;3,1
19162;Permen, Whatchamacallit Candy Bar;494;8,04;23,68;63,23;1,9
19163;Permen karet;360;-;0,3;96,7;2,4
19164;Permen, Cokelat Gelap Khusus;556;5,54;32,4;60,49;6,5
19165;Kakao, bubuk kering, tanpa pemanis;228;19,6;13,7;57,9;37
19166;Kakao, bubuk kering, tanpa pemanis, diproses dengan alkali;220;18,1;13,1;58,3;29,8
19168;Makanan penutup, custard telur, dipanggang, disiapkan-dari-resep;104;5,02;4,58;11;-
19169;Puding telur, campuran kering;410;6,9;6,4;82,8;-
19170;Puding telur, campuran kering, disiapkan dengan susu murni;122;3,99;4;17,6;-
19171;Kakao, bubuk kering, tanpa pemanis, kakao gaya Eropa miliknya;410;20;10;60;20
19172;Makanan penutup gelatin, campuran kering;381;7,8;-;90,5;-
19173;Makanan penutup gelatin, campuran kering, disiapkan dengan air;62;1,22;-;14,19;-
19175;Makanan penutup gelatin, campuran kering, kalori dikurangi, dengan aspartam;198;15,67;-;80,21;0,1
19176;Makanan penutup gelatin, campuran kering, kalori dikurangi, dengan aspartam, disiapkan dengan air;20;0,83;-;4,22;-
19177;Gelatin, bubuk kering, tanpa pemanis;335;85,6;0,1;-;-
19181;Permen, Gigitan York;394;1,78;7,32;81,64;2
19182;Makanan penutup, mousse, cokelat, disiapkan-dari-resep;225;4,14;16;16,07;0,6
19183;Puding, cokelat, siap makan;142;2,09;4,6;23,01;-
19184;Puding, cokelat, campuran kering, instan;378;2,3;1,9;87,9;3,6
19185;Puding, cokelat, campuran kering, instan, disiapkan dengan susu murni;111;3,1;3,1;18,8;1
19186;Makanan penutup, renyah apel, disiapkan-dari-resep;161;1,75;3,43;30,84;1,4
19187;Flan, custard karamel, campuran kering;348;-;-;91,6;-
19188;Puding, cokelat, campuran kering, teratur;362;2,6;2,1;89,3;4,5
19189;Puding, cokelat, campuran kering, teratur, disiapkan dengan susu murni;120;3,16;3,15;19,64;0,8
19190;Puding, cokelat, campuran kering, teratur, disiapkan dengan susu 2%;111;3,28;2,06;19,76;0,8
19191;Puding, santan, campuran kering, instan, disiapkan dengan susu 2%;107;2,9;2,3;19,2;0,1
19193;Puding, nasi, siap makan;108;3,23;2,15;18,39;0,3
19194;Puding, nasi, campuran kering;376;2,7;0,1;91,2;0,7
19195;Puding, nasi, campuran kering, disiapkan dengan susu murni;121;3,25;2,82;20,68;0,1
19198;Puding, tapioka, campuran kering;369;0,1;0,1;94,3;0,2
19199;Puding, tapioka, campuran kering, disiapkan dengan susu murni;115;2,84;2,89;19,43;-
19201;Puding, vanila, siap makan;130;1,45;3,78;22,6;-
19202;Puding, vanila, campuran kering, instan;377;-;0,6;92,9;-
19203;Puding, vanila, campuran kering, instan, disiapkan dengan susu murni;114;2,7;2,9;19,7;-
19204;Puding, lemon, campuran kering, instan, disiapkan dengan susu 2%;107;2,76;1,71;20,2;-
19205;Puding telur, campuran kering, disiapkan dengan susu 2%;112;4,13;2,83;17,61;-
19206;Puding, vanila, campuran kering, teratur;379;0,3;0,4;93,5;0,6
19207;Puding, vanila, campuran kering, teratur, disiapkan dengan susu murni;113;2,8;2,9;18,92;0,1
19208;Puding, nasi, campuran kering, disiapkan dengan susu 2%;111;3,29;1,63;20,81;0,1
19209;Puding, tapioka, campuran kering, disiapkan dengan susu 2%;105;2,88;1,67;19,56;-
19212;Puding, vanila, campuran kering, teratur, disiapkan dengan susu 2%;101;2,94;1,73;18,53;-
19213;Rennin, cokelat, campuran kering, disiapkan dengan susu 2%;85;3,24;2,06;13,47;0,5
19214;Rennin, vanila, campuran kering, disiapkan dengan susu 2%;77;3,06;1,77;12,34;-
19216;Permen, praline, disiapkan dari resep;485;3,3;25,9;59,59;3,5
19217;Frozen novelties, jenis es, buah, tanpa gula ditambahkan;24;0,5;0,1;6,2;-
19218;Puding, tapioka, siap makan;130;1,95;3,88;21,69;-
19219;Puding, santan, campuran kering, teratur, disiapkan dengan susu 2%;104;3,1;2,5;17,8;0,2
19220;Makanan penutup, rennin, cokelat, campuran kering;363;2,4;3,3;91,5;5,1
19221;Rennin, cokelat, campuran kering, disiapkan dengan susu murni;96;3,2;3,34;13,34;0,5
19222;Makanan penutup, rennin, vanilla, campuran kering;383;-;-;99;-
19223;Rennin, vanila, campuran kering, disiapkan dengan susu murni;89;3,03;3,07;12,21;-
19225;Makanan penutup, rennin, tablet, tanpa pemanis;84;1;0,1;19,8;-
19226;Frostings, cokelat, krim, siap makan;397;1,1;17,6;63,2;0,9
19227;Frostings, kacang kelapa, siap dimakan;433;1,5;24;52,7;2,5
19228;Frostings, rasa krim keju, siap makan;415;0,1;17,3;67,32;-
19230;Frostings, vanila, krim, siap makan;418;-;16,23;67,89;-
19231;Flan, custard karamel, campuran kering, disiapkan dengan susu 2%;103;2,99;1,72;18,82;-
19232;Flan, custard karamel, campuran kering, disiapkan dengan susu murni;113;2,95;3;18,68;-
19233;Puding, vanila, siap makan, bebas lemak;89;2,02;-;20,16;-
19234;Puding, tapioka, siap makan, bebas lemak;94;1,44;0,35;21,31;-
19235;Puding, cokelat, siap makan, bebas lemak;93;1,93;0,3;20,87;0,3
19236;Permen, Coklat Susu Hershey dengan Gigi Hampir;568;9,76;35,73;51,72;3,6
19238;Permen, Gigitan Reese;521;11,34;29,85;55,18;3,1
19239;Permen, Candy Bar Reese's Nutrageous;517;11,28;32,09;52,8;3,9
19240;Frostings, cokelat, krim, campuran kering;389;1,3;5,2;92;2,4
19241;Frostings, cokelat, krim, campuran kering, disiapkan dengan mentega;408;1,11;13,06;71,8;1,9
19243;Permen, Gigi Panas;530;3,94;30,38;63,39;2
19244;Frostings, vanila, creamy, campuran kering;410;0,3;4,9;93,8;0,1
19246;Frostings, putih, halus, campuran kering;371;2,3;-;94,9;-
19247;Frostings, putih, halus, campuran kering, disiapkan dengan air;244;1,5;-;62,6;-
19248;Permen, Hershey's, Almond Joy Bites;563;5,58;34,5;57,54;4,3
19249;Permen, Hershey, Reesestik Wafer Renyah, Selai Kacang, Coklat Susu;521;9,53;31,34;55,38;3,3
19250;Permen, Hershey, Kit Kat Big Kat Bar;520;6,24;27,84;63,64;1,9
19252;Permen, Reese's, Break Cepat, Susu Coklat Selai Kacang dan Nougat Lembut;474;8,66;23,42;61,6;2,9
19254;Permen, Mars Snackfood Us, Dove Milk Chocolate;546;5,94;31,72;59,78;2,4
19255;Permen, Mars Snackfood Us, Dove Dark Chocolate;520;5,19;32,45;59,4;7,6
19256;Permen, Mars Snackfood Us, Milky Way Caramels, Milk Chocolate;463;4,28;19,17;68,49;0,7
19258;Permen, Mars Snackfood Us, Milky Way Caramels. Cokelat Hitam Tertutup;458;3,82;20,42;67,56;2,8
19260;Es krim, vanila, ringan, tanpa gula ditambahkan;169;3,97;7,45;21,42;-
19263;Frozen novelties, buah dan jus bar;87;1,2;0,1;20,2;1
19265;Es krim, cokelat, ringan, tanpa gula ditambahkan;173;3,54;5,74;26,79;0,9
19268;Permen, biji kopi dilapisi dark chocolate;540;7,5;30;59,95;7,5
19269;Makanan Ringan, General Mills, Betty Crocker Buah Roll Up, Berry Rasa, dengan Vitamin C;373;0,1;3,5;85,2;-
19270;Es krim, cokelat;216;3,8;11;28,2;1,2
19271;Es krim, stroberi;192;3,2;8,4;27,6;0,9
19272;Makanan Ringan, Farley Candy, Farley Fruit Snacks, dengan Vitamin A, C, dan E;341;4,4;-;80,9;-
19273;Cemilan, Sunkist Fruit Roll, Strawberry, dengan Vitamin A, C, dan E;342;0,6;1;82,7;7,7
19274;Makanan Ringan, kulit buah, potongan, dengan vitamin C;373;0,1;3,5;85,2;3,5
19279;Permen, susu coklat dilapisi biji kopi;549;7,41;33,18;55,25;5,7
19280;Frozen novelties, jenis es, kapur;128;0,4;-;32,6;-
19281;Frozen novelties, jenis es, Italia, restoran disiapkan;53;0,03;0,02;13,5;-
19283;Frozen novelties, jenis es, pop;79;-;0,24;19,23;-
19292;Permen, Mars Snackfood Us, M & M Chocolate Crispy;475;4,28;19,32;72,4;2
19293;Yoghurt beku, vanilla, sajikan lembut;159;4;5,6;24,2;-
19294;Mentega buah, apel;173;0,39;0,3;42,47;1,5
19295;Permen, Mars Snackfood Us, Snickers Munch Bar;536;15,25;36,22;43,64;4,7
19296;Madu;304;0,3;-;82,4;0,2
19297;Jams and preserves;278;0,37;0,07;68,86;1,1
19300;Jeli;266;0,15;0,02;69,95;1
19301;Permen, fudge, cokelat marshmallow, dengan kacang, disiapkan-oleh-resep;474;3,24;21,11;67,69;2,1
19302;Permen, Mars Snackfood Us, Snickers Almond Bar;472;5,4;22,4;64,67;2,6
19303;Marmalade, oranye;246;0,3;-;66,3;0,7
19304;Gula tetes;290;-;0,1;74,73;-
19306;Permen, Mars Snackfood Us, Pop'Ables Snickers Merek Bite Size Candy;480;7,15;24,32;61,07;2,3
19307;Permen, Mars Snackfood Us, Pop'Ables Milky Way Merk Bite Size Candy;463;3,3;18;71,85;1
19308;Permen, Mars Snackfood Us, Pop'Ables 3 Musketeers Merek Bite Size Candy;443;2,59;15,17;75,94;1,3
19309;Permen, Mars Snackfood Us, Starburst Buah Chew, Buah dan Krim;408;0,41;8,36;82,43;-
19310;Pektin, tanpa pemanis, campuran kering;325;0,3;0,3;90,4;8,6
19312;Isi pie, apel, kaleng;100;0,1;0,1;26,1;1
19313;Permen, Mars Snackfood Us, Starburst Fruit Chews, Buah-Buahan Tropis;409;0,41;8,31;82,76;-
19314;Isi kue, kaleng, ceri;115;0,37;0,07;28;0,6
19315;Permen, Mars Snackfood Us, Starburst Sour Fruit Chews;400;0,39;7,78;79,73;-
19318;Puding, pisang, campuran kering, instan;367;-;0,6;92,7;-
19319;Puding, pisang, campuran kering, instan, disiapkan dengan susu murni;115;2,62;2,8;19,76;-
19320;Puding, pisang, campuran kering, teratur;366;-;0,4;93;0,3
19321;Puding, pisang, campuran kering, teratur, disiapkan dengan susu murni;111;2,74;2,89;18,44;-
19322;Puding, santan, campuran kering, instan;415;0,9;10;83,5;4
19323;Puding, santan, campuran kering, instan, disiapkan dengan susu murni;117;2,9;3,5;19,1;0,1
19324;Puding, santan, campuran kering, teratur;434;1;11,36;81,84;1,6
19325;Puding, santan, campuran kering, teratur, disiapkan dengan susu murni;114;3;3,8;17,7;0,2
19326;Permen, Mars Snackfood Us, Cocoavia Chocolate Bar;539;5,81;29,3;62,99;8,7
19327;Permen, Mars Snackfood Us, Cocoavia Blueberry dan Almond Chocolate Bar;525;6,35;28,68;60,37;9,1
19328;Permen, Mars Snackfood Us, Cocoavia Crispy Chocolate Bar;517;8,21;26,23;62,06;7,8
19330;Puding, lemon, campuran kering, instan;378;-;0,7;95,4;-
19331;Puding, lemon, campuran kering, instan, disiapkan dengan susu murni;115;2,7;2,9;20,1;-
19332;Puding, lemon, campuran kering, teratur;363;0,1;0,5;91,8;0,1
19333;Puding, lemon, campuran kering, teratur, disiapkan dengan gula, kuning telur dan air;109;0,65;1,12;24,2;-
19334;Gula, cokelat;380;0,12;-;98,09;-
19335;Gula, digranulasi;387;-;-;99,98;-
19336;Gula, bubuk;389;-;-;99,77;-
19337;Pemanis, Tabletop, Aspartame, Equal, Paket;365;2,17;-;89,08;-
19340;Gula, maple;354;0,1;0,2;90,9;-
19345;Sirup, Coklat, Sirup Lite Rasa Cokelat Asli Hershey;153;1,4;0,97;34,56;-
19348;Sirup, cokelat, sejenis fudge;350;4,6;8,9;62,9;2,8
19349;Sirup, jagung, gelap;286;-;-;77,59;-
19350;Sirup, jagung, cahaya;283;-;0,2;76,79;-
19351;Sirup, jagung, fruktosa tinggi;281;-;-;76;-
19352;Sirup, malt;318;6,2;-;71,3;-
19353;Sirup, maple;260;0,04;0,06;67,04;-
19355;Sirup, sorgum;290;-;-;74,9;-
19359;Permen, Mars Snackfood Us, Snickers Cruncher;488;6,86;24,38;62,85;1,9
19360;Sirup, campuran meja, panekuk, dengan maple 2%;265;-;0,1;69,6;-
19361;Sirup, campuran meja, tebu, dan maple 15%;278;-;0,1;69,52;0,1
19362;Sirup, campuran meja, jagung, refiner, dan gula;319;-;-;83,9;-
19363;Permen, Mars Snackfood Us, Skittes Wild Berry Bite Size Candy;402;0,19;4,25;90,76;-
19364;Taburan, butterscotch atau karamel;216;1,21;-;57,01;-
19365;Topping, krim marshmallow;322;0,8;0,3;79;0,1
19366;Taburan, nanas;253;0,1;0,1;66,4;0,4
19367;Taburan, kacang dalam sirup;448;4,5;22;58,08;2,3
19368;Permen, Mars Snackfood Us, Skittles Tropical Bite Size Candy;405;0,19;4,34;90,77;-
19369;Permen, Mars Snackfood Us, Skittles Asam Asli;401;0,18;4;91,02;-
19370;Permen, Mars Snackfood Us, Skittles Original Bite Candy Ukuran;405;0,19;4,37;90,78;-
19371;Frostings, vanila, krim, campuran kering, disiapkan dengan margarin;413;0,34;12,74;74,28;0,1
19372;Frostings, cokelat, krim, campuran kering, disiapkan dengan margarin;404;1,1;12,87;71,02;1,9
19375;Frostings, glasir, disiapkan-dari-resep;341;0,44;0,53;83,65;-
19379;Permen, fudge, cokelat marshmallow, disiapkan dari resep;453;2,26;17,48;71,34;1,7
19382;Permen, gula-gula, disiapkan-dari-resep;397;0,03;3,33;91,56;-
19383;Permen, toffee, disiapkan dari resep;560;1,07;32,75;64,72;-
19384;Permen, ketuhanan, disiapkan-dari-resep;364;1,32;0,06;89,05;-
19387;Frozen novelties, jenis es, kelapa nanas;113;-;2,6;23,9;0,7
19393;Yoghurt beku, cokelat, sajikan lembut;160;4;6;24,9;2,2
19400;Makanan Ringan, keripik pisang;519;2,3;33,6;58,4;7,7
19401;Makanan Ringan, Cornnuts, rasa barbekyu;436;9;14,3;71,7;8,4
19403;Makanan Ringan, nasi batangan renyah, almond;458;7;20,4;64,6;3,6
19404;Makanan Ringan, granola, lembut, tidak dilapisi, keping coklat;418;5,65;16,57;70,2;3,8
19405;Makanan Ringan, granola, lembut, tidak dilapisi, keping coklat, graham, dan marshmallow;427;6,1;15,5;70,8;4
19406;Makanan Ringan, granola bar, lunak, tidak dilapisi, kacang, dan kismis;454;8;20,4;63,6;5,6
19407;Makanan Ringan, daging sapi, dihisap;550;21,5;49,6;5,4;-
19408;Makanan Ringan, kulit babi, rasa barbekyu;538;57,9;31,8;1,6;-
19409;Frostings, glasir, cokelat, disiapkan-dari-resep, dengan mentega, Resep NFSMI No. C-32;359;1,42;7,17;72,18;1,1
19410;Makanan Ringan, keripik kentang, terbuat dari kentang kering, polos;545;4,62;35,28;55,38;2,9
19411;Makanan Ringan, keripik kentang, polos, asin;532;6,39;33,98;53,83;3,1
19412;Makanan Ringan, keripik kentang, terbuat dari kentang kering, rasa keju;551;7;37;50,6;3,4
19413;Cemilan, kue beras, beras merah, jagung;385;8,4;3,2;81,2;2,9
19414;Makanan Ringan, kue beras, beras merah, multigrain;387;8,5;3,5;80,1;3
19415;Makanan Ringan, sticks kentang;522;6,7;34,4;53,3;3,4
19416;Makanan Ringan, kue beras, beras merah, gandum hitam;386;8,1;3,8;79,9;4
19418;Stick wijen, berbahan dasar gandum, asin;541;10,9;36,7;46,5;2,8
19419;Makanan Ringan, kue jagung;387;8,1;2,4;83,4;1,9
19420;Makanan Ringan, granola, keras, selai kacang;483;9,8;23,8;62,3;2,9
19421;Makanan Ringan, keripik kentang, rasa keju;496;8,5;27,2;57,7;5,2
19422;Makanan Ringan, keripik kentang, mengurangi lemak;471;7,1;20,8;66,9;5,9
19423;Makanan Ringan, keripik kentang, bebas lemak, dibuat dengan olestra;274;7,74;0,7;65;6,8
19424;Makanan Ringan, keripik tortilla, rasa nacho, lemak berkurang;445;8,7;15,2;71,6;4,8
19433;Keripik tortilla, rendah lemak, dipanggang tanpa lemak;415;11;5,7;80;5,3
19434;Puff dan tikungan keju, berbahan dasar jagung, dipanggang, rendah lemak;432;8,5;12,1;72,35;3,6
19435;Makanan Ringan, granola bar, berisi buah, tanpa lemak;342;5,9;0,9;77,6;7,4
19436;Popcorn, sirup gula / karamel, bebas lemak;381;2;1,4;90,06;2,5
19437;Makanan Ringan, keripik kentang, bebas lemak, asin;379;9,64;0,6;83,76;7,5
19438;Makanan Ringan, Kellogg, Krispies Beras Padi Kellogg;414;3,4;9;80,5;-
19439;Makanan Ringan, Kellogg, Bar Granola Rendah Lemak Kellogg, Almond Renyah / Gula Merah;390;8;7,4;78;6,2
19440;Makanan Ringan, M&M Mars, Kudos Whole Grain Bar, Chip Coklat;420;4,47;13,02;72,31;2,6
19441;Makanan Ringan, Kellogg's, Bar Sereal Nutri-Grain, Buah;365;4,22;8,67;67,61;3
19444;Makanan Ringan, keripik tortilla, rendah lemak, dibuat dengan olestra, keju nacho;318;8,44;3,53;65,22;6,4
19445;Makanan Ringan, keripik kentang, terbuat dari kentang kering, bebas lemak, dibuat dengan olestra;253;5,06;0,93;56;7,3
19524;Makanan Ringan, keripik talas;498;2,3;24,9;68,1;7,2
19701;Permen, cokelat semisweet, dibuat dengan mentega;477;4,2;29,7;63,4;5,9
19702;Makanan penutup gelatin, campuran kering, dengan tambahan asam askorbat, natrium-sitrat dan garam;381;7,8;-;90,5;-
19703;Makanan penutup gelatin, campuran kering, kalori dikurangi, dengan aspartam, ditambah fosfor, kalium, natrium, vitamin C;345;55,3;-;33,3;-
19704;Makanan penutup gelatin, campuran kering, mengurangi kalori, dengan aspartam, tanpa tambahan natrium;345;55,3;-;33,3;-
19705;Puding, pisang, campuran kering, instan, dengan minyak tambahan;386;-;4,4;89;-
19706;Puding, pisang, campuran kering, teratur, dengan minyak tambahan;387;-;5;88,4;0,3
19708;Puding, lemon, campuran kering, teratur, dengan minyak tambahan, kalium, natrium;366;0,1;1,5;90,3;0,1
19709;Puding, tapioka, campuran kering, tanpa garam;369;0,1;0,1;94,3;0,2
19710;Puding, vanila, campuran kering, teratur, dengan minyak tambahan;369;0,3;1,1;92,4;-
19719;Jams and preserves, aprikot;242;0,7;0,2;64,4;0,3
19720;Sirup, campuran meja, panekuk, dengan maple 2%, ditambah kalium;265;-;0,1;69,6;-
19800;Makanan Ringan, kue jagung, natrium sangat rendah;387;8,1;2,4;83,4;-
19802;Makanan Ringan, berbasis jagung, diekstrusi, puff atau twists, rasa keju, tidak diperkaya;558;5,76;35,76;54,1;2,2
19804;Makanan Ringan, berbasis jagung, diekstrusi, keripik, rasa barbekyu, dibuat dengan tepung masa yang diperkaya;523;7;32,7;56,2;-
19806;Makanan Ringan, popcorn, tanpa garam;382;12;4,2;77,9;15,1
19807;Makanan Ringan, popcorn, popcorn minyak, popcorn putih, garam ditambahkan;500;9;28,1;57,2;10
19809;Makanan Ringan, keripik kentang, polos, dibuat dengan minyak kedelai terhidrogenasi parsial, asin;536;7;34,6;52,9;4,8
19810;Makanan Ringan, keripik kentang, polos, dibuat dengan minyak kedelai terhidrogenasi sebagian, tawar;536;7;34,6;52,9;4,8
19811;Makanan Ringan, keripik kentang, polos, tawar;536;7;34,6;52,9;4,8
19812;Makanan Ringan, pretzel, keras, polos, dibuat dengan tepung yang tidak diperkaya, diasinkan;381;9,1;3,5;79,2;2,8
19813;Makanan Ringan, pretzel, keras, polos, dibuat dengan tepung yang tidak diperkaya, tidak tawar;381;9,1;3,5;79,2;2,8
19814;Makanan Ringan, pretzel, keras, polos, dibuat dengan tepung yang diperkaya, tawar;381;9,1;3,5;79,2;2,8
19816;Makanan Ringan, kue beras, beras merah, polos, tawar;387;8,2;2,8;81,5;4,2
19817;Makanan Ringan, kue beras, beras merah, soba, tawar;380;9;3,5;80,1;-
19818;Makanan Ringan, kue beras, beras merah, multigrain, tanpa garam;387;8,5;3,5;80,1;-
19819;Makanan Ringan, kue beras, beras merah, biji wijen, tawar;392;7,6;3,8;81,5;-
19820;Stick wijen, berbahan dasar gandum, tidak tawar;541;10,9;36,7;46,5;-
19821;Makanan Ringan, campuran trail, teratur, tawar;462;13,8;29,4;44,9;-
19822;Makanan Ringan, campuran trail, reguler, dengan chip coklat, kacang dan biji tawar;484;14,2;31,9;44,9;-
19823;Keripik kentang, tanpa garam, mengurangi lemak;487;7,1;20,8;67,8;6,1
19833;Makanan Ringan, keripik tortilla, rendah lemak, tawar;416;11;5,7;80,1;5,3
19856;Frozen novelties, jenis jus, pencungkil es loli;81;-;0,24;19,68;-
19857;Makanan Ringan, keripik tortilla, rasa nacho, dibuat dengan tepung masa yang diperkaya;498;7,8;25,6;62,4;5,3
19858;Permen, Almond berlapis gula;474;10;17,93;68,26;2,5
19859;Coklat, bubuk kering, hi-fat atau sarapan pagi, polos;486;16,8;23,71;51,39;29,8
19860;Kakao, bubuk kering, hi-fat atau sarapan, diproses dengan alkali;479;16,8;23,71;49,71;33,9
19866;Permen, buah lembut dan kotak kacang;390;2,31;9,52;73,81;2,4
19867;Es krim, vanila, bebas lemak;138;4,48;-;30,06;1
19868;Paket Pemanis, Tabletop, Sucralose, Splenda;336;-;-;91,17;-
19871;Frozen novelties, muncul fudgesicle;124;3,67;1,87;23,11;1,5
19873;Frozen novelties, Jenis Es, Bebas Gula, Oranye, Ceri, dan Anggur Popsicle Muncul;21;-;-;5,14;-
19874;Frozen novelties, Klondike, Slim-A-Bear Fudge Bar, 98% Bebas Lemak, Tanpa Gula Ditambahkan;124;4,31;1,88;30,07;6
19875;Es Krim, Breyers, All Natural Light Vanilla;162;4,84;4,59;25,3;0,2
19876;Es Krim, Breyers, All Natural Light French Vanilla;173;4,82;5,56;26,03;0,2
19877;Es Krim, Breyers, 98% Vanili Bebas Lemak;137;3,3;2,2;30,51;5,4
19878;Es Krim, Breyers, All Natural Light Vanilla Chocolate Strawberry;161;4,69;4,35;26,06;0,4
19879;Es Krim, Breyers, All Natural Light Chocolate Mint Chip;196;4,69;7,09;28,39;0,6
19880;Es Krim, Breyers, No Sugar Added, Butter Pecan;180;3,99;10,3;21,3;0,9
19881;Es Krim, Breyers, No Sugar Added, French Vanilla;154;4,5;7,05;20,75;0,5
19882;Es Krim, Breyers, Tidak Ada Gula, Vanilla;143;3,68;6,2;21,92;0,5
19883;Es Krim, Breyers, No Sugar Added, Vanilla Fudge Twirl;153;3,53;5,68;25,63;0,8
19884;Es Krim, Breyers, Tanpa Ditambahkan Gula, Strawberry Strawberry Vanilla;143;3,71;6,26;21,7;0,7
19886;Frozen novelties, kerucut, kerucut cokelat ramping beruang;224;4,09;4,1;45,32;4,3
19887;Frozen novelties, klondike, langsing beruang;239;3,9;5,85;42,75;4,3
19890;Frozen novelties, klondike, slim-a-bear, stickless bar;242;5,2;13;25,98;3,9
19891;Frozen novelties, tidak ada gula yang ditambahkan es krim;72;3,69;0,61;12,88;3,6
19892;Frozen novelties, bebas gula, muncul creamsicle;49;1,37;2,33;11,95;7,5
19893;Es Krim, Breyers, All Natural Light French Chocolate;201;5,3;7,28;29,68;1
19894;Es Krim, Breyers, 98% Cokelat Bebas Lemak;136;3,89;2,17;30,18;5,8
19895;Es Krim, Breyers, No Sugar Added, Chocolate Karamel;151;3,54;5,8;25,17;1
19896;Permen, Istirahat Cepat Reese, Coklat Susu, Selai Kacang, Nougat Lembut, Permen;495;8,93;23,21;63,9;3,6
19897;Permen, Mars Snackfood Us, Cocoavia Chocolate Covered Almonds;573;9,51;37,07;50,22;10,4
19898;Es krim, biasa, rendah karbohidrat, vanila;216;3,17;12,7;22,23;4,8
19899;Es krim, biasa, rendah karbohidrat, cokelat;237;3,8;12,7;26,8;4,8
19902;Cokelat, gelap, 45-59% padatan kakao;546;4,88;31,28;61,17;7
19903;Cokelat, gelap, 60-69% padatan kakao;579;6,12;38,31;52,42;8
19904;Cokelat, gelap, 70-85% padatan kakao;598;7,79;42,63;45,9;10,9
19905;"Permen, cokelat, gelap, NFS (45-59% padatan kakao 90%; 60-69% padatan kakao 5%; 70-85% padatan kakao 5%)";550;5,09;32,2;59,97;7,2
19906;Pemanis, untuk memanggang, cokelat, mengandung gula dan sucralose;388;-;-;97,11;-
19907;Pemanis, untuk memanggang, mengandung gula dan sucralose;398;-;-;99,53;-
19908;Gula, turbinado;399;-;-;99,8;-
19909;Pemanis, pengganti gula, pasir, coklat;347;2,06;-;84,77;0,6
19910;Permen, bar renyah dengan isian selai kacang;542;9,53;31,34;55,53;3,3
19911;Sirup, maple, Kanada;270;-;-;67,38;-
19912;Pemanis, sirup, agave;310;0,09;0,45;76,37;0,2
19913;Permen, Nestle, Butterfinger Crisp;465;6,67;18,33;68,45;1,7
19914;Permen, M&M Mars 3 Musketeers Truffle Crisp;538;6,41;28,85;63,15;-
19916;Sirup, cokelat, bebas gula Hershey, Rasa Cokelat Asli, Sirup Lite;43;2,87;2,03;14,2;2,9
19917;Permen, M&M Mars, Permen Cokelat Pretzel;447;5;15;72,94;2,5
19918;Pemanis, serbuk ekstrak herbal dari daun Stevia;-;-;-;100;-
19919;Permen, camilan buah, dengan vitamin C tinggi;352;0,08;-;87,97;-
19920;Jams and preserves, selai jeruk, dimaniskan dengan jus buah;212;-;-;52,93;0,9
19921;Permen, Asam Jawa;368;-;-;91,96;2,5
19922;Permen, batang kelapa, bukan cokelat tertutup;481;2,13;27,65;55,87;6,4
19923;Permen, Hersheys, Payday Bar;490;13,44;25;52,88;3,8
19924;Sirup, Nestle, Cokelat;269;-;-;67,21;-
20001;Biji bayam, tidak dimasak;371;13,56;7,02;65,25;6,7
20002;Biji bayam, dimasak;102;3,8;1,58;18,69;2,1
20003;Tepung garut;357;0,3;0,1;88,15;3,4
20004;Barley, dikupas;354;12,48;2,3;73,48;17,3
20005;Barley, dikupas, mentah;352;9,91;1,16;77,72;15,6
20006;Jelai, dikupas, dimasak;123;2,26;0,44;28,22;3,8
20008;Sorgum/soba;343;13,25;3,4;71,5;10
20009;Sorgum/soba, menir, dipanggang, kering;346;11,73;2,71;74,95;10,3
20010;Sorgum/soba, menir, dipanggang, dimasak;92;3,38;0,62;19,94;2,7
20011;Tepung sorgum/soba, whole-groat;335;12,62;3,1;70,59;10
20012;Bulgur, kering;342;12,29;1,33;75,87;12,5
20013;Bulgur, dimasak;83;3,08;0,24;18,58;4,5
20014;Biji jagung, kuning;365;9,42;4,74;74,26;7,3
20015;Bekatul jagung, mentah;224;8,36;0,92;85,64;79
20016;Tepung jagung, gandum utuh, kuning;361;6,93;3,86;76,85;7,3
20017;Tepung jagung, masa, diperkaya, putih;363;8,46;3,69;76,59;6,4
20018;Tepung jagung, kuning, degermed, unenriched;375;5,59;1,39;82,75;1,9
20019;Tepung jagung, masa, tidak diperkaya, putih;363;8,46;3,69;76,59;6,4
20020;Tepung jagung makan, gandum utuh, kuning;362;8,12;3,59;76,89;7,3
20022;Tepung jagung, degermed, diperkaya, kuning;370;7,11;1,75;79,45;3,9
20023;Tepung jagung, kuning, mengembang sendiri, melesat, polos, diperkaya;334;8,28;3,4;70,28;6,7
20024;Tepung jagung, kuning, mengembang sendiri, dibaut, ditambah tepung terigu, diperkaya;348;8,41;2,85;73,43;6,3
20025;Tepung jagung, kuning, self-rise, degermed, diperkaya;355;8,41;1,72;74,79;7,1
20027;Kanji dari tepung jagung;381;0,26;0,05;91,27;0,9
20028;Couscous, kering;376;12,76;0,64;77,43;5
20029;Couscous, dimasak;112;3,79;0,16;23,22;1,4
20030;Bubur jagung, kalengan, putih;72;1,48;0,88;14,26;2,5
20031;Millet, mentah;378;11,02;4,22;72,85;8,5
20032;Millet, dimasak;119;3,51;1;23,67;1,3
20033;Oat bran, mentah;246;17,3;7,03;66,22;15,4
20034;Oat bran, dimasak;40;3,21;0,86;11,44;2,6
20035;Quinoa, tidak dimasak;368;14,12;6,07;64,16;7
20036;Nasi, coklat, biji-bijian panjang, mentah;367;7,54;3,2;76,25;3,6
20037;Nasi, coklat, biji-bijian panjang, dimasak;123;2,74;0,97;25,58;1,6
20038;Gandum;389;16,89;6,9;66,27;10,6
20040;Nasi, coklat, gandum sedang, mentah;362;7,5;2,68;76,17;3,4
20041;Nasi, coklat, gandum sedang, dimasak;112;2,32;0,83;23,51;1,8
20042;Nasi, Coklat, Setengah Matang, Dikeringkan, Uncle Ben's;370;7,6;2,75;78,68;3,5
20044;Nasi, putih, biji-bijian panjang, biasa, mentah, diperkaya;365;7,13;0,66;79,95;1,3
20045;Nasi, putih, biji-bijian panjang, biasa, diperkaya, dimasak;130;2,69;0,28;28,17;0,4
20046;Beras, putih, biji-bijian panjang, setengah matang, diperkaya, kering;374;7,51;1,03;80,89;1,8
20047;Nasi, putih, biji-bijian panjang, setengah matang, diperkaya, dimasak;123;2,91;0,37;26,05;0,9
20048;Beras, putih, berbutir panjang, matang atau instan, diperkaya, kering;380;7,82;0,94;82,32;1,9
20049;Nasi, putih, biji-bijian panjang, matang atau instan, diperkaya, disiapkan;124;2,18;0,5;26,76;0,6
20050;Nasi, putih, gabah sedang, mentah, diperkaya;360;6,61;0,58;79,34;1,4
20051;Nasi, putih, bulir sedang, diperkaya, dimasak;130;2,38;0,21;28,59;0,3
20052;Nasi, putih, biji-bijian pendek, diperkaya, tidak dimasak;358;6,5;0,52;79,15;2,8
20053;Nasi, putih, biji-bijian pendek, diperkaya, dimasak;130;2,36;0,19;28,73;-
20054;Nasi, putih, ketan, tidak kaya, tidak dimasak;370;6,81;0,55;81,68;2,8
20055;Nasi, putih, ketan, tidak kaya, dimasak;97;2,02;0,19;21,09;1
20058;Beras, putih, kukus, restoran Cina;151;3,2;0,27;33,88;0,9
20060;Bekatul, minyak mentah;316;13,35;20,85;49,69;21
20061;Tepung beras, putih, tidak diperkaya;366;5,95;1,42;80,13;2,4
20062;Gandum hitam;338;10,34;1,63;75,86;15,1
20063;Tepung gandum hitam, gelap;325;15,91;2,22;68,63;23,8
20064;Tepung rye, sedang;349;10,88;1,52;75,43;11,8
20065;Tepung tepung, ringan;357;9,82;1,33;76,68;8
20066;Semolina, diperkaya;360;12,68;1,05;72,83;3,9
20067;Butir sorgum;329;10,62;3,46;72,09;6,7
20068;Tapioka, mutiara, kering;358;0,19;0,02;88,69;0,9
20069;Triticale;336;13,05;2,09;72,13;-
20070;Tepung Triticale, gandum utuh;338;13,18;1,81;73,14;14,6
20071;Gandum, pegas merah keras;329;15,4;1,92;68,03;12,2
20072;Gandum, musim dingin merah yang keras;327;12,61;1,54;71,18;12,2
20073;Gandum, musim dingin merah lembut;331;10,35;1,56;74,24;12,5
20074;Gandum, putih pekat;342;11,31;1,71;75,9;12,2
20075;Gandum, putih lembut;340;10,69;1,99;75,36;12,7
20076;Gandum, durum;339;13,68;2,47;71,13;-
20077;Bekatul gandum, mentah;216;15,55;4,25;64,51;42,8
20078;Bibit gandum, mentah;360;23,15;9,72;51,8;13,2
20080;Tepung gandum, gandum utuh;340;13,21;2,5;71,97;10,7
20081;Tepung terigu, putih, serba guna, diperkaya, diputihkan;364;10,33;0,98;76,31;2,7
20082;Tepung terigu, putih, serba guna, mengembang sendiri, diperkaya;354;9,89;0,97;74,22;2,7
20083;Tepung terigu, putih, roti, diperkaya;361;11,98;1,66;72,53;2,4
20084;Tepung terigu, putih, kue, diperkaya;362;8,2;0,86;78,03;1,7
20086;Tepung terigu, putih, campuran tortilla, diperkaya;405;9,66;10,63;67,14;-
20087;Gandum, kecambah;198;7,49;1,27;42,53;1,1
20088;Nasi liar, mentah;357;14,73;1,08;74,9;6,2
20089;Nasi liar, dimasak;101;3,99;0,34;21,34;1,8
20090;Tepung beras, cokelat;363;7,23;2,78;76,48;4,6
20091;Pasta, bebas gluten, jagung, kering;357;7,46;2,08;79,26;11
20092;Pasta, bebas gluten, jagung, dimasak;126;2,63;0,73;27,91;4,8
20093;Pasta, segar, polos, seperti yang dibeli;288;11,31;2,3;54,73;-
20094;Pasta, didinginkan segar, polos, dimasak;131;5,15;1,05;24,93;-
20095;Pasta, segar, bayam, seperti yang dibeli;289;11,26;2,1;55,72;-
20096;Pasta, didinginkan segar, bayam, dimasak;130;5,06;0,94;25,04;-
20097;Pasta, buatan sendiri, dibuat dari telur, dimasak;130;5,28;1,74;23,54;-
20098;Pasta, buatan sendiri, dibuat tanpa telur, dimasak;124;4,37;0,98;25,12;-
20105;Makaroni, sayur, diperkaya, keringkan;367;13,14;1,04;74,88;4,3
20106;Makaroni, sayur, diperkaya, dimasak;128;4,53;0,11;26,61;4,3
20109;Mie, telur, dikeringkan, diperkaya;384;14,16;4,44;71,27;3,3
20110;Mie, telur, diperkaya, dimasak;138;4,54;2,07;25,16;1,2
20111;Mie, telur, bayam, diperkaya, keringkan;382;14,61;4,55;70,32;6,8
20112;Mie, telur, bayam, diperkaya, dimasak;132;5,04;1,57;24,25;2,3
20113;Mie, Cina, chow mein;475;8,11;15,43;72,8;3,7
20114;Mie, Jepang, soba, kering;336;14,38;0,71;74,62;-
20115;Mie, Jepang, soba, dimasak;99;5,06;0,1;21,44;-
20116;Mie, Jepang, somen, kering;356;11,35;0,81;74,1;4,3
20117;Mie, Jepang, somen, dimasak;131;4;0,18;27,54;-
20118;Mie, datar, renyah, restoran Cina;521;10,33;31,72;51,9;1,9
20120;Pasta, dikeringkan, diperkaya;371;13,04;1,51;74,67;3,2
20121;Pasta, dimasak, diperkaya, tanpa tambahan garam;158;5,8;0,93;30,86;1,8
20124;Pasta, gandum utuh, kering;352;13,87;2,93;73,37;9,2
20125;Pasta, gandum utuh, dimasak;149;5,99;1,71;30,07;3,9
20126;Spageti, bayam, kering;372;13,35;1,57;74,81;10,6
20127;Spageti, bayam, dimasak;130;4,58;0,63;26,15;-
20129;Tepung gandum, roti, tidak kaya;361;11,98;1,66;72,53;2,4
20130;Tepung gandum atau makanan;345;10,5;1,6;74,52;10,1
20131;Tepung gandum malt;361;10,28;1,84;78,3;7,1
20132;Tepung gandum, sebagian debran;404;14,66;9,12;65,7;6,5
20133;Mie beras, kering;364;5,95;0,56;80,18;1,6
20134;Mie beras, dimasak;108;1,79;0,2;24,01;1
20135;Pasta, gandum utuh, 51% gandum utuh, sisa semolina tidak diperkaya, kering;362;13,51;2,68;73,1;10,1
20136;Pasta, gandum utuh, 51% gandum utuh, sisa semolina yang tidak diperkaya, dimasak;159;5,82;1,5;31,51;4,6
20137;Quinoa, dimasak;120;4,4;1,92;21,3;2,8
20138;Gandum, Kamut khorasan, tidak dimasak;337;14,54;2,13;70,58;11,1
20139;Gandum, Kamut khorasan, dimasak;132;5,71;0,83;27,6;4,3
20140;Dieja, tidak dimasak;338;14,57;2,43;70,19;10,7
20141;Dieja, dimasak;127;5,5;0,85;26,44;3,9
20142;Teff, tidak dimasak;367;13,3;2,38;73,13;8
20143;Teff, dimasak;101;3,87;0,65;19,86;2,8
20310;Mie, telur, dimasak, diperkaya, ditambah garam;138;4,54;2,07;25,16;1,2
20314;Biji jagung, putih;365;9,42;4,74;74,26;-
20315;Tepung jagung, gandum utuh, biru (harina de maiz morado);364;8,75;5,09;73,89;8,4
20316;Tepung jagung, gandum utuh, putih;361;6,93;3,86;76,85;7,3
20317;Tepung jagung, kuning, masa, diperkaya;363;8,46;3,69;76,59;6,4
20320;Tepung jagung makan, gandum utuh, putih;362;8,12;3,59;76,89;7,3
20321;Pasta, dimasak, diperkaya, ditambah garam;157;5,8;0,93;30,59;1,8
20322;Tepung jagung, degermed, diperkaya, putih;370;7,11;1,75;79,45;3,9
20323;Tepung jagung, putih, mengembang sendiri, melesat, polos, diperkaya;334;8,28;3,4;70,28;6,7
20324;Tepung jagung, putih, mengembang sendiri, dibaut, ditambah tepung terigu, diperkaya;348;8,41;2,85;73,43;6,3
20325;Tepung jagung, putih, self-rise, degermed, diperkaya;355;8,41;1,72;74,79;7,1
20330;Bubur jagung, kalengan, kuning;72;1,48;0,88;14,26;2,5
20345;Nasi, putih, biji-bijian panjang, biasa, dimasak, diperkaya, dengan garam;130;2,69;0,28;28,17;0,4
20381;Tepung terigu, putih, serba guna, diperkaya, diperkaya kalsium;364;10,33;0,98;76,31;2,7
20409;Mie, telur, dikeringkan, tidak diperkaya;384;14,16;4,44;71,27;3,3
20410;Mie, telur, tidak diperkaya, dimasak, tanpa tambahan garam;138;4,54;2,07;25,16;1,2
20420;Pasta, dikeringkan, tidak diperkaya;371;13,04;1,51;74,67;3,2
20421;Pasta, dimasak, tidak diperkaya, tanpa garam;158;5,8;0,93;30,86;1,8
20422;Tepung jagung, degermed, unenriched, yellow;370;7,11;1,75;79,45;3,9
20444;Beras, putih, berbutir panjang, teratur, mentah, tidak diperkaya;365;7,13;0,66;79,95;1,3
20445;Nasi, putih, biji-bijian panjang, biasa, tidak kaya, dimasak tanpa garam;130;2,69;0,28;28,17;0,4
20446;Beras, putih, biji-bijian panjang, setengah matang, tidak diperkaya, kering;374;7,51;1,03;80,89;1,8
20447;Nasi, putih, biji-bijian panjang, setengah matang, tidak diperkaya, dimasak;123;2,91;0,37;26,05;0,9
20450;Beras, putih, biji-bijian sedang, mentah, tidak kaya;360;6,61;0,58;79,34;-
20451;Nasi, putih, biji-bijian sedang, dimasak, tidak diperkaya;130;2,38;0,21;28,59;-
20452;Nasi, putih, gandum pendek, mentah, tidak kaya;358;6,5;0,52;79,15;-
20453;Nasi, putih, biji-bijian pendek, dimasak, tidak kaya;130;2,36;0,19;28,73;-
20466;Semolina, tidak kaya;360;12,68;1,05;72,83;3,9
20481;Tepung terigu, putih, serba guna, tidak diperkaya;364;10,33;0,98;76,31;2,7
20510;Mie, telur, dimasak, tidak diperkaya, ditambah garam;138;4,54;2,07;25,16;1,2
20521;Pasta, dimasak, tidak diperkaya, dengan garam tambahan;157;5,8;0,93;30,59;1,8
20522;Tepung jagung, degermed, unenriched, white;370;7,11;1,75;79,45;3,9
20523;Spageti, diperkaya protein, dimasak, diperkaya (n x 6,25);164;8,86;0,21;30,88;2
20545;Nasi, putih, biji-bijian panjang, teratur, dimasak, tidak diperkaya, dengan garam;130;2,69;0,28;28,17;0,4
20581;Tepung terigu, putih, serba guna, diperkaya, tidak dikelantang;364;10,33;0,98;76,31;2,7
20622;Spageti, diperkaya protein, dikeringkan, diperkaya (n x 6,25);374;21,78;2,23;65,65;2,4
20623;Tepung terigu, putih (industri), protein 9%, diputihkan, diperkaya;367;8,89;1,43;77,32;-
20624;Tepung terigu, putih (industri), protein 9%, diputihkan, tidak diperkaya;367;8,89;1,43;77,32;2,4
20628;Tepung terigu, putih (industri), protein 10%, diputihkan, diperkaya;366;9,71;1,48;76,22;2,4
20629;Tepung terigu, putih (industri), protein 10%, diputihkan, tidak diperkaya;366;9,71;1,48;76,22;2,4
20630;Tepung terigu, putih (industri), protein 10%, tidak dikelantang, diperkaya;366;9,71;1,48;76,22;2,4
20634;Tepung terigu, putih (industri), protein 11,5%, diputihkan, diperkaya;363;11,5;1,45;73,81;2,4
20635;Tepung terigu, putih (industri), protein 11,5%, diputihkan, tidak diperkaya;363;11,5;1,45;73,81;2,4
20636;Tepung terigu, putih (industri), protein 11,5%, tidak dikelantang, diperkaya;363;11,5;1,45;73,81;2,4
20640;Tepung terigu, putih (industri), 13% protein, diputihkan, diperkaya;362;13,07;1,38;72,2;2,4
20641;Tepung terigu, putih (industri), 13% protein, diputihkan, tidak diperkaya;362;13,07;1,38;72,2;2,4
20645;Tepung terigu, putih (industri), protein 15%, diputihkan, diperkaya;362;15,33;1,41;69,88;2,4
20646;Tepung terigu, putih (industri), 15% protein, diputihkan, tidak diperkaya;362;15,33;1,41;69,88;2,4
20647;Tepung millet;382;10,75;4,25;75,12;3,5
20648;Tepung sorghum, butir utuh;359;8,43;3,34;76,64;6,6
20649;Tepung gandum, gandum utuh, gandum lunak;332;9,61;1,95;74,48;13,1
20650;Tepung sorgum, halus, tidak kaya;357;9,53;1,24;76,85;1,9
20651;Nasi, cokelat, setengah matang, dimasak, Uncle Bens;147;3,09;0,85;31,33;1,7
20652;Pasta, gandum utuh, 51% gandum utuh, sisa semolina yang diperkaya, dimasak;156;5,67;1,48;30,87;4,5
20653;Pasta, gandum utuh, 51% gandum utuh, sisa semolina yang diperkaya, kering;361;13,2;2,55;73,3;11,3
20654;Pasta, bebas gluten, tepung beras merah, dimasak, Tinkyada;138;3,46;1,67;32,2;1,7
20655;Pasta, bebas gluten, tepung jagung dan tepung quinoa, dimasak, Ancient Harvest;152;3,23;2,07;31,11;3,3
20656;Pasta, bebas gluten, tepung beras dan ekstrak bekatul, dimasak, De Boles;200;4,21;1,7;40,75;1,9
20657;Pasta, bebas gluten, tepung jagung dan beras, dimasak;179;3,2;1;38,05;1,4
21002;Makanan cepat saji, biskuit, dengan telur;274;8,53;16,23;23,46;0,6
21003;Makanan cepat saji, biskuit, dengan telur dan daging;305;11,33;20,73;19,06;0,5
21004;Makanan cepat saji, biskuit, dengan telur dan ham;233;10,64;14,08;16,37;0,4
21005;Makanan cepat saji, biskuit, dengan telur dan sosis;312;11,13;20,77;21,05;0,2
21006;Makanan cepat saji, biskuit dengan telur dan steak;277;12,12;19,21;14,37;-
21007;Makanan cepat saji, biskuit, dengan telur, keju, dan bacon;301;12,01;17,48;24,44;0,2
21008;Makanan cepat saji, biskuit, dengan ham;342;11,85;16,3;38,75;0,7
21009;Makanan cepat saji, biskuit, dengan sosis;371;9,67;24,42;29,99;0,4
21010;Makanan cepat saji, biskuit, dengan fillet ayam renyah;300;11,93;14,93;30,56;1,4
21011;Makanan cepat saji, croissant, dengan telur dan keju;304;10,07;19,45;22,45;-
21012;Makanan cepat saji, croissant, dengan telur, keju, dan bacon;312;12,58;19,97;20,79;1
21013;Makanan cepat saji, croissant, dengan telur, keju, dan ham;261;12,45;14,95;18,98;0,9
21014;Makanan cepat saji, croissant, dengan telur, keju, dan sosis;308;12,09;21,78;15,9;1,8
21018;Makanan cepat saji, telur, diacak;212;13,84;16,18;2,08;-
21020;Makanan cepat saji, muffin Inggris, dengan keju dan sosis;338;13,28;20,67;25,28;0,5
21021;Makanan cepat saji, muffin Inggris, dengan telur, keju, dan bacon Kanada;228;13,64;9,66;21,67;0,4
21022;Makanan cepat saji, muffin Inggris, dengan telur, keju, dan sosis;286;13,38;18,1;17,44;0,2
21023;Makanan cepat saji, roti bakar Prancis dengan mentega;264;7,66;13,9;26,7;-
21024;Makanan cepat saji, roti panggang prancis;340;6;17,74;41,21;1,4
21026;Makanan cepat saji, kentang, kentang goreng, potongan bundar atau patty;272;2,58;17,04;28,88;2,7
21028;Makanan cepat saji, vanila, es krim sajian lembut, dengan kerucut;163;4,24;4,86;26,36;0,1
21032;Makanan cepat saji, sundae, karamel;196;4,71;5,98;31,81;-
21033;Makanan cepat saji, sundae, hot fudge;180;3,57;5,46;30,17;-
21034;Makanan cepat saji, sundae, stroberi;175;4,09;5,13;29,18;-
21059;Makanan cepat saji, udang, dilapisi tepung roti dan digoreng;308;7,84;18,9;27,99;0,7
21060;Makanan cepat saji, burrito, dengan kacang;206;6,48;6,22;32,92;-
21061;Makanan cepat saji, burrito, dengan kacang dan keju;205;7,35;6,05;31,23;4,2
21063;Makanan cepat saji, burrito, dengan kacang dan daging sapi;191;11,52;7,47;19,52;3
21064;Makanan cepat saji, burrito, dengan kacang, keju, dan daging sapi;180;7,03;6,8;23,37;3,7
21078;Makanan cepat saji, nacho, dengan keju;343;4,32;21,5;34,91;3,2
21080;Makanan cepat saji, nacho, dengan keju, kacang, daging sapi, dan tomat;219;6,21;12,48;21,39;3,7
21082;Makanan cepat saji, taco dengan daging sapi, keju dan selada, cangkang keras;226;8,86;12,7;19,85;3,9
21083;Makanan cepat saji, salad taco;141;6,68;7,46;11,91;-
21089;"Makanan cepat saji, burger keju; patty tunggal, reguler; polos";308;16,51;14,72;28,03;2
21090;"Makanan cepat saji, burger keju; patty tunggal, reguler, dengan bumbu";270;13,49;12,9;25,46;1,9
21091;"Makanan cepat saji, burger keju; patty tunggal, reguler, dengan bumbu dan sayuran";254;13,06;11,5;24,97;1,4
21092;"Makanan cepat saji, burger keju; patty ganda, reguler; polos";308;17,16;17,4;20,8;0,7
21093;"Makanan cepat saji, burger keju; ganda, patty biasa, dengan bumbu dan sayuran";251;12,8;12,7;21,2;-
21094;Makanan cepat saji, burger keju, dobel, patty dan roti biasa, dengan bumbu;282;16,24;16,18;17,97;1
21095;"Makanan cepat saji, burger keju; ganda, reguler, patty dan roti; dengan bumbu dan sayuran";285;13,04;15,47;23,3;-
21096;"Makanan cepat saji, burger keju; patty tunggal, besar; polos";310;17,29;15,97;24,07;1,7
21097;"Makanan cepat saji, burger keju; patty tunggal, besar; dengan bumbu dan daging";282;15,78;15,86;18,89;1,3
21098;"Makanan cepat saji, burger keju; patty tunggal, besar; dengan bumbu dan sayuran";206;11,59;10,36;16,81;1,4
21099;"Makanan cepat saji, burger keju; patty tunggal, besar; dengan bumbu, sayuran dan ham";286;15,55;18,97;13,01;-
21100;"Makanan cepat saji, burger keju; ganda, patty besar, dengan bumbu dan sayuran";273;14,72;16,92;15,37;-
21101;"Makanan cepat saji, burger keju; tiga, patty biasa; polos";310;18,2;19,17;16,16;0,5
21102;Makanan cepat saji, sandwich fillet ayam, polos dengan acar;250;16,28;11,19;20,89;1,4
21105;Makanan cepat saji, sandwich ikan, dengan saus tartar;257;10,29;12,45;26,69;1
21106;Makanan cepat saji, sandwich ikan, dengan saus tartar dan keju;279;11,26;14,64;26,39;0,8
21107;"Makanan cepat saji, hamburger; patty tunggal, reguler; polos";297;16,52;12,01;31,5;1,7
21108;"Makanan cepat saji, hamburger; patty tunggal, reguler; dengan bumbu";263;13,3;10,18;29,57;1,8
21109;"Makanan cepat saji, hamburger; patty tunggal, reguler; dengan bumbu dan sayuran";254;11,74;12,25;24,81;-
21110;"Makanan cepat saji, hamburger; ganda, teratur, patty; polos";295;17,08;14,36;24,1;0,9
21111;"Makanan cepat saji, hamburger; patty ganda, reguler; dengan bumbu";268;14,8;15,1;18,02;-
21112;"Makanan cepat saji, hamburger; patty tunggal, besar; polos";311;16,51;16,73;23,16;-
21113;"Makanan cepat saji, hamburger; patty tunggal, besar; dengan bumbu dan sayuran";235;11,85;12,55;18,35;-
21114;"Makanan cepat saji, hamburger; patty ganda, besar; dengan bumbu dan sayuran";239;15,17;11,75;17,82;-
21115;Makanan cepat saji, hamburger, besar, tiga patty, dengan bumbu;267;19,3;16,01;11,04;-
21118;Makanan cepat saji, hotdog, polos;247;10,6;14,84;18,4;-
21119;Makanan cepat saji, hotdog, dengan cabai;260;11,85;11,79;27,45;-
21120;Makanan cepat saji, hotdog, dengan lapisan tepung jagung (corndog);263;9,6;10,8;31,88;-
21121;Makanan cepat saji, sandwich daging sapi panggang, polos;244;15,17;10,3;22,21;1,3
21124;Makanan cepat saji, sandwich kapal selam, potongan dingin roti putih dengan selada dan tomat;213;10,52;10,04;20,43;1,2
21125;Makanan cepat saji, sandwich kapal selam, daging sapi panggang di atas roti putih dengan selada dan tomat;156;12,17;2,73;20,34;0,7
21126;Makanan cepat saji, sandwich kapal selam, tuna di atas roti putih dengan selada dan tomat;218;12,33;12,04;15,95;0,7
21127;Makanan cepat saji, coleslaw;153;0,95;9,91;14,89;1,9
21129;Makanan cepat saji, hush puppies;296;6,16;13,25;40,21;2,9
21130;Makanan cepat saji, cincin bawang, dilapisi tepung roti dan digoreng;411;3,86;25,23;43,58;2,7
21138;Makanan cepat saji, kentang, kentang goreng dalam minyak sayur;312;3,43;14,73;41,44;3,8
21139;Makanan cepat saji, kentang, dihaluskan;89;1,65;2,82;14,65;1,3
21140;Lauk, salad kentang;114;1,53;6,03;13,53;-
21141;Burger king, vanilla shake;168;3,19;8,74;19,03;-
21142;Makanan cepat saji, biskuit;370;7,08;18,92;42,82;2,5
21143;Chick-Fil-A, Chick-N-Strips;228;21,4;11,2;10,39;0,9
21144;Chick-Fil-A, Kentang Goreng;301;3;18,5;30,51;3,2
21145;"Makan Siang Sekolah, Pizza, Ls Daddy's Besar 16"" 51% Whole Grain Rolled Edge Keju Pizza, Beku";243;13,89;8,81;27,1;2,7
21146;"Makan Siang di Sekolah, Pizza, Ls Daddy's Besar 16"" 51% Grain Rolled Edge Kalkun Pepperoni Pizza, Beku";248;13,63;9,33;27,35;4,1
21147;Makan Siang di Sekolah, Pizza, Tony's Smartpizza Whole Grain 4X6 Keju Pizza 50/50 Keju, Beku;233;12,08;7,51;29,27;3,8
21148;Makan Siang di Sekolah, Pizza, Tony's Smartpizza Whole Grain 4X6 Pepperoni Pizza 50/50 Keju, Beku;238;12,14;8,19;28,84;4,1
21149;Makan Siang di Sekolah, Pizza, Sosis Sarapan Pizza Tony's, Beku;240;10,39;10,04;26,99;2
21150;Subway, Teriyaki Ayam Bawang Bombai di Atas Roti Putih dengan Selada, Tomat, dan Saus Bawang Manis;155;10,91;2,37;22,54;1,2
21151;Makanan cepat saji, roti lapis selam, teriyaki ayam bawang manis di atas roti putih dengan selada, tomat dan saus bawang manis;155;10,91;2,37;22,54;1,2
21152;Subway, Subway Club Sub Pada Roti Putih dengan Selada dan Tomat;146;10,66;2,42;20,36;1,4
21153;Makanan cepat saji, sandwich kapal selam, kalkun, daging sapi panggang dan ham di atas roti putih dengan selada dan tomat;146;10,66;2,42;20,36;1,4
21154;Makanan cepat saji, sandwich kapal selam, ayam panggang oven di atas roti putih dengan selada dan tomat;157;10,84;3,15;21,35;1,2
21155;Makanan cepat saji, sandwich kapal selam, dada kalkun di roti putih dengan selada dan tomat;147;9,12;2,31;22,42;1,3
21156;Makanan cepat saji, sandwich kapal selam, ham di atas roti putih dengan selada dan tomat;151;9,12;2,53;22,91;1,3
21157;Subway, Bakso Marinara Sub di Atas Roti Putih (Tanpa Topping);219;9,77;8,45;26,01;2,1
21158;Makanan cepat saji, sandwich kapal selam, bakso marinara di atas roti putih;219;9,77;8,45;26,01;2,1
21159;Subway, Steak & Keju di Atas Roti Putih dengan Keju Amerika, Selada, dan Tomat;183;12,29;5,34;21,49;1,2
21160;Makanan cepat saji, sandwich kapal selam, steak dan keju di atas roti putih dengan keju, selada dan tomat;183;12,29;5,34;21,49;1,2
21161;Subway, B.L.T. Sub di Atas Roti Putih dengan Bacon, Selada dan Tomat;205;10,06;6,41;26,66;1,6
21162;Makanan cepat saji, roti lapis selam, bacon, selada, dan tomat di atas roti putih;205;10,06;6,41;26,66;1,6
21202;Makanan cepat saji, hamburger, besar, patty tunggal, dengan bumbu;256;15,68;11,6;22,14;1,1
21207;Subway, Sub Dada Dada Kalkun di Atas Roti Putih dengan Selada dan Tomat;147;9,12;2,31;22,42;1,3
21209;Subway, Sub Hutan Ham Hitam di Atas Roti Putih dengan Selada dan Tomat;151;9,12;2,53;22,91;1,3
21210;Subway, Panggang Sub Daging Sapi di Atas Roti Putih dengan Selada dan Tomat;155;12,17;2,73;20,34;0,7
21211;Subway, Sub Ayam Panggang Oven di Atas Roti Putih dengan Selada dan Tomat;157;10,84;3,15;21,35;1,2
21213;Subway, Potong Dingin di Atas Roti Putih dengan Selada dan Tomat;214;10,52;10,04;20,43;1,2
21214;Subway, Sub Tuna Pada Roti Putih dengan Selada dan Tomat;221;12,33;12,04;15,95;0,7
21224;Pizza, topping keju, kerak biasa, beku, dimasak;268;10,36;12,28;29,02;2,2
21225;Pizza, topping keju, kerak naik, beku, dimasak;260;12,37;8,78;32,91;2,5
21226;Pizza, topping daging dan sayuran, kerak biasa, beku, dimasak;276;11,28;14,43;25,14;2,2
21227;Pizza, topping daging dan sayuran, kerak naik, beku, dimasak;271;12,63;11,75;28,78;2,3
21228;Mcdonald's, Hamburger;264;12,92;10,09;30,28;1,3
21229;Makanan cepat saji, ayam, dilapisi tepung roti dan digoreng, tanpa tulang, polos;307;15,92;20,36;14,93;0,9
21230;Makanan cepat saji, sandwich filet ayam renyah, dengan selada dan mayones;276;10,94;13,59;27,4;1,4
21232;Mcdonald's, Filet-O-Ikan;282;11,26;14,64;26,39;1,4
21233;Mcdonald's, Burger Keju;263;12,97;11,79;27,81;1,1
21234;Mcdonald's, Quarter Pounder;244;14,1;11,55;22,17;1,6
21235;Mcdonald's, Quarter Pounder dengan Keju;258;14,59;14,22;19,95;1,4
21237;Mcdonald's, Mac Besar;257;11,82;14,96;20,08;1,6
21238;Mcdonald's, Kentang Goreng;323;3,41;15,47;42,58;3,9
21239;Wendy's, Tunggal Klasik Hamburger, Tanpa Keju;213;12,63;10,6;16,82;1,3
21240;Wendy's, Hamburger Klasik Tunggal, dengan Keju;221;14,87;11,6;14,2;1,4
21241;Wendy's, Jr. Hamburger, Tanpa Keju;243;12,62;8,75;28,45;1,7
21242;Wendy's, Jr. Hamburger, dengan Keju;256;13,06;11,5;24,97;1,4
21243;Wendy's, Double Classic, dengan Keju;241;16,52;14,2;11,71;1,1
21244;Wendy's, Sandwich Fillet Ayam Homestyle;214;13,78;8,1;21,55;1,3
21245;Wendy's, Sandwich Panggangan Ayam Terbaik;179;14,73;5;18,88;1,1
21246;Wendy's, Chicken Nuggets;326;16,46;22,55;14,31;-
21247;Wendy's, Kentang Goreng;301;3,73;14,1;39,73;4
21248;Wendy's, Dessert Frosty Dairy;132;3,49;2,6;23,62;3,3
21249;Burger king, goreng Perancis;280;3,23;12,48;38,7;2,9
21250;Burger king, hamburger;261;14,85;10,55;26,76;1
21251;Burger King, Burger Keju;286;14,57;14,81;23,71;1
21252;Burger king, whopper, tanpa keju;233;10,74;12,84;18,55;1,8
21253;Burger king, whopper, dengan keju;250;11,19;15,33;16,7;1
21254;Burger king, double whopper, tanpa keju;252;13,94;15,66;13,74;1,4
21255;Burger king, double whopper, dengan keju;266;14,47;17,06;13,52;1,6
21256;Burger King, Chicken Strips;292;18,2;15,25;20,49;1,3
21258;Burger King, Sandwich Ikan Premium;260;10,29;12,45;26,69;0,9
21259;Burger King, Sandwich Ayam Asli;286;12,14;14,69;26,22;2,4
21260;Taco Bell, Taco Asli dengan Daging Sapi, Keju, dan Selada;229;8,86;12,7;19,85;3,9
21261;Taco Bell, Taco Lembut dengan Daging Sapi, Keju, dan Selada;206;9,25;9,75;20,23;2,9
21262;Taco Bell, Taco Lembut dengan Ayam, Keju, dan Selada;189;13,3;6,35;19,69;1,2
21263;Taco Bell, Taco Lembut dengan Steak;225;11,81;12,1;17,22;1,6
21264;Taco Bell, Bean Burrito;209;7,35;6,05;31,23;4,2
21265;Taco Bell, Burrito Supreme dengan Daging Sapi;183;7,03;6,8;23,37;3,7
21266;Taco Bell, Burrito Supreme dengan Ayam;179;9,84;6,42;20,51;2,4
21267;Taco Bell, Burrito Supreme dengan Steak;183;9,13;7,27;20,32;2,4
21268;Taco Bell, Nachos;350;4,32;21,5;34,91;3,2
21269;Taco Bell, Nachos Supreme;223;6,21;12,48;21,39;3,7
21270;Taco Bell, Taco Salad;170;6,69;9,17;15,1;3
21271;"Pizza Hut 12"" Pizza Keju, Kerak Buatan Tangan";271;11,93;10,89;31,22;1,8
21272;"Pizza Hut 12"" Pizza Keju, Pan Crust";280;11,73;12,56;29,93;1,7
21273;"Pizza Hut 12"" Keju Pizza, Tipis Crispy Crin";303;15,29;14,1;28,64;1,6
21274;"Pizza Hut 12"" Pepperoni Pizza, Kerak Buatan Tangan";280;12,86;11,38;31,55;1,7
21275;"Pizza Hut 12"" Pepperoni Pizza, Pan Crust";298;11,97;14,21;30,49;1,8
21276;"Pizza Hut 12"" Pizza Super Supreme, Kerak Buatan Tangan";243;10,9;10,72;25,62;2
21277;"Pizza Keju 14"" Domino, Kerak Tangan-Tossed Klasik";257;10,8;8,97;33,24;2,2
21278;"Pizza Keju 14"" Domino, Kerak Piring Deep Ultimate";265;10,76;9,83;33,48;2,4
21279;"Pizza Keju 14"" Domino, Kerak Tipis Renyah";298;12,33;15,1;28,18;2,5
21280;"Pizza Pepperoni Domino 14"", kerak tangan-lempar klasik";273;11,25;11,18;31,86;2,1
21281;"Domino's 14"" Pepperoni Pizza, Crust Deep Dish Dish";283;11,52;12,1;31,89;2,4
21282;"Pizza Domino's 14"" Extravaganzza Feast, Classic-Tossed Crust";244;10,33;11,1;25,72;2
21283;"Pizza Keju 14"" Papa John's, Kerak Asli";260;11,53;9,25;32,74;1,9
21284;"Papa John's 14"" Pepperoni Pizza, Kerak Asli";275;11,97;11,86;30,04;1,2
21285;"Papa John's 14"" The Works Pizza, Kerak Asli";240;10,27;10,21;26,69;2,5
21286;"Pizza Keju Papa John's 14"", Kerak Tipis";295;12,29;15,66;26,26;2,3
21287;"Little Caesars 14"" Pizza Keju Bulat Asli, Kerak Biasa";265;13,39;9,54;31,5;1,7
21288;"Little Caesars 14"" Pizza Round Pepperoni Asli, Kerak Biasa";273;13,59;10,5;31,01;1,7
21289;"Little Caesars 14"" Pizza Daging dan Sayur Bulat Asli, Kerak Biasa";243;12,12;11,35;23,1;2,1
21290;"Little Caesars 14"" Pizza Keju, Kerak Hidangan Besar";263;12,63;10,22;30,1;1,3
21291;"Little Caesars 14"" Pepperoni Pizza, Kerak Deep Deep Dish Besar";265;12,93;10,81;29,03;1,5
21292;"Little Caesars 14"" Pizza Keju, Kerak Tipis";309;16,23;16,99;22,85;1,6
21293;"Pizza Hut 14"" Pizza Keju, Kerak Buatan Tangan";275;11,98;10,42;33,42;2,4
21294;"Pizza Hut 14"" Pizza Keju, Pan Crust";276;10,85;11,25;32,85;2,1
21295;"Pizza Hut 14"" Keju Pizza, Tipis Crispy Crin";306;13,37;12,8;34,22;2,4
21296;"Pizza Hut 14"" Pepperoni Pizza, Kerak Buatan Tangan";291;12,23;12,63;32,11;2,6
21297;"Pizza Hut 14"" Pepperoni Pizza, Pan Crust";291;11,47;13,07;31,79;2
21298;"Pizza Hut 14"" Pizza Super Supreme, Kerak Buatan Tangan";248;11,34;10,95;26,01;2,3
21299;"Makanan cepat saji, Pizza Chain, pizza 14"", topping keju, kerak biasa";266;11,39;9,69;33,33;2,3
21300;"Makanan cepat saji, Pizza Chain, pizza 14"", topping keju, kerak tebal";271;10,81;10,54;33,17;2,2
21301;"Makanan cepat saji, Pizza Chain, pizza 14"", topping keju, kerak tipis";302;12,85;13,95;31,2;2,5
21302;"Makanan cepat saji, Pizza Chain, pizza 14"", topping pepperoni, kerak biasa";282;11,74;11,91;31,98;2,3
21303;"Makanan cepat saji, Pizza Chain, pizza 14"", topping pepperoni, kerak tebal";287;11,49;12,58;31,84;2,2
21304;"Makanan cepat saji, Pizza Chain, topping pizza 14"", daging dan sayuran, kerak biasa";244;11,02;10,9;25,38;2,2
21305;Makanan cepat saji, sandwich kue wajan, telur, keju, dan sosis;291;10,77;17,73;22,04;0,6
21306;Makanan cepat saji, sandwich kue wajan, sosis;318;8,41;17,76;31,25;1
21307;Makanan cepat saji, sandwich kue wajan, telur, keju, dan bacon;272;12,03;13,19;26,19;0,8
21309;Mcdonald's, Mcnugget Ayam;302;15,79;19,81;15,09;-
21310;Mcdonald's, Saus Barbeque;165;1,55;1,22;36,93;1,3
21311;Mcdonald's, Saus Ranchy Krim;468;1,11;52,03;3,49;-
21313;Mcdonald, saus mustard panas;190;2,6;7,31;29,08;5
21314;Mcdonald's, Saus Kerbau Pedas;142;0,54;15,45;1,81;1,5
21315;Mcdonald's, Saus Asam Manis;170;0,66;1,09;39,38;-
21316;Mcdonald, saus mustard madu tajam;167;1,32;5,77;28,81;2,7
21319;Mcdonald's, Hash Brown;271;2,48;16,3;28,56;2,8
21321;Mcdonald's, Kue Panas (Biasa);228;6;5,84;38,27;1,4
21324;Mcdonald's, Baked Apple Pie;323;3,07;15,66;43,62;2
21327;Mcdonald's, Bacon, Telur & Keju Mcgriddles;272;12,03;13,19;26,19;0,8
21328;Mcdonald's, Sosis Mcgriddles;312;8,41;17,76;31,25;1
21329;Mcdonald's, Sosis, Telur & Keju Mcgriddles;283;10,77;17,73;22,04;0,6
21333;Mcdonald's, Vanilla Reduced Fat Es Krim Cone;162;4,24;4,86;26,36;0,1
21334;Mcdonald's, Strawberry Sundae;158;3,19;3,95;28,09;-
21335;Mcdonald's, Hot Caramel Sundae;188;3,58;4,89;33,36;-
21336;Mcdonald's, Hot Fudge Sundae;186;4,14;5,91;30,05;0,4
21337;Mcdonald's, Peanuts (For Sundaes);640;28,04;52,91;16,23;-
21338;Mcdonald's, Mcflurry dengan M & M's Candies;177;4,02;6,46;26,82;0,2
21339;Mcdonald's, Mcflurry dengan Cookie Oreo;165;3,97;5,66;25,55;0,1
21340;Mcdonald's, Sosis Burrito;277;11,1;15,63;22,97;1,2
21341;Mcdonald's, Sarapan Besar;285;10,16;19,37;17,5;1,1
21343;Mcdonald's, Saus Karamel Rendah Lemak;313;1,89;3,25;71,53;-
21344;Mcdonald's, Double Cheeseburger;282;15,5;16,09;18,79;0,8
21345;Mcdonald's, Pounder Quarter Ganda dengan Keju;262;16,96;16,22;14,43;1
21346;Mcdonald's, Newb's Sendiri Cobb Sendiri;196;1,69;14,45;15,49;0,3
21347;Mcdonald's, Newman's Sendiri Creamy Caesar Dressing;319;3,56;31,5;6,85;0,1
21348;Mcdonald's, Newman's Sendiri Balsamic Vinaigrette Rendah Lemak;86;0,19;5,94;24,65;0,4
21349;Mcdonald's, Dressing Peternakan Newman's Sendiri;313;2,62;26,57;16,75;0,3
21350;Mcdonald's, Mac Besar (Tanpa Saus Mac Besar);234;12,79;11,57;21,01;1,7
21355;Mcdonald's, Sandwich Mcchicken;273;10,43;13,21;27,97;1,3
21356;Mcdonald's, Mcchicken Sandwich (Tanpa Mayones);240;11,08;8,46;30,95;1,4
21357;Mcdonald's, Egg Mcmuffin;228;13,64;9,66;21,67;1,1
21358;Mcdonald's, Sosis Mcmuffin;333;12,66;21,06;24,52;1,4
21359;Mcdonald's, Sosis Mcmuffin dengan Telur;274;12,59;17,83;17,28;0,9
21360;Mcdonald's, Bacon Egg & Keju Biskuit;304;13,45;18,77;22,26;0,9
21361;Mcdonald's, Sosis Biskuit;376;9,62;25,4;27,2;1,2
21362;Mcdonald's, Sosis Biskuit dengan Telur;311;11,27;22,26;19,28;0,8
21363;Mcdonald's, Sarapan Deluxe, dengan Sirup dan Margarin;285;7,56;15,23;29,48;1
21364;Mcdonald's, Kue Panas dan Sosis;294;7,81;12,5;37,55;1,6
21365;Mcdonald's, Kue Panas (dengan 2 Tepuk Margarine & Sirup);272;4,05;8,06;46,08;0,9
21376;Mcdonald's, Salad Bacon Ranch dengan Ayam Bakar;81;10,28;3,14;3,64;1
21377;Salad Bacon Mcdonald's dengan Crispy Chicken;122;8,82;6,3;6,08;1
21378;Mcdonald's, Bacon Ranch Salad Tanpa Ayam;61;4,14;3,64;4,2;1,5
21379;Mcdonald's, Salad Sisi;20;1,03;0,19;4,3;1,6
21380;Mcdonald's, Fruit 'n Yogurt Parfait;105;2,73;1,3;20,72;1
21381;Mcdonald's, Fruit 'n Yogurt Parfait (Tanpa Granola);90;2,47;1,13;17,67;0,9
21382;Mcdonald's, Filet-O-Fish (Tanpa Saus Tartar);243;12,47;7,62;31,08;1
21383;Burger king, Croissan'Wich dengan sosis, telur, dan keju;308;12,09;21,78;15,9;1,8
21384;Burger king, Croissan'Wich dengan sosis dan keju;376;13,73;25,45;23;0,7
21385;Burger king, Croissan'Wich dengan telur dan keju;283;10,35;15,78;24,79;0,7
21386;Burger king, stick roti panggang Perancis;349;6;17,74;41,21;1,4
21387;Burger King, Hash Brown Rounds;302;2,8;19,3;29,37;2,3
21388;Makanan cepat saji, miniatur gulungan kayu manis;403;7,02;17,95;53,38;2,2
21389;"Makanan cepat saji, hamburger; patty ganda, besar; dengan bumbu, sayuran, dan mayones";252;13,94;15,66;13,74;1,4
21390;"Makanan cepat saji, hamburger; patty tunggal, besar; dengan bumbu, sayuran, dan mayones";226;11,34;12,37;17,33;1,5
21393;"Makanan cepat saji, hamburger; patty tunggal, reguler; roti bersusun dua dengan bumbu dan saus khusus";259;12,17;13,3;22,69;1,4
21395;"Makanan cepat saji, burger keju; patty ganda, reguler; dengan bumbu";282;16,24;16,18;17,97;0,9
21396;"Makanan cepat saji, burger keju; patty ganda, besar; dengan bumbu";272;16,96;16,22;14,43;1
21397;"Makanan cepat saji, burger keju; patty tunggal, besar; dengan bumbu, sayuran, dan mayones";268;13,69;15,8;17,73;1,1
21398;"Makanan cepat saji, burger keju; patty tunggal, besar; dengan bumbu";269;15,21;14,4;19,72;1,2
21399;"Makanan cepat saji, Burger keju; patty ganda, besar; dengan bumbu, sayuran, dan mayones";253;15,5;15,63;12,62;1,3
21400;"Makanan cepat saji, burger keju; patty ganda, reguler; roti bersusun dua dengan bumbu dan saus khusus";261;11,94;14,1;21,53;1,4
21401;Makanan cepat saji, tender ayam;271;19,22;13,95;17,25;1,2
21402;Mcdonald's, Sandwich Klasik Ayam Panggang Premium;183;14,16;4,29;22,28;1,4
21403;Mcdonald's, Sandwich Klasik Ayam Crispy Premium;228;12,08;8,68;25,46;1,4
21404;Mcdonald's, Premium Grilled Chicken Club Sandwich;221;17,19;8,05;19,87;1,2
21405;Mcdonald's, Premium Crispy Chicken Club Sandwich;250;15,38;11,76;22,61;1,2
21406;Mcdonald's, Premium Blt Sandwich Peternakan Ayam Bakar;204;16,7;5,41;21,91;1,4
21407;Mcdonald's, Premium Crispy Chicken Ranch Blt Sandwich;244;14,7;9,55;24,93;1,4
21410;Makanan cepat saji, bagel, dengan telur, patty sosis, keju, dan bumbu;295;12,98;16,97;22,64;0,2
21411;Makanan cepat saji, bagel, dengan steak sarapan, telur, keju, dan bumbu;282;15,95;14,07;22,99;0,2
21412;Light Ice Cream, sajian lembut, dicampur dengan permen cokelat susu;182;4,02;6,46;26,82;0,2
21413;Es Krim Ringan, sajian lembut, dicampur dengan potongan kue;169;3,97;5,66;25,55;0,1
21415;Popeyes, Biskuit;401;6;23,71;40,95;3,8
21416;Popeyes, Coleslaw;161;0,98;11,18;14,12;1,7
21417;Popeyes, Mild Chicken Strips, Dianalisis 2006;271;19,2;13,01;19,31;0,8
21418;Popeyes, Strip Ayam Pedas, Dianalisis 2006;253;19,61;11,2;18,52;1,2
21419;KFC, Biskuit;358;7,5;17,05;43,55;2
21420;KFC, Coleslaw;144;0,91;8,64;15,65;2
21421;KFC, Crispy Chicken Strips;274;20,25;15,42;13,66;1,4
21422;KFC, Ayam Popcorn;351;17,67;21,74;21,18;1
21424;KFC, Ayam Goreng, Resep Asli, Kulit dan Breading;384;14,17;28,01;18,79;-
21425;KFC, Ayam Goreng, Resep Asli, Dada, Hanya Daging, Kulit dan Breading Dikeluarkan;149;26,89;4,56;-;-
21426;KFC, Ayam Goreng, Resep Asli, drumstick, Hanya Daging, Kulit dan Breading Dikeluarkan;175;26,3;7,66;0,11;-
21427;KFC, Ayam Goreng, Resep Asli, Paha, Hanya Daging, Kulit dan Breading Dikeluarkan;175;22,78;9,31;0,01;-
21428;KFC, Ayam Goreng, Resep Asli, Sayap, Hanya Daging, Kulit dan Breading Dikeluarkan;216;28,65;10,49;1,76;-
21429;KFC, Ayam Goreng, Crispy Ekstra, Kulit dan Breading;464;10,96;36,61;22,54;1,5
21430;KFC, Ayam Goreng, Crispy Ekstra, Dada, Hanya Daging, Kulit dan Breading Dikeluarkan;153;27,25;4,82;0,25;-
21431;KFC, Ayam Goreng, Crispy Ekstra, Drumstick, Daging Saja, Kulit dan Breading Dibuang;170;25,9;7,43;-;-
21432;KFC, Ayam Goreng, Crispy Ekstra, Paha, Hanya Daging, Kulit dan Breading Dikeluarkan;179;22,41;9,96;-;-
21433;KFC, Ayam Goreng, Crispy Ekstra, Sayap, Hanya Daging, Kulit dan Breading Dihilangkan;236;28,67;12,13;2,97;-
21434;KFC, Ayam Goreng, Resep Asli, Dada, Daging dan Kulit dengan Breading;231;21,94;13,11;6,28;-
21435;KFC, Ayam Goreng, Resep Asli, Paha, Daging dan Kulit dengan Breading;239;22,3;14,22;5,39;-
21436;KFC, Ayam Goreng, Resep Asli, Paha, Daging dan Kulit dengan Breading;269;18,9;17,73;8,46;-
21437;KFC, Ayam Goreng, Resep Asli, Sayap, Daging dan Kulit dengan Breading;297;21,7;18,9;9,93;-
21438;KFC, Ayam Goreng, Crispy Ekstra, Dada, Daging dan Kulit dengan Breading;268;21,24;16,55;8,47;-
21439;KFC, Ayam Goreng, Crispy Ekstra, Paha, Daging dan Kulit dengan Breading;274;20,62;17,73;7,96;-
21440;KFC, Fried Chicken, Extra Crispy, Paha, Daging dan Kulit dengan Breading;309;17,17;22,14;10,3;-
21441;KFC, Ayam Goreng, Kebijakan Ekstra, Sayap, Daging dan Kulit dengan Breading;337;20,8;23;11,66;-
21442;Popeyes, Ayam Goreng, Ringan, Dada, Hanya Daging, Kulit dan Breading Dikeluarkan;157;28,98;4,52;-;-
21443;Popeyes, Fried Chicken, Mild, Drumstick, Hanya Daging, Kulit dan Breading Dikeluarkan;170;26,51;7,14;0,04;-
21444;Popeyes, Ayam Goreng, Ringan, Kulit dan Breading;433;13,96;32,32;21,54;1
21445;Popeyes, Ayam Goreng, Ringan, Paha, Hanya Daging, Kulit dan Breading Dikeluarkan;188;24,31;9,66;0,85;-
21446;Popeyes, Ayam Goreng, Ringan, Sayap, Hanya Daging, Kulit dan Breading Dibuang;212;28,94;9,42;2,9;-
21456;Popeyes, Ayam Goreng, Ringan, Dada, Daging, dan Kulit dengan Breading;274;21,67;16,47;9,83;0,4
21457;Popeyes, Fried Chicken, Mild, Drumstick, Daging dan Kulit dengan Breading;293;20,44;19,14;9,84;-
21458;Popeyes, Ayam Goreng, Ringan, Paha, Daging dan Kulit dengan Breading;310;19,14;20,99;11,2;0,5
21459;Popeyes, Ayam Goreng, Ringan, Sayap, Daging dan Kulit dengan Breading;338;20,4;22,48;13,52;0,6
21461;Makanan cepat saji, ayam panggang, sandwich bacon dan klub tomat, dengan keju, selada, dan mayones;220;17,19;8,05;19,87;1,2
21462;Makanan cepat saji, ayam renyah, bacon, dan sandwich klub tomat, dengan keju, selada, dan mayones;257;15,38;11,76;22,61;1,2
21463;Yogurt parfait, rendah lemak, dengan buah dan granola;84;3,36;1,01;15,86;1,1
21464;Makanan cepat saji, Ayam Goreng, Dada, hanya daging, kulit dan breading dibuang;153;27,93;4,54;-;-
21465;Makanan cepat saji, Ayam Goreng, drumstick, hanya daging, kulit dan breading dibuang;172;26,24;7,41;-;-
21466;Makanan cepat saji, Ayam Goreng, Paha, hanya daging, kulit dan breading dibuang;178;23,21;9,41;0,24;-
21467;Makanan cepat saji, Ayam Goreng, Sayap, hanya daging, kulit dan breading dibuang;215;28,77;10,2;2,13;-
21468;Makanan cepat saji, Ayam Goreng, Kulit dan berkembang biak dari semua bagian;398;14,11;29,22;19,56;0,3
21469;Makanan cepat saji, Ayam Goreng, Dada, daging dan kulit dan berkembang biak;230;23,51;12,44;6,03;0,1
21470;Makanan cepat saji, Ayam Goreng, Drumstick, daging dan kulit dengan breading;267;21,13;16,92;7,59;0,5
21471;Makanan cepat saji, Ayam Goreng, Paha, daging dan kulit dan berkembang biak;274;19,23;18,07;8,68;0,1
21472;Makanan cepat saji, Ayam Goreng, Sayap, daging dan kulit dan berkembang biak;310;21,14;20,09;11,19;0,1
21473;Digiorno Pizza, Topping Keju, Kerak Isian Keju, Beku, Dipanggang;279;13,48;11,68;29,86;1,9
21474;Pizza digiorno, topping keju, kerak naik, beku, dipanggang;256;12,8;8,6;31,78;2,4
21475;Pizza digiorno, topping keju, kerak renyah tipis, beku, dipanggang;247;12,96;9,91;26,47;3
21476;Pizza digiorno, topping pepperoni, kerak isian keju, beku, dipanggang;279;13,92;11,71;29,46;2,1
21477;Pizza digiorno, topping pepperoni, kerak naik, beku, dipanggang;265;12,46;10,11;31,15;2,3
21478;Pizza digiorno, topping pepperoni, kerak renyah, beku, dipanggang;283;13,22;12,86;28,67;2,8
21479;Pizza digiorno, topping tertinggi, kerak naik, beku, dipanggang;255;11,74;10,68;27,93;2,3
21480;Pizza digiorno, topping tertinggi, kerak renyah, beku, dipanggang;255;11,41;10,8;28,05;2,8
21482;"Makanan cepat saji, Pizza Chain, pizza 14"", topping sosis, kerak tebal";282;11,06;12,94;30,36;2,3
21483;"Makanan cepat saji, Pizza Chain, pizza 14"", topping sosis, kerak tipis";321;13,36;17,71;27;2,5
21484;"Makanan cepat saji, Pizza Chain, pizza 14"", topping sosis, kerak biasa";280;11,5;12,35;30,62;2,3
21485;"Makanan cepat saji, Pizza Chain, pizza 14"", topping pepperoni, kerak tipis";331;14,01;17,61;29;2,3
21486;Makanan cepat saji, taco dengan daging sapi, keju dan selada, lembut;206;9,25;9,75;20,23;2,9
21487;Makanan cepat saji, taco dengan ayam, selada dan keju, lunak;189;13,3;6,35;19,69;1,2
21488;Makanan cepat saji, quesadilla, dengan ayam;294;15,05;15,25;24,04;1,7
21490;Makanan cepat saji, sandwich filet ayam panggang, dengan selada, tomat, dan olesan;182;17,34;4,57;16,78;0,9
21491;"Pizza Hut 14"" Pepperoni Pizza, Thin 'N Crispy Crust";333;14,13;16,17;32,66;2,1
21492;"Domino's 14"" Pepperoni Pizza, Crusty Thin Crust";328;13,88;19,05;25,35;2,6
21493;"Domino's 14"" Sosis Pizza, Kerak Tipis Renyah";319;12,77;18,52;25,3;2,6
21494;"Domino's 14"" Sosis Pizza, Kerak Tangan-Tossed Klasik";273;11,08;11,2;31,84;2,4
21495;"Domino's 14"" Sosis Pizza, Ultimate Deep Dish Crust";277;11,03;12,03;31,17;2,6
21496;"Pizza Hut 14"" Sosis Pizza, Thin 'N Crispy Crust";323;13,95;16,9;28,7;2,4
21497;"Pizza Hut 14"" Sosis Pizza, Kerak Buatan Tangan";287;11,92;13,5;29,39;2,3
21498;"Pizza Hut 14"" Sosis Pizza, Pan Crust";287;11,08;13,85;29,56;2
21499;Pizza Kashi, Sayuran Bakar, Beku, Tidak Siap;224;12,5;8,4;24,5;3,7
21500;Kashi Pizza, Trio & Bayam Jamur, Beku, Tidak Siap;222;12,7;8,3;24,6;3,9
21501;Pizza Kashi, Margherita, Beku, Tidak Siap;230;12,8;8,4;25,7;3,8
21503;Pizza Kashi, Mediterania, Beku, Tidak Siap;231;12,7;7,5;31;4,1
21505;Pizza, topping keju, kerak tipis, beku, dimasak;263;11,91;11,07;28,8;3
21506;Burger King, Double Cheeseburger;282;16,83;16,13;17,43;-
21507;Wendy's, Double Stack, dengan Keju;285;18,53;16,6;15,35;-
21508;Wendy's, Sandwich Ayam Crispy;278;11,72;13,93;26,36;-
21509;Burger King, Onion Rings;417;3,86;25,23;43,58;2,7
21510;Wendy's, Dave's Hot 'N Juicy 1/4 Lb, Lajang;268;13,69;15,8;17,73;1,1
21511;"Makanan cepat saji, Pizza Chain, Pizza 14"", Topping Keju, Kerak Isi";274;12,23;11,63;30;1,7
21512;"Pizza Hut 14"" Pizza Keju, Kerak Stuffed";274;12,23;11,63;30;1,7
21513;Kashi Pizza, Greek Tzatziki, Melayani Tunggal, Beku, Tidak Siap;203;11,1;6,6;29,7;5,9
21514;Pizza Kashi, Tikka Masala, Satu Porsi, Beku, Tidak Siap;191;10,2;5,9;29,5;6
21515;Pizza Morningstar Pizza, Baja Black Bean, Melayani Tunggal, Beku, Tidak Siap;235;10,6;6,9;36,9;5,2
21516;Pizza Kashi, Jamur dan Bayam, Sekali Saji, Beku, Tidak Siap;229;10,7;6;36,5;4,1
21517;Makanan cepat saji, ayam renyah dalam tortilla, dengan selada, keju, dan saus peternakan;275;11,48;15,1;23,22;1,3
21518;Makanan cepat saji, ayam panggang dalam tortilla, dengan selada, keju, dan saus peternakan;222;13,77;10,31;18,43;0,9
21519;Makanan cepat saji, sarapan burrito, dengan telur, keju, dan sosis;277;11,1;15,63;22,97;1,2
21520;Makanan cepat saji, batang roti, lunak, disiapkan dengan bawang putih dan keju parmesan;343;12,2;12,88;44,48;2,4
21521;Makanan cepat saji, smoothie pisang strawberry dibuat dengan es dan yogurt rendah lemak;65;0,86;0,14;15,05;0,9
21522;Mcdonald's, Biskuit Ayam Gaya Selatan;304;11,93;14,93;30,56;1,4
21523;Mcdonald's, Ranch Snack Wrap, Crispy;275;11,48;15,1;23,22;1,3
21524;Mcdonald's, Ranch Snack Wrap, Grilled;222;13,77;10,31;18,43;0,9
21525;Pizza Hut, Breadstick, Parmesan Bawang Putih;343;12,2;12,88;44,48;2,4
21526;Chick-Fil-A, Sandwich Ayam;249;16,28;11,19;20,89;1,4
21527;Arby's, Sandwich Daging Sapi Panggang, Klasik;242;15,17;10,3;22,21;1,3
21600;Makan siang di sekolah, pizza, topping keju, kerak tipis, gandum utuh, beku, dimasak;247;12,72;7,91;31,31;4
21601;Makan siang di sekolah, pizza, topping keju, kerak kental, gandum, beku, dimasak;254;14,62;9,27;28,08;2,9
21602;Makan siang di sekolah, pizza, topping pepperoni, kerak tipis, gandum, beku, dimasak;254;12,78;8,62;31,24;4,3
21603;Makan siang di sekolah, pizza, topping pepperoni, kerak kental, gandum, beku, dimasak;259;14,35;9,82;28,3;4,3
21604;Makan siang di sekolah, pizza, topping sosis, kerak tipis, gandum, beku, dimasak;250;12,63;7,83;32,24;3,9
21605;Makan siang di sekolah, pizza, topping sosis, kerak kental, gandum, beku, dimasak;257;13,26;9,07;30,58;4
21610;Makan siang di sekolah, daging ayam, roti gandum utuh;246;17,64;13,93;12,5;2,3
21611;Makan siang di sekolah, nugget ayam, roti gandum utuh;270;15,67;12,9;22,86;2,2
22118;Morningstar Farms Garden Veggie Patties, Beku, Tidak Siap;176;17,8;5,5;13,7;4,5
22119;Morningstar Farms Veggie Dog, Beku, Tidak Siap;126;17,4;1,3;11,2;2,3
22120;Morningstar Farms Grillers Resep Gaya Burger Hancur, Beku, Tidak Siap;135;18,5;4,3;8,3;5,6
22121;Morningstar Farms Grillers Vegan, Beku, Tidak Siap;132;16,3;3,4;9,1;5,2
22122;Morningstar Farms Sarapan Sosis Roti, Beku, Tidak Siap;210;25,8;7,9;8,8;4,1
22123;Morningstar Farms Spicy Black Bean Burger, Beku, Tidak Siap;168;14,6;6,1;19,1;6
22126;Loma Linda Frank Besar, Kalengan, Tidak Siap;218;21,5;12,1;5,8;3,5
22247;Makaroni dan Keju, hidangan kaleng;82;3,38;2,46;11,52;0,5
22401;Spageti dengan saus daging, hidangan beku;90;5,05;1,01;15,24;1,8
22402;Makaroni daging sapi dengan saus tomat, hidangan beku, mengurangi lemak;113;5,89;1,96;17,99;1,4
22522;Pasta dengan irisan franks dalam saus tomat, hidangan kaleng;90;4,37;2,38;12,7;1,6
22528;Pie Pot Kalkun, hidangan beku;176;6,5;8,8;17,7;1,1
22529;Pie Pot Daging Sapi, hidangan beku, disiapkan;220;7,25;11,39;22,05;0,8
22535;Pocket Hot, Pocket Croissant Ayam, Brokoli, dan Sandwich Boneka Cheddar, Beku;235;8,9;8,6;30,4;1,1
22537;Pocket Panas Sandwich Ham 'N Cheese Stuffed, Beku;241;9,16;9,14;30,55;1,5
22899;Ravioli, diisi keju, kalengan;77;2,48;1,45;13,64;1,3
22900;Ravioli, diisi daging, dengan saus tomat atau saus daging, kalengan;97;3,24;3,41;13,26;1,5
22901;Tortellini, pasta dengan isi keju, segar, seperti yang dibeli;307;13,5;7,23;47;1,9
22902;Pizza, topping daging, kerak kental, beku, dimasak;274;11,76;11,52;30,76;2,3
22903;Pizza, topping pepperoni, kerak biasa, beku, dimasak;274;14,38;13,13;24,69;2
22904;Cabai con carne dengan kacang, hidangan kaleng;107;5,8;3,47;13,1;3,3
22905;Sup daging sapi, hidangan kaleng;99;4,41;5,53;7,85;0,9
22906;Pie ayam, hidangan beku, disiapkan;204;5,11;11,85;19,21;1,1
22908;Daging sapi, hash kornet, dengan kentang, kalengan;164;8,73;10,24;9,27;1,1
22910;Lasagna, keju, beku, disiapkan;130;6,54;5,33;13,84;1,7
22911;Cabai, tanpa kacang, hidangan kaleng;118;7,53;7,1;6,1;0,5
22912;Spaghetti, dengan bakso dalam saus tomat, kalengan;100;4,37;4,11;11,45;2,7
22914;Pasta dengan saus tomat, tanpa daging, kalengan;70;2,22;0,44;14,22;0,9
22915;Lasagna dengan daging & saus, hidangan rendah lemak, beku;101;6,81;2,23;13,5;1,3
22916;Lasagna dengan daging & saus, hidangan beku;124;6,63;4,42;14,39;1,4
22917;Burrito, daging sapi dan kacang, beku;239;7,26;9,61;30,84;4,2
22918;Burrito, kacang dan keju, beku;221;7,07;6,3;34,01;3,4
22919;Makaroni dan Keju, kalengan, microwave;134;5,98;5,99;13,96;0,4
22928;Burrito, daging sapi dan kacang, microwave;298;8,73;11,94;38,95;6,9
22929;Spaghettios, Ravioli Daging Sapi Mini dalam Saus Daging;99;4,25;1,74;16,6;1,9
22930;Spaghettios, Spaghetti dalam Saus Tomat & Keju;80;2,78;0,6;15,87;1,2
22931;Spaghettios, Spaghettios Asli;67;2,38;0,4;13,89;1,2
22932;Spaghettios, Spaghettios A Hingga Z's;67;2,38;0,4;13,89;1,2
22937;Spaghettios, Spaghettio dalam Saus Daging;69;3,17;0,79;12,3;1,2
22938;Spaghettios, Spageti Plus Kalsium;67;2,38;0,4;13,89;1,2
22939;Spaghettios, Spaghettios Raviolios Ravioli Daging Sapi dalam Saus Daging;106;4,37;3,17;15,08;1,6
22940;Spaghettios, Spageti dengan Bakso;95;4,37;2,78;12,7;1,6
22941;Spaghettios, Spaghettios dengan Sliced ??Franks;87;3,57;2,38;12,7;1,6
22942;Spaghettios, Spaghettios A Hingga Z's dengan Meatballs;95;4,37;2,78;12,7;1,6
22943;Supper Bakes Meal Kits, Cheesy Chicken dengan Pasta (Ayam Tidak Termasuk);198;7,06;4,71;31,76;1,2
22944;Supper Membuat Kit Makanan, Saus Stroganoff Krim dengan Pasta;147;4,8;3,2;24,8;0,8
22945;Supper Bakes Meal Kit, Ayam Bawang Putih dengan Pasta (Ayam Tidak Termasuk);220;9,76;0,98;42,93;2
22946;Supper Bakes Makan Kit, Ramuan Ayam dengan Nasi (Ayam Tidak Termasuk);197;4,26;1,06;42,55;1,1
22947;Supper Bakes Makan Kit, Lemon Chicken dengan Nasi Herbal (Ayam Tidak Termasuk);210;4,26;1,06;45,74;2,1
22948;Supper Bakes Meal Kit, Savour Pork Chops dengan Ramuan Isian (Pork Chop Tidak Termasuk);181;5,91;1,18;36,64;2,4
22949;Supper Bakes Makan Kit, Ayam Gaya Barat Daya Dg Nasi (Ayam Tidak Termasuk);189;4,94;1,23;39,51;2,5
22950;Supper Bakes Meal Kit, Ayam Panggang Tradisional dengan Isian (Ayam Tidak Termasuk);190;5,94;3,56;34,44;2,4
22951;Swanson, Chicken A La King;71;4,7;4,03;4,03;0,7
22952;Swanson, Ayam, dan Pangsit;93;4,45;4,05;9,72;0,8
22953;Gulungan telur, babi, didinginkan, dipanaskan;222;9,94;7,17;29,5;2,1
22954;Gulungan telur, ayam, didinginkan, dipanaskan;197;10,44;4,51;28,54;2,4
22955;Gulungan telur, sayuran, beku, disiapkan;214;5,95;6,97;31,77;2,4
22956;Lasagna, Sayuran, beku, dipanggang;139;6,87;6,04;14,18;1,9
22957;Kalkun, isian, kentang tumbuk dengan saus, aneka sayuran, beku, microwave;128;6,97;3,89;16,32;1,3
22958;Mangkuk nasi dengan ayam, hidangan beku, disiapkan (termasuk varietas goreng, teriyaki, dan asam manis);126;5,65;1,56;22,46;0,7
22959;Makan malam makaroni dan keju dengan campuran saus kering, kotak, tidak dimasak;379;13,86;4,82;70,12;3,2
22960;Makaroni dan keju, campuran kering, disiapkan dengan susu 2% dan margarin 80% dari campuran kering;190;4,89;8,28;23,93;1,2
22961;Pocket Hot, Sandwich Isi Bakso & Mozzarella, Beku;253;9,32;10,47;30,45;2,2
22962;Pocket Lean, Ham N Cheddar;230;10,28;6,53;32,52;1,7
22963;Kantong Lean, Bakso & Mozzarella;240;10,49;7,7;32,28;2
22965;Spaghettios, Spaghettios Asli, Mudah Dibuka;70;2,35;0,47;14,55;1,4
22966;Spaghettios, Spaghettios dengan Bakso - Mudah Dibuka;87;4,37;2,43;11,65;1,5
22969;Cabai dengan kacang, mangkuk microwave;100;5,85;3,68;10,88;2,9
22970;Makaroni dan keju, hidangan beku;149;5,6;6,41;17,28;1,1
22971;Salad kentang dengan telur;157;1,96;9,4;16,18;1,3
22972;Pulled babi dalam saus barbekyu;168;13,19;4,42;18,74;1,2
22973;Corn dogs, beku, disiapkan;250;8,57;12,02;26,96;1
22974;Ayam, nugget, daging hitam dan putih, dimasak, dibekukan, tidak dipanaskan;268;12,02;17,31;16,09;1,6
22975;Ayam, nugget, daging putih, dimasak, dibekukan, tidak dipanaskan;261;14,36;15,42;16,24;0,7
22976;Ravioli, keju dengan saus tomat, beku, tidak disiapkan, termasuk makanan pembuka biasa dan ringan;111;4,52;2,61;17,31;1,4
22977;Lasagna dengan saus daging, beku, disiapkan;135;7,28;4,92;15,36;1,7
22978;Tender ayam, dilapisi tepung roti, dibekukan, disiapkan;240;14,62;13,58;14,86;1,7
22979;Kashi Black Bean Mangga, Beku, Tidak Siap;115;3;3;18;6
22980;Kashi, Saus Bbq dan Chipotle Bbq dengan Mangga, Hidangan Beku;108;5,3;2,1;17,6;2,2
22981;Kashi, Enchilada Ayam dengan Saus Ancho, Hidangan Beku;111;4,9;3,7;14,9;2,3
22982;Kashi, Makan Uap, Fettuccine Ayam, Hidangan Beku;99;6,2;2,7;14;2
22983;Kashi, Florentine Ayam, Hidangan Beku;106;7,9;3,4;11;1,8
22984;Kashi, Pasta Ayam Pomodoro, Hidangan Beku;100;7;2,3;13;2,6
22985;Kashi, Ayam Kelapa Serai, Hidangan Beku;104;6,3;2,8;13,4;3
22986;Kashi Mayan Harvest Panggang, Beku, Tidak Siap;121;3;3,2;21;3
22987;Kashi Pesto Pasta Primavera, Beku, Tidak Siap;101;3,8;3,8;13;2,4
22988;Kashi, Pilaf, 7 Whole Grain, Tidak Siap;375;13,81;5,4;71;12,3
22989;Kashi, Ayam Kari Merah, Hidangan Beku;110;5,9;3;15,6;2,3
22990;Kashi, Steam Meal, Farfalle Ayam Bawang Putih Bakar, Hidangan Beku;103;5,5;3,2;14,6;1,6
22991;Kashi, Steam Meal, Ayam Wijen, Hidangan Beku;110;6,1;3,5;15,7;2,9
22992;Kashi, Ayam Gaya Barat Daya, Hidangan Beku;109;5,7;1,8;17,4;2,1
22993;Kashi Spicy Black Bean Enchilada, Beku, Tidak Siap;103;3;2,8;17,7;3,1
22994;Kashi Bayam Artichoke Pasta, Beku, Tidak Siap;103;5;3,4;15,1;3
22995;Kashi, Ayam Asam Manis, Hidangan Beku;113;6;1,13;19;2,5
22996;Kashi Three Cheese Penne, Beku, Tidak Siap;126;5,7;4;16,8;2,7
22997;Kashi, Panggang Sayuran Tuscan, Hidangan Beku;90;2;3,2;15;2,9
22998;Nasi dan campuran bihun, rasa ayam, tidak siap;358;10,64;1,32;75,8;1,2
22999;Nasi dan campuran bihun, rasa ayam, disiapkan dengan 80% margarin;136;2,65;3,45;23,54;0,7
23000;"Daging sapi, daging panggang atau steak, tanpa tulang, lemak dan lemak yang dapat dipisahkan, dipangkas hingga 0"" lemak, semua grade, mentah";130;21,39;4,97;-;-
23001;"Daging sapi, pinggang pendek, kedai bir, lemak tanpa lemak yang dapat dipisahkan, dipangkas hingga 1/8"" lemak, semua grade, mentah";214;20,49;14,06;-;-
23002;"Daging sapi, pinggang pendek, kedai bir, lemak tanpa lemak yang dapat dipisahkan, dipangkas hingga 1/8"" lemak, semua grade, dimasak, dipanggang";276;25,4;18,57;-;-
23003;"Daging sapi, pinggang pendek, kedai bir, lemak tanpa lemak yang dapat dipisahkan, dipangkas hingga 1/8"" lemak, pilih, mentah";208;20,69;13,27;-;-
23004;"Daging sapi, pinggang pendek, kedai bir, lemak tanpa lemak yang dapat dipisahkan, dipangkas hingga 1/8"" lemak, pilih, dimasak, bakar";263;26,21;16,75;-;-
23005;"Daging sapi, pinggang pendek, t-bone steak, lemak dan lemak terpisah, dipangkas hingga 1/8"" lemak, semua grade, mentah";223;20,11;15,18;-;-
23006;"Daging sapi, pinggang pendek, t-bone steak, lemak dan lemak terpisah, dipangkas hingga 1/8"" lemak, semua grade, dimasak, dipanggang";289;24,6;20,36;-;-
23007;"Daging sapi, pinggang pendek, t-bone steak, lemak dan lemak terpisah, dipangkas hingga 1/8"" lemak, pilih, mentah";215;20,28;14,19;-;-
23008;"Daging sapi, pinggang pendek, t-bone steak, lemak dan lemak terpisah, dipangkas hingga 1/8"" lemak, pilih, dimasak, bakar";281;25,18;19,22;-;-
23030;"Daging sapi, bundar, buku jari, sisi ujung, steak, lemak tanpa lemak yang dapat dipisahkan, dipangkas hingga 0"" lemak, pilihan, mentah";133;21,41;4,66;-;-
23031;"Daging sapi, bundar, buku jari, sisi ujung, steak, lemak tanpa lemak yang dapat dipisahkan, dipangkas hingga 0"" lemak, pilihan, dimasak, dipanggang";174;28,79;5,71;-;-
23032;"Daging sapi, bundar, buku jari, sisi ujung, steak, lemak tanpa lemak yang dapat dipisahkan, dipangkas menjadi 0"" lemak, pilih, mentah";124;21,96;3,24;-;-
23033;"Daging sapi, bundar, buku jari, sisi ujung, steak, lemak tanpa lemak yang dapat dipisahkan, dipangkas menjadi 0"" lemak, pilih, dimasak, bakar";160;29,24;3,91;-;-
23034;"Daging sapi, chuck, gumpalan bahu, tender bahu, medali, lemak tanpa lemak yang dapat dipisahkan, dipangkas hingga 0"" lemak, pilihan, mentah";145;20,51;6,36;-;-
23035;"Daging sapi, chuck, gumpalan bahu, tender bahu, medali, lemak tanpa lemak yang dapat dipisahkan, dipangkas hingga 0"" lemak, pilihan, dimasak, dipanggang";181;26,07;7,68;-;-
23036;"Daging sapi, chuck, gumpalan bahu, tender bahu, medali, lemak tanpa lemak yang dapat dipisahkan, dipangkas menjadi 0"" lemak, pilih, mentah";142;20,93;5,79;-;-
23037;"Daging sapi, chuck, gumpalan pundak, steak bagian atas dan tengah, lemak tanpa lemak yang dapat dipisahkan, dipangkas hingga 0"" lemak, pilihan, mentah";143;20,39;6,12;-;-
23038;"Daging sapi, chuck, gumpalan bahu, steak bagian atas dan tengah, lemak tanpa lemak yang dapat dipisahkan, dipangkas hingga 0"" lemak, pilihan, dimasak, dipanggang";184;26,07;8,11;-;-
23039;"Daging sapi, chuck, gumpalan bahu, steak bagian atas dan tengah, lemak tanpa lemak yang dapat dipisahkan, dipangkas menjadi 0"" lemak, pilih, mentah";140;21,13;5,51;-;-
23040;"Daging sapi, chuck, gumpalan bahu, steak bagian atas dan tengah, lemak tanpa lemak yang dapat dipisahkan, dipangkas menjadi 0"" lemak, pilih, dimasak, bakar";176;26,66;6,94;-;-
23041;"Daging sapi, chuck, gumpalan bahu, bilah atas, steak, lemak tanpa lemak yang dapat dipisahkan, dipangkas hingga 0"" lemak, pilihan, mentah";182;18,75;11,33;-;-
23042;"Daging sapi, chuck, gumpalan bahu, bilah atas, steak, lemak tanpa lemak yang dapat dipisahkan, dipangkas hingga 0"" lemak, pilihan, dimasak, dipanggang";228;24,7;13,59;-;-
23043;"Daging sapi, chuck, gumpalan bahu, bilah atas, steak, lemak tanpa lemak yang dapat dipisahkan, dipangkas hingga 0"" lemak, pilih, mentah";166;19,38;9,22;-;-
23044;"Daging sapi, chuck, gumpalan bahu, bilah atas, steak, lemak tanpa lemak yang dapat dipisahkan, dipangkas menjadi 0"" lemak, pilih, dimasak, bakar";212;25,29;11,52;-;-
23045;"Daging sapi, bundar, buku jari, pusat ujung, steak, lemak tanpa lemak yang dapat dipisahkan, dipangkas menjadi 0"" lemak, pilihan, mentah";150;20,74;6,85;-;-
23046;"Daging sapi, daging bundar, buku jari, pusat ujung, steak, lemak tanpa lemak yang dapat dipisahkan, dipangkas hingga 0"" lemak, pilihan, dimasak, dipanggang";188;26,88;8,13;-;-
23047;"Daging sapi, bundar, buku jari, pusat ujung, steak, lemak tanpa lemak yang dapat dipisahkan, dipangkas menjadi 0"" lemak, pilih, mentah";137;20,98;5,21;-;-
23048;"Daging sapi, daging bundar, buku jari, pusat ujung, steak, lemak tanpa lemak yang dapat dipisahkan, dipangkas menjadi 0"" lemak, pilih, dimasak, dipanggang";162;26,61;5,32;-;-
23049;"Daging sapi, bundar, putaran luar, putaran bawah, steak, lemak tanpa lemak yang dapat dipisahkan, dipangkas menjadi 0"" lemak, pilihan, mentah";150;21,24;6,59;-;-
23050;"Daging sapi, bulat, putaran luar, putaran bawah, steak, lemak tanpa lemak yang dapat dipisahkan, dipangkas menjadi 0"" lemak, pilihan, dimasak, dipanggang";191;27,22;8,3;-;-
23051;"Daging sapi, bundar, putaran luar, putaran bawah, steak, lemak tanpa lemak yang dapat dipisahkan, dipangkas menjadi 0"" lemak, pilih, mentah";129;22,15;3,83;-;-
23052;"Daging sapi, bundar, putaran luar, putaran bawah, steak, lemak tanpa lemak yang dapat dipisahkan, dipangkas menjadi 0"" lemak, pilih, dimasak, bakar";166;28,01;5,17;-;-
23053;"Daging sapi, chuck, gumpalan bahu, tender bahu, medali, lemak tanpa lemak yang dapat dipisahkan, dipangkas menjadi 0"" lemak, semua nilai, mentah";144;20,54;6,22;-;-
23054;"Daging sapi, chuck, gumpalan bahu, tender bahu, medali, lemak tanpa lemak yang dapat dipisahkan, dipangkas menjadi 0"" lemak, semua tingkatan, dimasak, dipanggang";177;26,22;7,2;-;-
23055;"Daging sapi, bundar, buku jari, sisi ujung, steak, lemak tanpa lemak yang dapat dipisahkan, dipangkas menjadi 0"" lemak, semua nilai, mentah";129;21,69;4;-;-
23056;"Daging sapi, bundar, buku jari, sisi ujung, steak, lemak tanpa lemak yang dapat dipisahkan, dipangkas menjadi 0"" lemak, semua tingkatan, dimasak, dipanggang";168;29,08;4,84;-;-
23057;"Daging sapi, chuck, gumpalan bahu, steak atas dan tengah, lemak tanpa lemak yang dapat dipisahkan, dipangkas menjadi lemak 0"", semua kelas, mentah";141;20,67;5,88;-;-
23058;"Daging sapi, chuck, gumpalan bahu, steak bagian atas dan tengah, lemak tanpa lemak yang dapat dipisahkan, dipangkas menjadi 0"" lemak, semua tingkatan, dimasak, dipanggang";182;26,3;7,66;-;-
23059;"Daging sapi, chuck, gumpalan bahu, bilah atas, steak, lemak tanpa lemak yang dapat dipisahkan, dipangkas menjadi 0"" lemak, semua nilai, mentah";176;18,99;10,52;-;-
23060;"Daging sapi, chuck, gumpalan bahu, bilah atas, steak, lemak tanpa lemak yang dapat dipisahkan, dipangkas menjadi 0"" lemak, semua tingkatan, dimasak, dipanggang";222;24,93;12,79;-;-
23061;"Daging sapi, bundar, buku jari, pusat ujung, steak, lemak tanpa lemak yang dapat dipisahkan, dipangkas menjadi 0"" lemak, semua nilai, mentah";143;20,93;5,89;-;-
23062;"Daging sapi, daging bundar, buku jari, pusat ujung, steak, lemak tanpa lemak yang dapat dipisahkan, dipangkas menjadi 0"" lemak, semua tingkatan, dimasak, dipanggang";177;27,12;6,78;-;-
23063;"Daging sapi, bundar, putaran luar, putaran bawah, steak, lemak tanpa lemak yang dapat dipisahkan, dipangkas menjadi 0"" lemak, semua nilai, mentah";142;21,59;5,53;-;-
23064;"Daging sapi, bundar, putaran luar, putaran bawah, steak, lemak tanpa lemak yang dapat dipisahkan, dipangkas menjadi 0"" lemak, semua tingkatan, dimasak, dipanggang";182;27,52;7,1;-;-
23065;"Daging sapi, chuck, gumpalan bahu, tender bahu, medali, lemak tanpa lemak yang dapat dipisahkan, dipangkas menjadi 0"" lemak, pilih, dimasak, bakar";172;26,45;6,43;-;-
23066;"Daging sapi, chuck, tulang rusuk pendek, tanpa tulang, hanya dapat dipisahkan tanpa lemak, dipangkas hingga 0"" lemak, pilihan, mentah";175;19,38;10,7;0,29;-
23067;"Daging sapi, chuck, tulang rusuk pendek, tanpa tulang, hanya lemak yang dapat dipisahkan, dipangkas hingga 0"" lemak, pilih, mentah";161;20,14;8,99;-;-
23068;"Daging sapi, chuck, tulang rusuk pendek, tanpa tulang, hanya dapat dipisahkan tanpa lemak, dipangkas hingga 0"" lemak, semua nilai, mentah";169;19,68;10,02;0,05;-
23069;"Daging sapi, mata chuck Country-Style ribs, tanpa tulang, tanpa lemak yang dapat dipisahkan, dipangkas hingga 0"" lemak, pilihan, dimasak, direbus";234;30,95;12,22;-;-
23070;"Daging sapi, mata chuck Country-Style ribs, tanpa tulang, tanpa lemak yang dapat dipisahkan, dipangkas hingga 0"" lemak, pilih, dimasak, direbus";221;32,1;10,24;-;-
23071;"Daging sapi, mata chuck Country-Style ribs, tanpa tulang, tanpa lemak yang dapat dipisahkan, dipangkas hingga 0"" lemak, semua grade, dimasak, direbus";228;31,41;11,43;-;-
23072;"Daging sapi, mata chuck Country-Style ribs, tanpa tulang, tanpa lemak yang dapat dipisahkan, dipangkas hingga 0"" lemak, pilihan, mentah";152;20,87;7,67;-;-
23073;"Daging sapi, mata rusuk Country-Style ribs, tanpa tulang, hanya lean yang dapat dipisahkan, dipangkas hingga 0"" lemak, pilih, mentah";137;21,1;5,89;-;-
23074;"Daging sapi, mata chuck Country-Style ribs, tanpa tulang, hanya lean terpisah, dipangkas menjadi 0"" lemak, semua grade, mentah";146;20,96;6,95;-;-
23075;"Daging sapi, steak mata chuck, tanpa tulang, tanpa lemak yang dapat dipisahkan, dipangkas hingga 0"" lemak, pilihan, dimasak, dipanggang";215;27,97;11,47;-;-
23076;"Daging sapi, steak mata chuck, tanpa tulang, hanya bisa dipisah-pisahkan, dipangkas hingga 0"" lemak, pilih, dimasak, bakar";199;27,88;9,77;-;-
23077;"Daging sapi, steak daging mata tanpa tulang, tanpa lemak, hanya bisa dipisah-pisahkan, dipangkas hingga 0"" lemak, semua grade, dimasak, dipanggang";209;27,94;10,79;-;-
23078;"Daging sapi, steak mata chuck, tanpa tulang, tanpa lemak yang dapat dipisahkan, dipangkas hingga 0"" lemak, pilihan, mentah";160;21,31;8,29;-;-
23079;"Daging sapi, steak mata chuck, tanpa tulang, hanya bisa dipisah-pisahkan, dipangkas hingga 0"" lemak, pilih, mentah";143;21,28;6,47;-;-
23080;"Daging sapi, steak daging mata tanpa tulang, hanya bisa dipisah-pisahkan, dipangkas hingga 0"" lemak, semua grade, mentah";153;21,29;7,56;-;-
23081;"Daging sapi, daging panggang tanpa tulang, tanpa lemak, hanya bisa dipisah, dipangkas hingga 0"" lemak, pilihan, dimasak, direbus";200;31,32;8,3;-;-
23082;"Daging sapi, daging panggang tanpa tulang, tanpa lemak, hanya bisa dipisah-pisahkan, dipangkas hingga 0"" lemak, pilih, dimasak, direbus";190;31,71;7,02;-;-
23083;"Daging sapi, daging panggang tanpa tulang, tanpa lemak, hanya bisa dipisah-pisahkan, dipangkas hingga 0"" lemak, semua grade, dimasak, direbus";196;31,48;7,78;-;-
23084;"Daging sapi, chuck, steak empuk tiruan, tanpa tulang, hanya dapat dipisahkan tanpa lemak, dipangkas hingga 0"" lemak, pilihan, dimasak, direbus";197;33,55;6,94;-;-
23085;"Daging sapi, chuck, steak empuk tiruan, tanpa tulang, hanya bisa dipisah-pisahkan, dipangkas hingga 0"" lemak, pilih, dimasak, direbus";181;32,96;5,44;-;-
23086;"Daging sapi, chuck, steak empuk tiruan, tanpa tulang, hanya dapat dipisahkan tanpa lemak, dipangkas hingga 0"" lemak, semua grade, dimasak, direbus";190;33,31;6,34;-;-
23087;"Daging sapi, chuck, steak tender mock, tanpa tulang, hanya bisa dipisah-pisahkan, dipangkas hingga 0"" lemak, pilihan, mentah";127;21,36;4,6;-;-
23088;"Daging sapi, chuck, steak tender mock, tanpa tulang, hanya bisa dipisah-pisahkan, dipangkas hingga 0"" lemak, pilih, mentah";117;21,22;3,53;-;-
23089;"Daging sapi, chuck, steak empuk tiruan, tanpa tulang, hanya dapat dipisahkan tanpa lemak, dipangkas hingga 0"" lemak, semua nilai, mentah";123;21,3;4,17;-;-
23090;Daging sapi, dicincang untuk rebusan, dapat dipisahkan lemak dan lemaknya, semua grade, dimasak, direbus;191;32,41;6,82;-;-
23091;Daging sapi, dicincang untuk rebusan, dipisahkan lemak dan lemak, pilih, dimasak, direbus;186;32,29;6,34;-;-
23092;Daging sapi, dicincang untuk rebusan, dipisahkan lemak dan lemak, pilihan, dimasak, direbus;194;32,49;7,14;-;-
23093;Daging sapi, dicincang untuk rebusan, dapat dipisahkan lemak dan lemaknya, semuanya bermutu, mentah;128;21,75;4,48;0,16;-
23094;Daging sapi, cicipi sup, dipisahkan lemak dan lemak, pilih, mentah;124;21,9;3,99;0,21;-
23095;Daging sapi, dicincang untuk rebusan, bisa dipisahkan dengan lemak dan lemak, pilihan, mentah;130;21,64;4,81;0,12;-
23096;"Daging sapi, chuck, steak tanpa tulang, tanpa tulang, tanpa lemak yang dapat dipisahkan, dipangkas hingga 0"" lemak, pilihan, dimasak, direbus";222;30,91;10,91;-;-
23097;"Daging sapi, chuck, bistik di bawah bilah, tanpa tulang, tanpa lemak yang dapat dipisahkan, dipangkas hingga 0"" lemak, pilih, dimasak, direbus";215;32,01;9,66;-;-
23098;"Daging sapi, chuck, steak daging tanpa tulang, tanpa tulang, tanpa lemak yang dapat dipisahkan, dipangkas hingga 0"" lemak, semua grade, dimasak, direbus";219;31,35;10,41;-;-
23099;"Daging sapi, chuck, panggang di bawah bilah pot, tanpa tulang, lemak dan lemak yang dapat dipisahkan, dipangkas menjadi 0"" lemak, semua grade, dimasak, direbus";291;26,7;20,49;-;-
23100;"Daging sapi, steak iga, tanpa tulang, lip-on, hanya lean terpisah, dipangkas hingga 1/8"" lemak, semua grade, dimasak, dipanggang";207;27,97;10,57;-;-
23101;"Daging sapi, daging iga panggang, tulang-dalam, lip-on, hanya bersandar terpisah, dipangkas menjadi 1/8"" lemak, pilihan, dimasak, dipanggang";240;27,18;14,55;-;-
23102;"Daging sapi, chuck, panggang di bawah bilah panci atau steak, tanpa tulang, lemak dan lemak yang dapat dipisahkan, dipangkas menjadi 0"" lemak, semua tingkatan, mentah";196;19,17;13,26;-;-
23103;"Daging sapi, chuck, daging panggang atau steak tanpa tulang, tanpa tulang, lemak dan lemak yang dapat dipisahkan, dipangkas hingga 0"" lemak, pilihan, mentah";202;19,15;13,93;-;-
23104;"Daging sapi, chuck, panggang di bawah bilah panci atau steak, tanpa tulang, lemak dan lemak yang dapat dipisahkan, dipangkas menjadi 0"" lemak, pilih, mentah";187;19,2;12,27;-;-
23105;"Daging sapi, chuck, di bawah bilah pusat bilah, tanpa tulang, Denver Cut, lemak dan lemak terpisah, dipangkas menjadi 0"" lemak, semua tingkatan, dimasak, dipanggang";227;26,18;13,54;0,21;-
23106;"Daging sapi, chuck, steak di bawah bilah tengah, tanpa tulang, Denver Cut, lemak dan lemak terpisah, dipangkas hingga 0"" lemak, pilihan, dimasak, dipanggang";236;26,1;14,41;0,4;-
23107;"Daging sapi, chuck, di bawah bilah pusat bilah, tanpa tulang, Denver Cut, lemak dan lemak terpisah, dipangkas menjadi 0"" lemak, pilih, dimasak, bakar";215;26,3;12,25;-;-
23108;"Daging sapi, chuck, di bawah bilah pusat bilah, tanpa tulang, Denver Cut, lemak dan lemak terpisah, dipangkas menjadi 0"" lemak, semua nilai, mentah";182;18,99;11,64;0,36;-
23109;"Daging sapi, chuck, di bawah bilah pusat bilah, tanpa tulang, Denver Cut, lemak dan lemak terpisah, dipangkas hingga 0"" lemak, pilihan, mentah";189;18,85;12,4;0,53;-
23110;"Daging sapi, chuck, di bawah bilah tengah bilah, tanpa tulang, Denver Cut, lemak dan lemak terpisah, dipangkas hingga 0"" lemak, pilih, mentah";172;19,2;10,5;0,09;-
23111;"Daging sapi, daging panggang atau steak, tanpa tulang, lemak dan lemak yang dapat dipisahkan, dipangkas hingga 0"" lemak, pilihan, mentah";133;21,17;5,33;0,07;-
23112;"Daging sapi, daging panggang atau steak, tanpa tulang, lemak dan lemak yang dapat dipisahkan, dipangkas hingga 0"" lemak, pilih, mentah";127;21,72;4,44;-;-
23113;"Daging sapi, daging panggang mata, tanpa tulang, Daging Sapi Amerika, daging tanpa lemak yang dapat dipisahkan, dipangkas menjadi 0"" lemak, semua tingkatan, dimasak, dipanggang";236;24,63;15,29;-;-
23114;"Daging sapi, daging panggang mata, tanpa tulang, Daging Sapi Amerika, daging tanpa lemak yang dapat dipisahkan, dipangkas hingga 0"" lemak, pilihan, dimasak, dipanggang";241;24,47;15,87;-;-
23115;"Daging sapi, daging panggang mata, tanpa tulang, Daging Sapi Amerika, lemak tanpa lemak yang dapat dipisahkan, dipangkas menjadi 0"" lemak, pilih, dimasak, panggang";229;24,86;14,41;-;-
23116;"Daging sapi, chuck, steak daging tanpa tulang, tanpa tulang, lemak dan lemak yang dapat dipisahkan, dipangkas menjadi 0"" lemak, semua grade, dimasak, direbus";275;28,23;18;-;-
23117;"Daging sapi, chuck, steak tanpa tulang, tanpa tulang, lemak dan lemak yang dapat dipisahkan, dipangkas hingga 0"" lemak, pilihan, dimasak, direbus";284;27,6;19,3;-;-
23118;"Daging sapi, chuck, steak dengan pisau, tanpa tulang, lemak dan lemak yang dapat dipisahkan, dipangkas hingga 0"" lemak, pilih, dimasak, direbus";261;29,18;16,05;-;-
23119;"Daging sapi, chuck, steak tender mock, tanpa tulang, lemak dan lemak yang dapat dipisahkan, dipangkas hingga 0"" lemak, semua grade, dimasak, direbus";220;32,07;10,18;-;-
23120;"Daging sapi, chuck, steak tender mock, tanpa tulang, lemak dan lemak yang dapat dipisahkan, dipangkas hingga 0"" lemak, pilihan, dimasak, direbus";225;32,21;10,74;-;-
23121;"Daging sapi, chuck, steak tender mock, tanpa tulang, lemak dan lemak yang dapat dipisahkan, dipangkas hingga 0"" lemak, pilih, dimasak, direbus";211;31,86;9,34;-;-
23122;"Daging sapi, chuck, steak tender mock, tanpa tulang, lemak dan lemak yang dapat dipisahkan, dipangkas hingga 0"" lemak, semua grade, mentah";128;21,13;4,79;-;-
23123;"Daging sapi, chuck, steak tender mock, tanpa tulang, lemak dan lemak yang dapat dipisahkan, dipangkas hingga 0"" lemak, pilihan, mentah";131;21,19;5,18;-;-
23124;"Daging sapi, chuck, steak tender mock, tanpa tulang, lemak dan lemak yang dapat dipisahkan, dipangkas hingga 0"" lemak, pilih, mentah";122;21,05;4,2;-;-
23125;"Daging sapi, chuck, tulang rusuk pendek, tanpa tulang, lemak dan lemak yang dapat dipisahkan, dipangkas menjadi 0"" lemak, semua grade, dimasak, direbus";305;25,48;22,58;-;-
23126;"Daging sapi, chuck, tulang rusuk pendek, tanpa tulang, lemak dan lemak yang dapat dipisahkan, dipangkas hingga 0"" lemak, pilihan, dimasak, direbus";317;25,26;24,05;-;-
23127;"Daging sapi, chuck, tulang rusuk pendek, tanpa tulang, lemak dan lemak yang dapat dipisahkan, dipangkas hingga 0"" lemak, pilih, dimasak, direbus";287;25,81;20,38;-;-
23128;"Daging sapi, chuck, iga pendek, tanpa tulang, lemak dan lemak yang dapat dipisahkan, dipangkas menjadi 0"" lemak, semua grade, mentah";235;17,48;18,33;-;-
23129;"Daging sapi, chuck, tulang rusuk pendek, tanpa tulang, lemak dan lemak yang dapat dipisahkan, dipangkas hingga 0"" lemak, pilihan, mentah";240;17,22;19,03;-;-
23130;"Daging sapi, chuck, tulang rusuk pendek, tanpa tulang, lemak dan lemak yang dapat dipisahkan, dipangkas menjadi 0"" lemak, pilih, mentah";227;17,87;17,28;-;-
23131;"Daging sapi, daging panggang tanpa tulang, tanpa lemak, dapat dipisahkan lemak dan lemaknya, dipangkas hingga 0"" lemak, semua grade, dimasak, direbus";204;31,03;8,92;-;-
23132;"Daging sapi, daging panggang tanpa tulang, tanpa lemak, dapat dipisahkan lemak dan lemaknya, dipangkas hingga 0"" lemak, pilihan, dimasak, direbus";207;30,93;9,25;-;-
23133;"Daging sapi, daging panggang tanpa tulang, tanpa lemak, dapat dipisahkan lemak dan lemaknya, dipangkas hingga 0"" lemak, pilih, dimasak, direbus";200;31,18;8,41;-;-
23134;"Daging sapi, mata chuck Country-Style ribs, tanpa tulang, lemak dan lemak yang dapat dipisahkan, dipangkas hingga 0"" lemak, semua grade, dimasak, direbus";296;27,69;20,55;-;-
23135;"Daging sapi, mata chuck Country-Style ribs, tanpa tulang, lemak dan lemak yang dapat dipisahkan, dipangkas hingga 0"" lemak, pilihan, dimasak, direbus";303;27,16;21,56;-;-
23136;"Daging sapi, mata chuck Gaya Country ribs, tanpa tulang, lemak dan lemak yang dapat dipisahkan, dipangkas hingga 0"" lemak, pilih, dimasak, direbus";285;28,47;19,03;-;-
23137;"Daging sapi, mata chuck Country-Style ribs, tanpa tulang, lemak dan lemak yang dapat dipisahkan, dipangkas hingga 0"" lemak, semua grade, mentah";205;18,97;14,32;-;-
23138;"Daging sapi, mata chuck Country-Style ribs, tanpa tulang, lemak dan lemak yang dapat dipisahkan, dipangkas hingga 0"" lemak, pilihan, mentah";210;18,87;14,99;-;-
23139;"Daging sapi, mata rusuk Country-Style ribs, tanpa tulang, lemak dan lemak yang dapat dipisahkan, dipangkas hingga 0"" lemak, pilih, mentah";196;19,1;13,33;-;-
23140;"Daging sapi, steak mata chuck, tanpa tulang, lemak dan lemak yang dapat dipisahkan, dipangkas hingga 0"" lemak, semua grade, dimasak, dipanggang";277;24,98;19,64;-;-
23141;"Daging sapi, steak mata chuck, tanpa tulang, lemak tanpa lemak yang dapat dipisahkan, dipangkas hingga 0"" lemak, pilihan, dimasak, dipanggang";283;24,95;20,35;-;-
23142;"Daging sapi, steak mata chuck, tanpa tulang, lemak dan lemak terpisah, dipangkas hingga 0"" lemak, pilih, dimasak, bakar";267;25,03;18,57;-;-
23143;"Daging sapi, steak mata chuck, tanpa tulang, lemak dan lemak terpisah, dipangkas hingga 0"" lemak, semua grade, mentah";223;18,86;16,35;-;-
23144;"Daging sapi, chuck eye steak, tanpa tulang, lemak dan lemak yang dapat dipisahkan, dipangkas menjadi 0"" lemak, pilihan, mentah";227;18,86;16,85;-;-
23145;"Daging sapi, steak mata chuck, tanpa tulang, lemak dan lemak yang dapat dipisahkan, dipangkas hingga 0"" lemak, pilih, mentah";216;18,86;15,6;-;-
23146;"Daging sapi, daging iga panggang, tulang-dalam, lip-on, hanya lean terpisah, dipangkas menjadi 1/8"" lemak, semua tingkat, dimasak, dipanggang";231;27,12;13,64;-;-
23147;"Daging sapi, daging iga panggang, tulang-in, lip-on, hanya lean terpisah, dipangkas menjadi 1/8"" lemak, pilih, dimasak, panggang";219;27,03;12,29;-;-
23148;"Daging sapi, tulang iga, tanpa tulang, lip-on, hanya lean terpisah, dipangkas hingga 1/8"" lemak, pilihan, dimasak, dipanggang";217;27,3;11,97;-;-
23149;"Daging sapi, tulang iga, tanpa tulang, lip-on, hanya lean terpisah, dipangkas hingga 1/8"" lemak, pilih, dimasak, bakar";192;28,98;8,48;-;-
23150;"Daging sapi, steak / daging iga, tulang-dalam, lip-on, hanya lean terpisah, dipangkas menjadi lemak 1/8"", semua grade, mentah";166;21,22;9,04;-;-
23151;"Daging sapi, steak / daging iga, tulang-dalam, lip-on, hanya lean terpisah, dipangkas menjadi 1/8"" lemak, pilihan, mentah";173;20,93;9,97;-;-
23152;"Daging sapi, steak / daging iga, tulang-masuk, lip-on, hanya lean terpisah, dipangkas menjadi 1/8"" lemak, pilih, mentah";155;21,65;7,64;-;-
23153;"Daging sapi, steak / daging iga, tanpa tulang, lip-on, hanya lean terpisah, dipangkas menjadi lemak 1/8"", semua grade, mentah";156;21,99;7,54;-;-
23154;"Daging sapi, iga steak / daging panggang, tanpa tulang, lip-on, hanya dapat dipisah, dipangkas hingga 1/8"" lemak, pilihan, mentah";161;21,62;8,29;-;-
23155;"Daging sapi, steak / daging iga, tanpa tulang, lip-on, hanya lean terpisah, dipangkas menjadi 1/8"" lemak, pilih, mentah";148;22,55;6,41;-;-
23156;"Daging sapi, tulang iga, steak tanpa lemak, hanya lemak tanpa lemak yang dapat dipisahkan, dipangkas hingga 1/8"" lemak, semua grade, dimasak, dipanggang";221;27,4;12,43;-;-
23157;"Daging sapi, tulang iga, steak tanpa lemak, hanya lemak tanpa lemak yang dapat dipisahkan, dipangkas hingga 1/8"" lemak, pilihan, dimasak, dipanggang";229;27,03;13,44;-;-
23158;"Daging sapi, steak iga, tulang-dalam, lip-on, hanya lean terpisah, dipangkas menjadi 1/8"" lemak, pilih, dimasak, bakar";210;27,96;10,91;-;-
23159;"Daging sapi, daging iga panggang, tanpa tulang, hanya lip-on, tanpa lemak yang dapat dipisahkan, dipangkas hingga 1/8"" lemak, semua tingkatan, dimasak, dipanggang";218;28,21;11,68;-;-
23160;"Daging sapi, daging iga panggang, tanpa tulang, hanya lip-on, tanpa lemak yang dapat dipisahkan, dipangkas hingga 1/8"" lemak, pilihan, dimasak, dipanggang";229;27,87;13,01;-;-
23161;"Daging sapi, daging iga panggang, tanpa tulang, hanya lip-on, tanpa lemak yang dapat dipisahkan, dipangkas hingga 1/8"" lemak, pilih, dimasak, dipanggang";202;28,72;9,68;-;-
23162;"Daging sapi, steak, tanpa tulang, rok bagian dalam, hanya lean yang dapat dipisahkan, dipangkas hingga 0"" lemak, semua grade, dimasak, dipanggang";234;29,99;12,69;-;-
23163;"Daging sapi, sepiring steak, tanpa tulang, rok bagian dalam, hanya lemak yang dapat dipisahkan, dipangkas hingga 0"" lemak, semua nilai, mentah";164;21,17;8,82;-;-
23164;"Daging sapi, sepiring steak, tanpa tulang, rok bagian dalam, hanya lemak yang dapat dipisahkan, dipangkas hingga 0"" lemak, pilihan, dimasak, dipanggang";242;29,56;13,72;-;-
23165;"Daging sapi, sepiring steak, tanpa tulang, rok bagian dalam, hanya lemak yang dapat dipisahkan, dipangkas hingga 0"" lemak, pilihan, mentah";171;20,89;9,76;-;-
23166;"Daging sapi, sepiring steak, tanpa tulang, rok bagian dalam, hanya lemak yang dapat dipisahkan, dipangkas hingga 0"" lemak, pilih, dimasak, bakar";223;30,64;11,16;-;-
23167;"Daging sapi, sepiring steak, tanpa tulang, rok bagian dalam, hanya lemak yang dapat dipisahkan, dipangkas hingga 0"" lemak, pilih, mentah";153;21,61;7,41;-;-
23168;"Daging sapi, sepiring steak, tanpa tulang, rok luar, hanya dapat dipisahkan tanpa lemak, dipangkas hingga 0"" lemak, semua tingkatan, dimasak, dipanggang";282;27,68;19,01;-;-
23169;"Daging sapi, sepiring steak, tanpa tulang, rok luar, hanya dapat dipisahkan tanpa lemak, dipangkas hingga 0"" lemak, semua grade, mentah";206;18,74;14,53;0,19;-
23170;"Daging sapi, sepiring steak, tanpa tulang, rok luar, hanya bisa dipisah-pisahkan, dipangkas hingga 0"" lemak, pilihan, matang, bakar";291;27,03;20,28;-;-
23171;"Daging sapi, sepiring steak, tanpa tulang, rok luar, hanya dapat dipisahkan tanpa lemak, dipangkas hingga 0"" lemak, pilihan, mentah";212;18,47;15,26;0,17;-
23172;"Daging sapi, sepiring steak, tanpa tulang, rok luar, hanya bisa dipisah-pisahkan, dipangkas hingga 0"" lemak, pilih, dimasak, bakar";268;28,65;17,1;-;-
23173;"Daging sapi, sepiring steak, tanpa tulang, rok luar, hanya dapat dipisahkan tanpa lemak, dipangkas hingga 0"" lemak, pilih, mentah";198;19,14;13,44;0,23;-
23174;"Daging sapi, tulang iga, tanpa tulang, tanpa lemak, hanya bersandar terpisah, dipangkas hingga 0"" lemak, semua grade, dimasak, dipanggang";206;28,11;10,37;-;-
23175;"Daging sapi, tulang iga, tanpa tulang, lip off, hanya lean yang dapat dipisahkan, dipangkas hingga 0"" lemak, semua grade, mentah";154;21,85;7,41;-;-
23176;"Daging sapi, tulang iga, tanpa tulang, lip off, hanya bisa dipisahkan tanpa lemak, dipangkas hingga 0"" lemak, pilihan, dimasak, bakar";215;27,39;11,75;-;-
23177;"Daging sapi, tulang rusuk, tanpa tulang, lip off, hanya dapat dipisahkan tanpa lemak, dipangkas hingga 0"" lemak, pilihan, mentah";162;21,44;8,5;-;-
23178;"Daging sapi, tulang iga, tanpa tulang, lip off, hanya lemak yang dapat dipisahkan, dipangkas hingga 0"" lemak, pilih, dimasak, bakar";191;29,18;8,31;-;-
23179;"Daging sapi, tulang iga, tanpa tulang, lip off, hanya dapat dipisahkan tanpa lemak, dipangkas hingga 0"" lemak, pilih, mentah";142;22,46;5,78;-;-
23180;"Daging sapi, tulang rusuk, tulang rusuk belakang, tulang-dalam, lean saja yang dapat dipisahkan, dipangkas menjadi lemak 0"", semua tingkat, dimasak, direbus";299;28,36;20,57;-;-
23181;"Daging sapi, tulang rusuk, tulang rusuk belakang, tulang-dalam, hanya dapat dipisahkan tanpa lemak, dipangkas menjadi 0"" lemak, semua nilai, mentah";239;19,11;17,91;0,46;-
23182;"Daging sapi, tulang rusuk, tulang rusuk belakang, tulang-dalam, lean saja yang dapat dipisahkan, dipangkas menjadi 0"" lemak, pilihan, dimasak, direbus";306;27,75;21,72;-;-
23183;"Daging sapi, tulang rusuk, tulang rusuk belakang, tulang-dalam, hanya dapat dipisahkan tanpa lemak, dipangkas menjadi 0"" lemak, pilihan, mentah";252;18,72;19,36;0,64;-
23184;"Daging sapi, tulang rusuk, tulang rusuk belakang, tulang-dalam, lean saja yang dapat dipisahkan, dipangkas menjadi 0"" lemak, pilih, dimasak, direbus";287;29,28;18,84;-;-
23185;"Daging sapi, tulang rusuk, tulang rusuk belakang, tulang-dalam, hanya dapat dipisahkan tanpa lemak, dipangkas hingga 0"" lemak, pilih, mentah";221;19,71;15,73;0,2;-
23186;"Daging sapi, steak iga, tulang-dalam, lip-on, lemak dan lemak yang dapat dipisahkan, dipangkas hingga 1/8"" lemak, pilihan, dimasak, dipanggang";313;22,71;24,7;-;-
23187;"Daging sapi, steak iga, tulang-dalam, lip-on, lemak dan lemak terpisah, dipangkas hingga 1/8"" lemak, pilih, dimasak, bakar";304;23,19;23,47;-;-
23188;"Daging sapi, steak iga, tulang-dalam, lip-on, lemak dan lemak terpisah, dipangkas hingga 1/8"" lemak, semua grade, dimasak, dipanggang";309;22,9;24,2;-;-
23189;"Daging sapi, daging iga panggang, tulang-dalam, lip-on, lemak dan lemak yang dapat dipisahkan, dipangkas hingga 1/8"" lemak, pilihan, dimasak, dipanggang";307;23,53;23,61;-;-
23190;"Daging sapi, daging iga panggang, tulang-dalam, lip-on, lemak dan lemak yang dapat dipisahkan, dipangkas hingga 1/8"" lemak, pilih, dimasak, dipanggang";290;23,36;21,85;-;-
23191;"Daging sapi, daging iga panggang, tulang-dalam, lip-on, lemak dan lemak yang dapat dipisahkan, dipangkas hingga 1/8"" lemak, semua tingkat, dimasak, dipanggang";300;23,47;22,91;-;-
23192;"Daging sapi, steak / daging iga, tulang-dalam, lip-on, lemak dan lemak yang dapat dipisahkan, dipangkas hingga 1/8"" lemak, semua grade, mentah";255;18,13;20,31;-;-
23193;"Daging sapi, steak / daging iga, tulang-dalam, lip-on, lemak dan lemak terpisah, dipangkas hingga 1/8"" lemak, pilihan, mentah";260;17,92;20,96;-;-
23194;"Daging sapi, steak / daging iga, tulang-masuk, lip-on, lemak dan lemak terpisah, dipangkas hingga 1/8"" lemak, pilih, mentah";248;18,44;19,34;-;-
23195;"Daging sapi, tulang iga, tanpa tulang, lip-on, lemak dan lemak yang dapat dipisahkan, dipangkas hingga 1/8"" lemak, pilihan, dimasak, dipanggang";303;22,92;23,52;-;-
23196;"Daging sapi, tulang iga, tanpa tulang, lip-on, lemak dan lemak yang dapat dipisahkan, dipangkas hingga 1/8"" lemak, pilih, dimasak, dipanggang";273;24,83;19,25;-;-
23197;"Daging sapi, tulang iga, tanpa tulang, lip-on, lemak dan lemak yang dapat dipisahkan, dipangkas hingga 1/8"" lemak, semua tingkat, dimasak, dipanggang";291;23,69;21,81;-;-
23198;"Daging sapi, daging iga panggang, tanpa tulang, lip-on, lemak dan lemak yang dapat dipisahkan, dipangkas hingga 1/8"" lemak, semua tingkat, dimasak, dipanggang";292;24,3;21,66;-;-
23199;"Daging sapi, daging iga panggang, tanpa tulang, lip-on, lemak dan lemak yang dapat dipisahkan, dipangkas hingga 1/8"" lemak, pilihan, dimasak, dipanggang";303;23,92;22,98;-;-
23200;"Daging sapi, daging iga panggang, tanpa tulang, tanpa lemak, lemak dan lemak yang dapat dipisahkan, dipangkas hingga 1/8"" lemak, pilih, dimasak, dipanggang";277;24,85;19,68;-;-
23201;"Daging sapi, steak / daging iga, tanpa tulang, lip-on, lemak dan lemak yang dapat dipisahkan, dipangkas hingga 1/8"" lemak, semua grade, mentah";244;18,85;18,73;-;-
23202;"Daging sapi, iga steak / panggang, tanpa tulang, lip-on, lemak dan lemak terpisah, dipangkas hingga 1/8"" lemak, pilihan, mentah";253;18,39;19,95;-;-
23213;"Daging sapi, steak / daging iga, tanpa tulang, lip-on, lemak dan lemak yang dapat dipisahkan, dipangkas hingga 1/8"" lemak, pilih, mentah";230;19,55;16,9;-;-
23214;"Daging sapi, steak, tanpa tulang, rok bagian dalam, lemak dan lemak yang dapat dipisahkan, dipangkas menjadi 0"" lemak, semua grade, dimasak, dipanggang";245;29,36;14,2;-;-
23215;"Daging sapi, steak, tanpa tulang, rok bagian dalam, lemak dan lemak yang dapat dipisahkan, dipangkas hingga 0"" lemak, pilihan, dimasak, dipanggang";253;28,9;15,3;-;-
23216;"Daging sapi, steak, tanpa tulang, rok bagian dalam, lemak dan lemak yang dapat dipisahkan, dipangkas menjadi 0"" lemak, pilih, dimasak, bakar";233;30,06;12,54;-;-
23217;"Daging sapi, steak, tanpa tulang, rok bagian dalam, lemak dan lemak yang dapat dipisahkan, dipangkas menjadi 0"" lemak, semua grade, mentah";187;20,38;11,71;-;-
23218;"Daging sapi, sepiring steak, tanpa tulang, rok bagian dalam, lemak dan lemak yang dapat dipisahkan, dipangkas hingga 0"" lemak, pilihan, mentah";195;20,06;12,78;-;-
23219;"Daging sapi, steak, tanpa tulang, rok bagian dalam, lemak dan lemak yang dapat dipisahkan, dipangkas menjadi 0"" lemak, pilih, mentah";174;20,87;10,11;-;-
23220;Daging sapi, digiling, kandungan lemaknya tidak ditentukan, dimasak;240;25,07;14,53;0,62;-
23221;"Daging sapi, sepiring steak, tanpa tulang, rok luar, lemak dan lemak terpisah, dipangkas menjadi 0"" lemak, semua grade, dimasak, dipanggang";292;27,06;20,47;-;-
23222;"Daging sapi, sepiring steak, tanpa tulang, rok luar, lemak dan lemak terpisah, dipangkas hingga 0"" lemak, pilihan, matang, panggang";300;26,46;21,62;-;-
23223;"Daging sapi, sepiring steak, tanpa tulang, rok luar, lemak dan lemak terpisah, dipangkas hingga 0"" lemak, pilih, dimasak, bakar";281;27,95;18,75;-;-
23224;"Daging sapi, sepiring steak, tanpa tulang, rok luar, lemak dan lemak terpisah, dipangkas menjadi 0"" lemak, semua grade, mentah";232;17,98;17,59;0,35;-
23225;"Daging sapi, sepiring steak, tanpa tulang, rok luar, lemak dan lemak terpisah, dipangkas hingga 0"" lemak, pilihan, mentah";238;17,69;18,44;0,35;-
23226;"Daging sapi, sepiring steak, tanpa tulang, rok luar, lemak dan lemak terpisah, dipangkas hingga 0"" lemak, pilih, mentah";222;18,43;16,31;0,36;-
23227;"Daging sapi, tulang iga, tanpa tulang, lip off, lemak dan lemak yang dapat dipisahkan, dipangkas menjadi 0"" lemak, semua grade, dimasak, dipanggang";271;24,85;19,02;-;-
23228;"Daging sapi, tulang iga, tanpa tulang, lip off, lemak dan lemak yang dapat dipisahkan, dipangkas hingga 0"" lemak, pilihan, dimasak, dipanggang";285;23,89;21,1;-;-
23229;"Daging sapi, tulang iga, tanpa tulang, lip off, lemak dan lemak yang dapat dipisahkan, dipangkas menjadi 0"" lemak, pilih, dimasak, bakar";248;26,29;15,9;-;-
23230;"Daging sapi, tulang iga, tanpa tulang, lip off, lemak dan lemak yang dapat dipisahkan, dipangkas menjadi 0"" lemak, semua grade, mentah";228;19,26;16,71;0,12;-
23231;"Daging sapi, tulang iga, tanpa tulang, lip off, lemak dan lemak yang dapat dipisahkan, dipangkas hingga 0"" lemak, pilihan, mentah";241;18,69;18,43;0,2;-
23232;"Daging sapi, tulang iga, tanpa tulang, lip off, lemak dan lemak yang dapat dipisahkan, dipangkas hingga 0"" lemak, pilih, mentah";208;20,12;14,14;-;-
23233;"Daging sapi, tulang rusuk, tulang rusuk belakang, tulang-dalam, lemak dan lemak yang dapat dipisahkan, dipangkas menjadi lemak 0"", semua tingkat, dimasak, direbus";360;24,23;29,21;-;-
23234;"Daging sapi, tulang rusuk, tulang rusuk belakang, tulang-dalam, lemak dan lemak yang dapat dipisahkan, dipangkas menjadi 0"" lemak, pilihan, dimasak, direbus";372;23,34;30,95;-;-
23235;"Daging sapi, tulang rusuk, tulang rusuk belakang, tulang-ke-dalam, lemak dan lemak yang dapat dipisahkan, dipangkas menjadi 0"" lemak, pilih, dimasak, direbus";341;25,56;26,59;-;-
23236;"Daging sapi, tulang rusuk, tulang rusuk belakang, tulang-ke-dalam, lemak dan lemak yang dapat dipisahkan, dipangkas menjadi lemak 0"", semua kelas, mentah";324;16,15;28,42;0,78;-
23237;"Daging sapi, tulang rusuk, tulang rusuk belakang, tulang-dalam, lemak dan lemak yang dapat dipisahkan, dipangkas menjadi 0"" lemak, pilihan, mentah";336;15,75;29,89;0,9;-
23238;"Daging sapi, iga, iga belakang, tulang-masuk, lemak dan lemak yang dapat dipisahkan, dipangkas menjadi 0"" lemak, pilih, mentah";305;16,75;26,23;0,6;-
23239;"Daging sapi, pinggang, sirlo petite panggang atas, tanpa tulang, hanya dapat dipisahkan tanpa lemak, dipangkas hingga 0"" lemak, pilihan, dimasak, dipanggang";173;28,97;6,37;-;-
23240;"Daging sapi, pinggang, sirloin petite panggang atas / filet, tanpa tulang, hanya dapat dipisahkan tanpa lemak, dipangkas hingga 0"" lemak, pilihan, mentah";132;23,03;4,4;-;-
23241;"Daging sapi, pinggang, steak topi sirloin atas, tanpa tulang, tanpa lemak yang dapat dipisahkan, dipangkas hingga 1/8"" lemak, semua tingkat, dimasak, dipanggang";181;28,26;7,23;0,73;-
23242;"Daging sapi, pinggang, steak topi sirloin atas, tanpa tulang, tanpa lemak yang dapat dipisahkan, dipangkas hingga 1/8"" lemak, pilihan, dimasak, dipanggang";189;28,19;7,96;1,07;-
23243;"Daging sapi, pinggang, steak topi sirloin atas, tanpa tulang, tanpa lemak yang dapat dipisahkan, dipangkas hingga 1/8"" lemak, pilih, dimasak, dipanggang";170;28,36;6,14;0,22;-
23244;"Daging sapi, pinggang, steak topi sirloin atas, tanpa tulang, hanya lean yang dapat dipisahkan, dipangkas hingga 1/8"" lemak, semua grade, mentah";134;21,38;5,36;-;-
23245;"Daging sapi, pinggang, steak topi sirloin atas, tanpa tulang, hanya bersandar tanpa lemak, dipangkas hingga 1/8"" lemak, pilihan, mentah";138;21,34;5,82;-;-
23246;"Daging sapi, pinggang, steak topi sirloin atas, tanpa tulang, hanya bersandar terpisah, dipangkas hingga 1/8"" lemak, pilih, mentah";128;21,44;4,68;-;-
23247;"Daging sapi, filet pinggang atas, tanpa tulang, hanya lean yang dapat dipisah, dipangkas hingga 1/8"" lemak, semua grade, dimasak, dipanggang";195;29,33;8,54;0,3;-
23248;"Daging sapi, filet loin top, tanpa tulang, hanya lean yang dapat dipisah, dipangkas hingga 1/8"" lemak, pilihan, dimasak, panggang";203;28,99;9,48;0,36;-
23249;"Daging sapi, filet pinggang atas, tanpa tulang, tanpa lemak yang dapat dipisahkan, dipangkas hingga 1/8"" lemak, pilih, dimasak, bakar";184;29,85;7,12;0,2;-
23250;"Daging sapi, daging panggang petisi top loin, tanpa tulang, hanya bersandar tanpa lemak, dipangkas hingga 1/8"" lemak, semua grade, dimasak, dipanggang";195;28,33;8,76;0,82;-
23251;"Daging sapi, daging panggang petisi pinggang atas, tanpa tulang, hanya daging tanpa lemak yang dapat dipisahkan, dipangkas hingga 1/8"" lemak, pilihan, dimasak, dipanggang";206;28,24;9,97;0,88;-
23252;"Daging sapi, panggang petite pinggang atas, tanpa tulang, tanpa lemak yang dapat dipisahkan, dipangkas hingga 1/8"" lemak, pilih, dimasak, panggang";179;28,48;6,95;0,74;-
23253;"Daging sapi, panggang petite loin top / filet, tanpa tulang, hanya bersandar ramping, dipangkas menjadi 1/8"" lemak, semua nilai, mentah";143;22,61;5,84;-;-
23254;"Daging sapi, panggang petite loin atas / filet, tanpa tulang, hanya dapat dipisahkan tanpa lemak, dipangkas hingga 1/8"" lemak, pilihan, mentah";149;22,5;6,48;0,23;-
23255;"Daging sapi, panggang petite loin atas / filet, tanpa tulang, tanpa lemak terpisah, dipangkas hingga 1/8"" lemak, pilih, mentah";135;22,77;4,88;-;-
23256;"Daging sapi, pinggang, filet sirloin atas, tanpa tulang, hanya bersandar tanpa lemak, dipangkas hingga 0"" lemak, semua tingkat, dimasak, dipanggang";171;30,58;5,37;-;-
23257;"Daging sapi, pinggang, filet sirloin atas, tanpa tulang, tanpa lemak yang dapat dipisahkan, dipangkas hingga 0"" lemak, pilihan, dimasak, dipanggang";174;30,45;5,83;-;-
23258;"Daging sapi, pinggang, filet sirloin atas, tanpa tulang, tanpa lemak yang dapat dipisahkan, dipangkas hingga 0"" lemak, pilih, dimasak, bakar";165;30,78;4,68;-;-
23259;"Daging sapi, pinggang, sirlo petite panggang atas, tanpa tulang, hanya dapat dipisahkan tanpa lemak, dipangkas hingga 0"" lemak, semua tingkat, dimasak, dipanggang";170;29,12;5,92;-;-
23260;"Daging sapi, pinggang, sirlo petite panggang atas, tanpa tulang, hanya dapat dipisahkan tanpa lemak, dipangkas hingga 0"" lemak, pilih, dimasak, panggang";165;29,35;5,25;-;-
23261;"Daging sapi, pinggang, sirloin petite panggang atas / filet, tanpa tulang, hanya dapat dipisahkan tanpa lemak, dipangkas hingga 0"" lemak, semua nilai, mentah";128;23,04;3,98;-;-
23262;"Daging sapi, pinggang, sirlo petite panggang atas / filet, tanpa tulang, hanya dapat dipisahkan tanpa lemak, dipangkas hingga 0"" lemak, pilih, mentah";122;23,05;3,35;-;-
23263;"Daging sapi, ribeye petite panggang / filet, tanpa tulang, hanya dapat dipisahkan tanpa lemak, dipangkas hingga 0"" lemak, semua nilai, mentah";133;22,66;4,66;0,04;-
23264;"Daging sapi, panggang / filet ribeye, tanpa tulang, tanpa lemak terpisah, dipangkas hingga 0"" lemak, pilihan, mentah";138;22,52;5,29;0,18;-
23265;"Daging sapi, panggang / filet ribeye, tanpa tulang, hanya ramping tanpa lemak, dipangkas hingga 0"" lemak, pilih, mentah";125;22,89;3,72;-;-
23266;"Daging sapi, ribeye cap steak, tanpa tulang, tanpa lemak yang dapat dipisahkan, dipangkas hingga 0"" lemak, semua tingkatan, dimasak, dipanggang";246;24,66;15,7;1,53;-
23267;"Daging sapi, ribeye cap steak, tanpa tulang, tanpa lemak yang dapat dipisahkan, dipangkas hingga 0"" lemak, pilihan, dimasak, dipanggang";259;24,24;17,21;1,81;-
23268;"Daging sapi, ribeye cap steak, tanpa tulang, tanpa lemak yang dapat dipisahkan, dipangkas hingga 0"" lemak, pilih, dimasak, bakar";226;25,28;13,43;1,1;-
23269;"Daging sapi, ribeye cap steak, tanpa tulang, tanpa lemak yang dapat dipisahkan, dipangkas hingga 0"" lemak, semua grade, mentah";180;19,7;10,6;1,51;-
23270;"Daging sapi, ribeye cap steak, tanpa tulang, tanpa lemak yang dapat dipisahkan, dipangkas hingga 0"" lemak, pilihan, mentah";187;19,46;11,4;1,75;-
23271;"Daging sapi, ribeye cap steak, tanpa tulang, tanpa lemak yang dapat dipisahkan, dipangkas hingga 0"" lemak, pilih, mentah";169;20,05;9,39;1,15;-
23272;"Daging sapi, filet ribeye, tanpa tulang, tanpa lemak yang dapat dipisahkan, dipangkas hingga 0"" lemak, semua grade, dimasak, dipanggang";199;28,77;9,2;0,17;-
23273;"Daging sapi, filet ribeye, tanpa tulang, tanpa lemak yang dapat dipisahkan, dipangkas hingga 0"" lemak, pilihan, dimasak, dipanggang";208;28,35;10,26;0,51;-
23274;"Daging sapi, filet ribeye, tanpa tulang, tanpa lemak yang dapat dipisahkan, dipangkas hingga 0"" lemak, pilih, dimasak, panggang";186;29,39;7,61;-;-
23275;"Daging sapi, panggang petite ribeye, tanpa tulang, tanpa lemak yang dapat dipisahkan, dipangkas hingga 0"" lemak, semua grade, dimasak, dipanggang";178;28,15;7,31;-;-
23276;"Daging sapi, panggang pete ribeye, tanpa tulang, tanpa lemak yang dapat dipisahkan, dipangkas hingga 0"" lemak, pilihan, dimasak, dipanggang";188;28;8,42;-;-
23277;"Daging sapi, panggang pete ribeye, tanpa tulang, tanpa lemak yang dapat dipisahkan, dipangkas hingga 0"" lemak, pilih, dimasak, dipanggang";164;28,37;5,65;-;-
23278;"Daging sapi, pinggang, steak topi sirloin atas, tanpa tulang, lemak dan lemak yang dapat dipisahkan, dipangkas hingga 1/8"" lemak, semua tingkat, dimasak, dipanggang";242;26;15;0,8;-
23279;"Daging sapi, pinggang, steak topi sirloin atas, tanpa tulang, lemak dan lemak yang dapat dipisahkan, dipangkas hingga 1/8"" lemak, pilihan, dimasak, dipanggang";238;26,3;14,3;1,1;-
23280;"Daging sapi, pinggang, steak topi sirloin atas, tanpa tulang, lemak dan lemak yang dapat dipisahkan, dipangkas hingga 1/8"" lemak, pilih, dimasak, dipanggang";249;25,5;16,1;0,4;-
23281;"Daging sapi, pinggang, steak topi sirloin atas, tanpa tulang, lemak dan lemak yang dapat dipisahkan, dipangkas hingga 1/8"" lemak, semua nilai, mentah";191;19,9;12,4;-;-
23282;"Daging sapi, pinggang, steak topi sirloin atas, tanpa tulang, lemak dan lemak yang dapat dipisahkan, dipangkas hingga 1/8"" lemak, pilihan, mentah";199;19,7;13,4;-;-
23283;"Daging sapi, pinggang, steak topi sirloin atas, tanpa tulang, lemak dan lemak yang dapat dipisahkan, dipangkas hingga 1/8"" lemak, pilih, mentah";179;20,1;10,9;-;-
23284;"Daging sapi, filet pinggang atas, tanpa tulang, lemak dan lemak yang dapat dipisahkan, dipangkas hingga 1/8"" lemak, semua grade, dimasak, dipanggang";239;27,4;14,1;0,6;-
23285;"Daging sapi, filet pinggang atas, tanpa tulang, lemak dan lemak yang dapat dipisahkan, dipangkas hingga 1/8"" lemak, pilihan, dimasak, dipanggang";253;26,8;15,9;0,6;-
23286;"Daging sapi, filet pinggang atas, tanpa tulang, lemak dan lemak yang dapat dipisahkan, dipangkas hingga 1/8"" lemak, pilih, dimasak, dipanggang";219;28,3;11,6;0,4;-
23287;"Daging sapi, panggang petite pinggang atas, tanpa tulang, lemak tanpa lemak yang dapat dipisahkan, dipangkas hingga 1/8"" lemak, semua tingkat, dimasak, dipanggang";228;27;12,9;1;-
23288;"Daging sapi, panggang petite pinggang atas, tanpa tulang, lemak dan lemak yang dapat dipisahkan, dipangkas hingga 1/8"" lemak, pilihan, dimasak, dipanggang";239;26,8;14,1;1,1;-
23289;"Daging sapi, panggang petite pinggang atas, tanpa tulang, lemak dan lemak yang dapat dipisahkan, dipangkas hingga 1/8"" lemak, pilih, dimasak, panggang";213;27,1;11,2;0,9;-
23290;"Daging sapi, daging panggang / filet pinggang atas, tanpa tulang, lemak dan lemak yang dapat dipisahkan, dipangkas hingga 1/8"" lemak, semua nilai, mentah";187;21,1;11,3;0,3;-
23291;"Daging sapi, daging panggang petit top pinggang, tanpa tulang, lemak dan lemak yang dapat dipisahkan, dipangkas hingga 1/8"" lemak, pilihan, mentah";199;20,8;12,6;0,6;-
23292;"Daging sapi, panggang petite loin atas / filet, tanpa tulang, lemak dan lemak yang dapat dipisahkan, dipangkas hingga 1/8"" lemak, pilih, mentah";170;21,6;9,3;-;-
23293;Daging sapi, Australia, impor, diberi makan rumput, digiling, 85% kurus / 15% lemak, mentah;234;17,72;18,12;-;-
23294;Daging sapi, Australia, impor, makan rumput, pinggang, steak tenderloin / panggang, tanpa tulang, hanya dapat dipisahkan tanpa lemak, mentah;138;20,85;6,11;-;-
23295;Daging sapi, Australia, impor, Wagyu, pinggang, steak tenderloin / panggang, tanpa tulang, hanya dapat dipisahkan tanpa lemak, Aust. skor marmer 4/5, mentah;191;20,19;12,3;-;-
23296;Daging sapi, Australia, impor, makan rumput, lemak eksternal, mentah;509;11,32;51,36;0,39;-
23297;Daging sapi, Australia, impor, makan rumput, lemak jahitan, mentah;562;9,58;57,73;1,06;-
23298;Daging sapi, Australia, impor, Wagyu, lemak eksternal, Aust. skor marmer 4/5, mentah;596;6,54;63,27;-;-
23299;Daging sapi, Australia, impor, Wagyu, jahitan lemak, Aust. skor marmer 4/5, mentah;594;6;63,3;-;-
23300;Daging sapi, Australia, impor, Wagyu, lemak eksternal, Aust. skor marmer 9, mentah;639;5,54;68,07;0,97;-
23301;Daging sapi, Australia, impor, Wagyu, jahitan lemak, Aust. skor marmer 9, mentah;627;5,16;67,33;-;-
23302;Daging sapi, Australia, impor, makan rumput, pinggang, steak tenderloin / panggang, tanpa tulang, lemak dan lemak terpisah, mentah;151;20,53;7,63;0,01;-
23303;Daging sapi, daging Australia, impor, diberi makan rumput, pinggang, steak top pinggang / panggang, tanpa tulang, hanya dapat dipisahkan tanpa lemak, mentah;131;21,79;4,87;-;-
23304;Daging sapi, Australia, impor, Wagyu, pinggang, steak tenderloin / panggang, tanpa tulang, lemak dan lemak terpisah, Aust. skor marmer 4/5, mentah;206;19,71;14,09;-;-
23305;Daging sapi, daging Australia, impor, diberi makan rumput, pinggang, steak bagian atas / daging panggang, tanpa tulang, lemak dan lemak terpisah, mentah;199;19,9;13,17;0,11;-
23306;Daging sapi, daging sapi Australia, impor, diberi makan rumput, loin, sirloin top-cap steak / panggang, tanpa tulang, hanya lean leanable, mentah;122;21,9;3,87;-;-
23307;Daging sapi, Australia, impor, makan rumput, iga, steak ribeye / panggang dengan lip-on, tanpa tulang, hanya bersandar terpisah, mentah;160;21,47;8,2;-;-
23308;Daging sapi, Australia, impor, diberi makan rumput, bulat, steak / panggang putaran bawah, tanpa tulang, hanya dapat dipisahkan tanpa lemak, mentah;130;21,4;4,93;-;-
23309;Daging sapi, daging sapi Australia, impor, diberi makan rumput, bulat, top-cap-off steak / panggang, tanpa tulang, hanya lean dapat dipisahkan, mentah;129;22,41;4,43;-;-
23310;Daging sapi, Australia, impor, Wagyu, pinggang, steak tenderloin / panggang, tanpa tulang, hanya dapat dipisahkan tanpa lemak, Aust. skor marmer 9, mentah;237;18,87;17,73;0,57;-
23311;Daging sapi, Australia, impor, Wagyu, pinggang, steak top pinggang / panggang, tanpa tulang, hanya dapat dipisahkan tanpa lemak, Aust. skor marmer 4/5, mentah;223;20,15;15,69;0,2;-
23312;Daging sapi, Australia, impor, Wagyu, pinggang, steak top pinggang / panggang, tanpa tulang, hanya dapat dipisahkan tanpa lemak, Aust. skor marmer 9, mentah;331;16,92;29,15;0,13;-
23313;Daging sapi, Australia, impor, wagyu, iga, steak / panggang iga ujung kecil, tanpa tulang, hanya bersandar terpisah, Aust. skor marmer 4/5, mentah;234;20,35;16,93;-;-
23314;Daging sapi, Australia, impor, wagyu, iga, steak / panggang iga ujung kecil, tanpa tulang, hanya bersandar terpisah, Aust. skor marmer 9, mentah;330;17,61;28,61;0,46;-
23315;Daging sapi, daging sapi Australia, impor, diberi makan rumput, loin, sirloin top-cap steak / panggang, tanpa tulang, lemak dan lemak terpisah, mentah;127;21,77;4,45;0,01;-
23316;Daging sapi, daging Australia, impor, diberi makan rumput, iga, steak ribeye / panggang dengan lemak, tanpa tulang, lemak dan lemak yang dapat dipisahkan, mentah;217;19,8;15,21;0,11;-
23317;Daging sapi, Australia, impor, diberi makan rumput, bulat, steak / daging panggang bagian bawah, tanpa tulang, lemak dan lemak terpisah, mentah;140;21,13;6,16;0,01;-
23318;Daging sapi, daging sapi Australia, impor, diberi makan rumput, bulat, top-cap-off steak / panggang, tanpa tulang, lemak dan lemak terpisah, mentah;129;22,24;4,4;-;-
23319;Daging sapi, Australia, impor, Wagyu, pinggang, steak top pinggang / panggang, tanpa tulang, lemak dan lemak terpisah, Aust. skor marmer 4/5, mentah;289;17,67;24,2;0,17;-
23320;Daging sapi, Australia, impor, Wagyu, pinggang, steak daging panggang atas, daging tanpa lemak yang dapat dipisahkan, Aust. skor marmer 9, mentah;392;14,58;36,98;0,22;-
23321;Daging sapi, Australia, impor, Wagyu, iga, steak / panggang iga ujung kecil, tanpa tulang, lemak dan lemak terpisah, Aust. skor marmer 4/5, mentah;317;17,07;27,64;-;-
23322;Daging sapi, Australia, impor, Wagyu, iga, steak / panggang iga ujung kecil, tanpa tulang, lemak dan lemak terpisah, Aust. skor marmer 9, mentah;405;14,54;38,3;0,42;-
23323;Daging sapi, Australia, impor, Wagyu, pinggang, steak tenderloin / panggang, tanpa tulang, lemak dan lemak terpisah, Aust. skor marmer 9, mentah;248;18,5;19,11;0,58;-
23324;"Daging sapi, bulat, steak bundar, tanpa tulang, lemak dan lemak terpisah, dipangkas hingga 0"" lemak, semua grade, mentah";124;23,49;3,34;-;-
23325;"Daging sapi, bulat, steak bundar, tanpa tulang, lemak dan lemak terpisah, dipangkas hingga 0"" lemak, pilihan, mentah";127;23,49;3,66;-;-
23326;"Daging sapi, bulat, steak bundar, tanpa tulang, lemak dan lemak terpisah, dipangkas hingga 0"" lemak, pilih, mentah";120;23,49;2,85;-;-
23327;"Daging sapi, daging bulat, daging panggang bundar, tanpa tulang, lemak dan lemak yang dapat dipisahkan, dipangkas hingga 0"" lemak, semua nilai, mentah";125;23,45;3,5;-;-
23328;"Daging sapi, daging bulat, daging panggang bundar, tanpa tulang, lemak tanpa lemak yang dapat dipisahkan, dipangkas hingga 0"" lemak, pilihan, mentah";128;23,46;3,81;-;-
23329;"Daging sapi, daging bulat, daging panggang bundar, tanpa tulang, lemak tanpa lemak yang dapat dipisahkan, dipangkas hingga 0"" lemak, pilih, mentah";121;23,44;3,04;-;-
23330;"Daging sapi, bundar, mata bundar panggang, tanpa tulang, lemak tanpa lemak yang dapat dipisahkan, dipangkas menjadi 0"" lemak, semua grade, mentah";124;23,27;3,44;-;-
23331;"Daging sapi, bundar, mata bundar panggang, tanpa tulang, lemak tanpa lemak yang dapat dipisahkan, dipangkas hingga 0"" lemak, pilihan, mentah";127;23,26;3,74;-;-
23332;"Daging sapi, bundar, mata bundar panggang, tanpa tulang, lemak tanpa lemak yang dapat dipisahkan, dipangkas hingga 0"" lemak, pilih, mentah";120;23,28;3;-;-
23333;"Daging sapi, bundar, mata steak bundar, tanpa tulang, lemak tanpa lemak yang dapat dipisahkan, dipangkas menjadi 0"" lemak, semua grade, mentah";124;23,26;3,48;-;-
23334;"Daging sapi, bundar, mata steak bundar, lemak tanpa lemak yang dapat dipisahkan, dipangkas hingga 0"" lemak, pilihan, mentah";127;23,24;3,83;-;-
23335;"Daging sapi, bundar, mata steak bundar, tanpa tulang, lemak tanpa lemak yang dapat dipisahkan, dipangkas hingga 0"" lemak, pilih, mentah";120;23,3;2,95;-;-
23336;"Daging sapi, pinggang, daging panggang, tanpa tulang, lemak dan lemak yang dapat dipisahkan, dipangkas menjadi 0"" lemak, semua grade, mentah";149;21,67;6,93;-;-
23337;"Daging sapi, pinggang, daging panggang, tanpa tulang, lemak dan lemak yang dapat dipisahkan, dipangkas hingga 0"" lemak, pilihan, mentah";153;21,5;7,4;-;-
23338;"Daging sapi, pinggang, daging panggang, tanpa tulang, lemak dan lemak yang dapat dipisahkan, dipangkas hingga 0"" lemak, pilih, mentah";144;21,91;6,21;-;-
23339;"Daging sapi, pinggang, steak top pinggang, tanpa tulang, lip off, lemak dan lemak yang dapat dipisahkan, dipangkas menjadi 0"" lemak, semua nilai, mentah";163;22,43;8,17;-;-
23340;"Daging sapi, pinggang, steak top pinggang, tanpa tulang, lip off, lemak dan lemak terpisah, dipangkas menjadi 0"" lemak, pilihan, mentah";171;22,19;9,16;-;-
23341;"Daging sapi, pinggang, steak top pinggang, tanpa tulang, lip off, lemak dan lemak yang dapat dipisahkan, dipangkas hingga 0"" lemak, pilih, mentah";151;22,79;6,67;-;-
23342;"Daging sapi, pinggang, steak tenderloin, tanpa tulang, lemak dan lemak yang dapat dipisahkan, dipangkas hingga 0"" lemak, semua grade, mentah";147;21,72;6,67;-;-
23343;"Daging sapi, pinggang, steak tenderloin, tanpa tulang, lemak tanpa lemak yang dapat dipisahkan, dipangkas hingga 0"" lemak, pilihan, mentah";150;21,57;7,1;-;-
23344;"Daging sapi, pinggang, steak tenderloin, tanpa tulang, lemak tanpa lemak yang dapat dipisahkan, dipangkas hingga 0"" lemak, pilih, mentah";142;21,95;6,02;-;-
23345;"Daging sapi, pinggang, daging panggang tenderloin, tanpa tulang, lemak tanpa lemak yang dapat dipisahkan, dipangkas menjadi 0"" lemak, semua tingkatan, dimasak, dipanggang";183;27,31;8,14;-;-
23346;"Daging sapi, pinggang, daging panggang, tanpa tulang, lemak dan lemak yang dapat dipisahkan, dipangkas hingga 0"" lemak, pilihan, dimasak, dipanggang";188;27,26;8,82;-;-
23347;"Daging sapi, pinggang, panggang tenderloin, tanpa tulang, lemak dan lemak yang dapat dipisahkan, dipangkas menjadi 0"" lemak, pilih, dimasak, dipanggang";174;27,38;7,12;-;-
23348;"Daging sapi, daging bulat, daging panggang bundar, tanpa tulang, lemak tanpa lemak yang dapat dipisahkan, dipangkas hingga 0"" lemak, semua tingkatan, dimasak, dipanggang";160;29,9;4,49;-;-
23349;"Daging sapi, daging bundar, daging panggang bundar, tanpa tulang, lemak tanpa lemak yang dapat dipisahkan, dipangkas hingga 0"" lemak, pilihan, dimasak, dipanggang";163;30,08;4,79;-;-
23350;"Daging sapi, daging bundar, daging panggang bundar, tanpa tulang, lemak tanpa lemak yang dapat dipisahkan, dipangkas hingga 0"" lemak, pilih, dimasak, dipanggang";157;30,97;3,72;-;-
23351;"Daging sapi, bundar, mata steak bundar, tanpa tulang, lemak tanpa lemak yang dapat dipisahkan, dipangkas menjadi 0"" lemak, semua tingkatan, dimasak, dipanggang";159;29,66;4,47;-;-
23352;"Daging sapi, bundar, mata steak bundar, tanpa tulang, lemak tanpa lemak yang dapat dipisahkan, dipangkas hingga 0"" lemak, pilihan, dimasak, dipanggang";163;29,79;4,83;-;-
23353;"Daging sapi, bundar, mata steak bundar, tanpa tulang, lemak tanpa lemak yang dapat dipisahkan, dipangkas menjadi 0"" lemak, pilih, dimasak, bakar";154;29,47;3,98;-;-
23354;"Daging sapi, bulat, steak bundar atas, tanpa tulang, hanya dapat dipisahkan tanpa lemak, dipangkas hingga 0"" lemak, semua nilai, mentah";121;23,59;2,94;-;-
23355;"Daging sapi, daging bundar, steak bundar atas, tanpa tulang, tanpa lemak yang dapat dipisahkan, dipangkas hingga 0"" lemak, pilihan, mentah";124;23,59;3,26;-;-
23356;"Daging sapi, daging bundar, steak bundar atas, tanpa tulang, tanpa lemak yang dapat dipisahkan, dipangkas hingga 0"" lemak, pilih, mentah";116;23,59;2,45;-;-
23357;"Daging sapi, daging bulat, daging panggang bundar atas, tanpa tulang, hanya bersandar bebas lemak, dipangkas hingga 0"" lemak, semua nilai, mentah";121;23,59;2,94;-;-
23358;"Daging sapi, daging bulat, daging panggang bundar atas, tanpa tulang, hanya bersandar bebas lemak, dipangkas hingga 0"" lemak, pilihan, mentah";124;23,59;3,26;-;-
23359;"Daging sapi, daging bundar, daging panggang bundar atas, tanpa tulang, hanya bersandar bebas lemak, dipangkas hingga 0"" lemak, pilih, mentah";116;23,59;2,45;-;-
23360;"Daging sapi, bundar, mata bundar panggang, tanpa tulang, hanya bersandar tanpa lemak, dipangkas hingga 0"" lemak, semua grade, mentah";121;23,37;3,04;-;-
23361;"Daging sapi, bundar, mata bundar panggang, tanpa tulang, hanya bersandar tanpa lemak, dipangkas hingga 0"" lemak, pilihan, mentah";124;23,35;3,38;-;-
23362;"Daging sapi, bulat, mata bundar panggang, tanpa tulang, hanya bersandar tanpa lemak, dipangkas hingga 0"" lemak, pilih, mentah";116;23,41;2,52;-;-
23363;"Daging sapi, bundar, mata steak bundar, tanpa tulang, hanya bersandar tanpa lemak, dipangkas hingga 0"" lemak, semua grade, mentah";121;23,37;3,04;-;-
23364;"Daging sapi, bundar, mata steak bundar, tanpa tulang, hanya bersandar bebas, dipangkas hingga 0"" lemak, pilihan, mentah";124;23,35;3,38;-;-
23365;"Daging sapi, bundar, mata steak bundar, tanpa tulang, hanya bersandar terpisah, dipangkas hingga 0"" lemak, pilih, mentah";116;23,41;2,52;-;-
23366;"Daging sapi, pinggang, daging panggang tenderloin, tanpa tulang, hanya bersandar tanpa lemak, dipangkas hingga 0"" lemak, semua grade, mentah";139;21,94;5,74;-;-
23367;"Daging sapi, pinggang, daging panggang tenderloin, tanpa tulang, hanya bersandar tanpa lemak, dipangkas hingga 0"" lemak, pilihan, mentah";143;21,78;6,16;-;-
23368;"Daging sapi, pinggang, panggang tenderloin, tanpa tulang, hanya bersandar tanpa lemak, dipangkas hingga 0"" lemak, pilih, mentah";135;22,16;5,1;-;-
23369;"Daging sapi, pinggang, steak top pinggang, tanpa tulang, lip off, hanya dapat dipisahkan tanpa lemak, dipangkas hingga 0"" lemak, semua nilai, mentah";143;23,07;5,67;-;-
23370;"Daging sapi, pinggang, steak top pinggang, tanpa tulang, lip off, hanya dapat dipisahkan tanpa lemak, dipangkas hingga 0"" lemak, pilihan, mentah";149;22,93;6,34;-;-
23371;"Daging sapi, pinggang, steak top pinggang, tanpa tulang, lip off, hanya dapat dipisahkan tanpa lemak, dipangkas hingga 0"" lemak, pilih, mentah";135;23,3;4,66;-;-
23372;"Daging sapi, pinggang, steak tenderloin, tanpa tulang, tanpa lemak yang dapat dipisahkan, dipangkas hingga 0"" lemak, semua grade, mentah";139;21,94;5,74;-;-
23373;"Daging sapi, pinggang, steak tenderloin, tanpa tulang, tanpa lemak yang dapat dipisahkan, dipangkas hingga 0"" lemak, pilihan, mentah";143;21,78;6,16;-;-
23374;"Daging sapi, pinggang, steak tenderloin, tanpa tulang, tanpa lemak yang dapat dipisahkan, dipangkas hingga 0"" lemak, pilih, mentah";135;22,16;5,1;-;-
23375;"Daging sapi, pinggang, daging panggang tenderloin, tanpa tulang, tanpa lemak yang dapat dipisahkan, dipangkas hingga 0"" lemak, semua tingkatan, dimasak, dipanggang";177;27,51;7,49;-;-
23376;"Daging sapi, pinggang, panggang tenderloin, tanpa tulang, tanpa lemak yang dapat dipisahkan, dipangkas hingga 0"" lemak, pilihan, dimasak, dipanggang";183;27,48;8,13;-;-
23377;"Daging sapi, pinggang, daging panggang, hanya tanpa lemak, tanpa tulang, dipangkas hingga 0"" lemak, pilih, dimasak, dipanggang";169;27,55;6,54;-;-
23378;"Daging sapi, daging bundar, daging panggang bundar atas, tanpa tulang, hanya daging tanpa lemak yang dapat dipisahkan, dipangkas hingga 0"" lemak, semua tingkatan, dimasak, dipanggang";162;30,09;3,77;-;-
23379;"Daging sapi, daging bundar, daging panggang bundar atas, tanpa tulang, tanpa lemak yang dapat dipisahkan, dipangkas hingga 0"" lemak, pilihan, dimasak, dipanggang";158;30,24;4,11;0,06;-
23380;"Daging sapi, daging bundar, daging panggang bundar atas, tanpa tulang, tanpa lemak yang dapat dipisahkan, dipangkas hingga 0"" lemak, pilih, dimasak, dipanggang";150;29,81;3,37;-;-
23381;"Daging sapi, bundar, mata steak bundar, tanpa tulang, hanya bersandar tanpa lemak, dipangkas hingga 0"" lemak, semua grade, dimasak, dipanggang";155;29,85;3,9;-;-
23382;"Daging sapi, bundar, mata steak bundar, tanpa tulang, hanya bersandar tanpa lemak, dipangkas hingga 0"" lemak, pilihan, matang, panggang";158;29,94;4,26;-;-
23383;"Daging sapi, bundar, mata steak bundar, tanpa tulang, hanya bersandar tanpa lemak, dipangkas hingga 0"" lemak, pilih, dimasak, bakar";149;29,52;3,43;-;-
23384;"Daging sapi, pinggang, steak top pinggang, tanpa tulang, lip-on, leanable terpisah, dipangkas hingga 1/8"" lemak, pilih, mentah";135;23,3;4,66;-;-
23385;"Daging sapi, pinggang, steak top pinggang, tanpa tulang, lip-on, leanable terpisah, dipangkas hingga 1/8"" lemak, pilihan, mentah";149;22,93;6,34;-;-
23386;"Daging sapi, pinggang, steak top pinggang, tanpa tulang, lip-on, leanable terpisah, dipangkas hingga 1/8"" lemak, semua grade, mentah";143;23,07;5,67;-;-
23387;"Daging sapi, pinggang, steak top pinggang, tanpa tulang, lip-on, lemak dan lemak terpisah, dipangkas hingga 1/8"" lemak, pilih, mentah";191;21,54;11,65;-;-
23388;"Daging sapi, pinggang, steak top pinggang, tanpa tulang, lip-on, lemak dan lemak terpisah, dipangkas hingga 1/8"" lemak, semua grade, mentah";199;21,29;12,68;-;-
23389;"Daging sapi, pinggang, steak top pinggang, tanpa tulang, lip-on, lemak dan lemak yang dapat dipisahkan, dipangkas hingga 1/8"" lemak, pilihan, dimasak, dipanggang";275;25,69;19,19;-;-
23390;"Daging sapi, pinggang, steak top pinggang, tanpa tulang, lip-on, lemak dan lemak yang dapat dipisahkan, dipangkas hingga 1/8"" lemak, pilih, dimasak, dipanggang";247;26,92;15,44;-;-
23391;"Daging sapi, pinggang, steak top pinggang, tanpa tulang, lip-on, lemak dan lemak yang dapat dipisahkan, dipangkas hingga 1/8"" lemak, semua tingkatan, dimasak, dipanggang";264;26,18;17,69;-;-
23392;"Daging sapi, pinggang, steak top pinggang, tanpa tulang, lip-on, leanable terpisah, dipangkas hingga 1/8"" lemak, pilihan, dimasak, dipanggang";208;28,66;10,34;-;-
23393;"Daging sapi, pinggang, steak top pinggang, tanpa tulang, lip-on, leanable terpisah, dipangkas hingga 1/8"" lemak, pilih, dimasak, bakar";184;29,67;7,26;-;-
23394;"Daging sapi, pinggang, steak top pinggang, tanpa tulang, lip-on, hanya dapat dipisah, dipangkas hingga 1/8"" lemak, semua tingkat, dimasak, dipanggang";198;29,06;9,11;-;-
23395;"Daging sapi, pinggang, steak top pinggang, tanpa tulang, lip-on, lemak dan lemak terpisah, dipangkas hingga 1/8"" lemak, pilihan, mentah";205;21,13;13,36;-;-
23397;Daging sapi, Selandia Baru, impor, bolar blade, hanya lean yang dapat dipisahkan, dimasak, dipanggang cepat;193;33,53;6,57;-;-
23398;Daging sapi, Selandia Baru, impor, bolar blade, hanya lean leanable, mentah;129;22,09;4,49;-;-
23399;Daging sapi, Selandia Baru, impor, ujung pusar brisket, hanya dapat dipisahkan tanpa lemak, dimasak, direbus;265;29,35;16,37;-;-
23401;Daging sapi, Selandia Baru, impor, ujung pusar brisket, hanya lean dapat dipisahkan, mentah;194;19,74;12,75;-;-
23402;Daging sapi, Selandia Baru, impor, ujung brisket, hanya dapat dipisahkan tanpa lemak, dimasak, direbus;202;34,51;7,05;-;-
23403;Daging sapi, Selandia Baru, impor, ujung brisket, hanya lean leanable, mentah;125;20,92;4,62;-;-
23404;Daging sapi, Selandia Baru, impor, chuck eye roll, hanya dapat dipisahkan tanpa lemak, mentah;131;20,46;5,41;-;-
23405;Daging sapi, Selandia Baru, impor, chuck eye roll, hanya dapat dipisahkan tanpa lemak, dimasak, direbus;208;32,08;8,89;-;-
23406;Daging sapi, Selandia Baru, impor, cube roll, hanya dapat dipisahkan tanpa lemak, dimasak, dipanggang cepat;239;30,09;13,22;-;-
23407;Daging sapi, Selandia Baru, impor, cube roll, hanya dapat dipisahkan tanpa lemak, mentah;161;19,77;8,51;1,38;-
23408;Daging sapi, Selandia Baru, impor, mata bundar, hanya dapat dipisahkan tanpa lemak, dimasak, dipanggang perlahan;164;29,68;4,98;-;-
23409;Daging sapi, Selandia Baru, impor, mata bundar, hanya lean dapat dipisahkan, mentah;116;20,15;3,35;1,35;-
23410;Daging sapi, Selandia Baru, diimpor, mengapit, hanya bisa dipisahkan tanpa lemak, dimasak, direbus;194;30,75;7,92;-;-
23411;Daging sapi, Selandia Baru, diimpor, mengapit, hanya bersandar ramping, mentah;142;20,53;6,67;-;-
23412;Daging sapi, Selandia Baru, diimpor, rata, hanya dapat dipisahkan tanpa lemak, dimasak, direbus;226;33,22;10,3;-;-
23413;Daging sapi, Selandia Baru, diimpor, rata, hanya dapat dipisahkan tanpa lemak, mentah;154;21,3;7,69;-;-
23414;Daging sapi, Selandia Baru, impor, aneka daging dan produk sampingan, jantung, dimasak, direbus;179;31,29;6;-;-
23415;Daging sapi, Selandia Baru, impor, aneka daging dan produk sampingan, jantung, mentah;105;18,52;3,4;-;-
23416;Daging sapi, Selandia Baru, impor, belakang tulang kering, hanya dapat dipisahkan tanpa lemak, dimasak, direbus;167;31,23;4,64;-;-
23417;Daging sapi, Selandia Baru, impor, belakang tulang kering, hanya dapat dipisahkan lean, mentah;114;21,46;3,12;-;-
23418;Daging sapi, Selandia Baru, impor, di dalam, mentah;128;22,16;4,36;0,1;-
23419;Daging sapi, Selandia Baru, impor, lemak intermuskular, dimasak;560;7,9;57,22;3,39;-
23420;Daging sapi, Selandia Baru, impor, lemak intermuskular, mentah;602;6,97;63,78;0,01;-
23421;Daging sapi, Selandia Baru, impor, aneka daging dan produk sampingan, ginjal, dimasak, direbus;157;27,28;5,27;-;-
23422;Daging sapi, Selandia Baru, impor, buku jari, dimasak, digoreng cepat;178;27,51;7,58;-;-
23423;Daging sapi, Selandia Baru, impor, aneka daging dan produk sampingan, ginjal, mentah;87;15,68;2,64;-;-
23424;Daging sapi, Selandia Baru, impor, aneka daging dan produk sampingan hati, dimasak, direbus;150;23,3;4,68;3,78;-
23425;Daging sapi, Selandia Baru, impor, aneka daging dan produk sampingan, hati, mentah;133;20,5;4,05;3,6;-
23426;Daging sapi, Selandia Baru, impor, pabrikan daging sapi, dimasak, direbus;126;24,21;3,26;-;-
23427;Daging sapi, Selandia Baru, impor, pabrikan daging sapi, mentah;119;21,23;3,68;0,23;-
23428;Daging sapi, Selandia Baru, impor, bilah tiram, hanya lean leanable, matang, direbus;196;29,87;8,46;-;-
23429;Daging sapi, Selandia Baru, impor, bilah tiram, hanya lean leanable, mentah;155;21,83;7,56;-;-
23430;Daging sapi, Selandia Baru, impor, iga disiapkan, dimasak, dipanggang cepat;197;27,23;9,74;0,09;-
23431;Daging sapi, Selandia Baru, impor, iga disiapkan, mentah;146;21,31;6,78;-;-
23432;Daging sapi, Selandia Baru, impor, pusat pantat, hanya lean yang dapat dipisahkan, dimasak, digoreng cepat;188;30,17;7,48;-;-
23433;Daging sapi, Selandia Baru, impor, striploin, hanya dapat dipisahkan tanpa lemak, dimasak, digoreng cepat;217;28,53;11,4;-;-
23434;Daging sapi, Selandia Baru, impor, striploin, hanya dapat dipisahkan tanpa lemak, mentah;150;20,93;7;0,74;-
23435;Daging sapi, Selandia Baru, impor, lemak subkutan, dimasak;731;6,5;78,3;-;-
23436;Daging sapi, Selandia Baru, impor, lemak subkutan, mentah;685;8,5;72,38;-;-
23437;Daging sapi, Selandia Baru, impor, roti manis, dimasak, direbus;318;12,53;29,79;-;-
23438;Daging sapi, Selandia Baru, impor, roti manis, mentah;303;11,51;28,6;-;-
23439;Daging sapi, Selandia Baru, impor, tenderloin, hanya dapat dipisahkan tanpa lemak, dimasak, digoreng cepat;200;29,37;9,01;0,27;-
23440;Daging sapi, Selandia Baru, impor, bilah tiram, dapat dipisahkan lemak dan lemak, mentah;178;21,27;10,31;-;-
23441;Daging sapi, Selandia Baru, impor, tenderloin, hanya dapat dipisahkan tanpa lemak, mentah;140;21,19;6,1;-;-
23442;Daging sapi, Selandia Baru, impor, aneka daging dan produk sampingan, lidah, dimasak, direbus;271;18,31;20,34;3,68;-
23443;Daging sapi, Selandia Baru, impor, aneka daging dan produk sampingan, lidah, mentah;243;17,77;19,09;-;-
23444;Daging sapi, Selandia Baru, impor, aneka daging dan produk sampingan, babat dimasak, direbus;103;19;2,98;-;-
23445;Daging sapi, Selandia Baru, impor, aneka daging dan produk sampingan, babat mentah, mentah;77;14,86;1,98;-;-
23446;Daging sapi, Selandia Baru, impor, bolar blade, dapat dipisahkan lemak dan lemaknya, dimasak, dipanggang cepat;228;31,3;11,37;-;-
23447;Daging sapi, Selandia Baru, impor, bolar blade, dapat dipisahkan lemak dan lemaknya, mentah;159;21,29;8,22;-;-
23448;Daging sapi, Selandia Baru, impor, ujung pusar brisket, lemak dan lemak yang dapat dipisahkan, dimasak, direbus;453;20,14;41,33;-;-
23449;Daging sapi, Selandia Baru, impor, ujung pusar brisket, lemak tanpa lemak yang dapat dipisahkan, mentah;345;15,81;31,27;-;-
23450;Daging sapi, Selandia Baru, impor, ujung brisket, lemak dan lemak yang dapat dipisahkan, dimasak, direbus;250;31,94;13,6;-;-
23451;Daging sapi, Selandia Baru, impor, ujung brisket, lemak tanpa lemak yang dapat dipisahkan, mentah;163;20,05;9,23;-;-
23452;Daging sapi, Selandia Baru, impor, chuck eye roll, dapat dipisahkan lemak dan lemaknya, dimasak, direbus;252;29,92;14,74;-;-
23453;Daging sapi, Selandia Baru, diimpor, chuck eye roll, dapat dipisahkan lemak dan lemak, mentah;181;19,38;11,45;-;-
23454;Daging sapi, Selandia Baru, impor, cube roll, lemak dan lemak terpisah, dimasak, dipanggang cepat;286;27,79;19,45;0,03;-
23455;Daging sapi, Selandia Baru, impor, cube roll, lemak tanpa lemak yang dapat dipisahkan, mentah;225;18,22;16,31;1,31;-
23456;Daging sapi, Selandia Baru, diimpor, mata bulat, dapat dipisahkan lemak dan lemaknya, dimasak, dipanggang perlahan;168;29,49;5,57;-;-
23457;Daging sapi, Selandia Baru, diimpor, bulat, dapat dipisahkan lemak dan lemaknya, mentah;129;19,88;4,92;1,32;-
23458;Daging sapi, Selandia Baru, diimpor, mengapit, dapat dipisahkan lemak dan lemaknya, dimasak, direbus;208;30,13;9,73;-;-
23459;Daging sapi, Selandia Baru, diimpor, mengapit, dapat dipisahkan lemak dan lemaknya, mentah;161;20,12;8,9;-;-
23460;Daging sapi, Selandia Baru, diimpor, rata, ramping dan berlemak, dimasak, direbus;252;31,86;13,79;-;-
23461;Daging sapi, Selandia Baru, diimpor, rata, ramping dan lemak dapat dipisahkan, mentah;177;20,57;10,55;-;-
23462;Daging sapi, Selandia Baru, impor, tulang kering, lemak dan lemak yang dapat dipisahkan, dimasak, direbus;196;29,82;8,5;0,07;-
23463;Daging sapi, Selandia Baru, impor, belakang tulang kering, dipisahkan lemak dan lemak, mentah;147;20,61;7,2;-;-
23464;Daging sapi, Selandia Baru, impor, bilah tiram, lemak tanpa lemak yang dapat dipisahkan, dimasak, direbus;197;29,79;8,68;-;-
23465;Daging sapi, Selandia Baru, impor, pusat pantat, dapat dipisahkan lemak dan lemaknya, dimasak, digoreng cepat;192;30,01;7,96;-;-
23466;Daging sapi, Selandia Baru, impor, pusat pantat, hanya lean yang dapat dipisahkan, mentah;141;21,74;6,05;-;-
23467;Daging sapi, Selandia Baru, impor, pusat pantat, dapat dipisahkan lemak dan lemak, mentah;145;21,65;6,5;-;-
23468;Daging sapi, Selandia Baru, impor, striploin, lemak tanpa lemak yang dapat dipisahkan, dimasak, digoreng cepat;301;24,89;22,33;0,02;-
23469;Daging sapi, Selandia Baru, impor, striploin, lemak tanpa lemak yang dapat dipisahkan, mentah;252;18,49;19,53;0,6;-
23470;Daging sapi, Selandia Baru, impor, tenderloin, lemak tanpa lemak yang dapat dipisahkan, dimasak, digoreng cepat;202;29,26;9,35;0,27;-
23471;Daging sapi, Selandia Baru, impor, tenderloin, lemak tanpa lemak yang dapat dipisahkan, mentah;146;21,04;6,88;-;-
23472;Daging sapi, digiling, 93% daging tanpa lemak / 7% lemak, mentah;152;20,85;7;-;-
23473;Daging sapi, digiling, 93% daging tanpa lemak / 7% lemak, patty, dimasak, dipanggang;193;26,22;8,94;-;-
23474;Daging sapi, digiling, 93% daging tanpa lemak / 7% lemak, patty, dimasak, ditumis;182;25,56;8,01;0,06;-
23475;Daging sapi, digiling, 93% daging tanpa lemak / 7% lemak, roti, dimasak, dipanggang;192;27,03;8,43;-;-
23476;Daging sapi, digiling, 93% daging tanpa lemak / 7% lemak, remuk, dimasak, kecoklatan;209;28,88;9,51;-;-
23477;Daging sapi, digiling, 97% daging tanpa lemak / 3% lemak, mentah;121;21,98;3;-;-
23478;Daging sapi, digiling, 97% daging tanpa lemak / 3% lemak, patty, dimasak, dipanggang;153;26,36;4,46;-;-
23479;Daging sapi, ditumbuk, 97% daging tanpa lemak / 3% lemak, daging, dimasak, ditumis;144;26,03;3,65;-;-
23480;Daging sapi, digiling, 97% daging tanpa lemak / 3% lemak, roti, dimasak, dipanggang;154;27,58;4,06;-;-
23481;Daging sapi, ditumbuk, 97% daging tanpa lemak / 3% lemak, remuk, dimasak, kecoklatan;175;29,46;5,46;-;-
23482;"Daging sapi, gabungan dari potongan ritel yang dipangkas, lemak dan lemak yang dapat dipisahkan, dipangkas menjadi lemak 0"", semua kelas, mentah";169;20,95;9,3;0,05;-
23483;"Daging sapi, komposit dari potongan ritel yang dipotong, hanya lean yang dapat dipisahkan, dipangkas hingga 1/8"" lemak, semua grade, mentah";140;22,15;5,38;-;-
23484;"Daging sapi, komposit dari potongan ritel yang dipotong, hanya lean yang dapat dipisahkan, dipangkas hingga 1/8"" lemak, semua grade, dimasak";194;28,95;8,15;-;-
23485;"Daging sapi, gabungan dari potongan ritel yang dipangkas, hanya lean yang dapat dipisahkan, dipangkas menjadi lemak 0"", semua grade, mentah";139;22,15;5,54;0,08;-
23490;"Daging sapi, gabungan dari potongan ritel yang dipangkas, hanya lean yang dapat dipisahkan, dipangkas hingga 1/8"" lemak, pilihan, mentah";147;22,01;6,05;-;-
23491;"Daging sapi komposit, hanya dapat dipisahkan tanpa lemak, dipangkas hingga 1/8"" lemak, pilihan, dimasak";203;28,73;9,16;-;-
23494;"Daging sapi, gabungan dari potongan ritel yang dipotong, lemak dan lemak yang dapat dipisahkan, dipangkas menjadi 0"" lemak, pilihan, mentah";176;21,34;10,08;0,06;-
23495;"Daging sapi, gabungan dari potongan ritel yang dipangkas, hanya lean yang dapat dipisahkan, dipangkas menjadi 0"" lemak, pilihan, mentah";151;21,55;7,24;-;-
23496;"Daging sapi, gabungan dari potongan ritel yang dipangkas, hanya lean yang dapat dipisahkan, dipangkas menjadi 0"" lemak, pilih, mentah";133;22,03;4,99;0,05;-
23497;"Daging sapi, gabungan dari potongan ritel yang dipotong, lemak dan lemak yang dapat dipisahkan, dipangkas menjadi 0"" lemak, pilih, mentah";157;21,2;8;0,04;-
23498;"Daging sapi, gabungan dari potongan eceran yang dipotong, hanya lemak yang dapat dipisahkan, dipangkas menjadi 1/8"" lemak, pilih, dimasak";167;27,51;6,37;-;-
23499;"Daging sapi, gabungan dari potongan ritel yang dipangkas, hanya lean yang dapat dipisah, dipangkas hingga 1/8"" lemak, pilih, mentah";130;22,37;4,55;-;-
23501;Komoditas USDA, roti daging sapi dengan VPP, beku, dimasak;247;15,64;16,94;7,89;1,4
23502;Komoditas USDA, daging sapi, bubuk tanah / bubuk kasar, beku, dimasak;259;26,06;16,34;-;-
23503;Komoditas USDA, daging sapi, roti (100%), beku, dimasak;249;22,98;16,37;0,91;-
23506;Komoditas USDA, roti daging sapi dengan VPP, beku, mentah;225;15,21;16,48;3,84;1,3
23507;Komoditas USDA, daging sapi, roti (100%), beku, mentah;204;14,63;15,69;-;-
23508;Komoditas USDA, daging sapi, tanah, tanah curah / kasar, beku, mentah;228;17,37;17,07;-;-
23509;"Daging sapi, chuck, bistik tender mock, hanya dapat dipisahkan tanpa lemak, dipangkas menjadi 0"" lemak, semua grade, dimasak, dipanggang";159;25,9;5,42;-;-
23511;"Daging sapi, chuck, bilah atas, hanya lean leanable, dipangkas menjadi 0"" lemak, semua grade, dimasak, dipanggang";203;26,13;10,16;-;-
23513;"Daging sapi, chuck, clod roast, hanya lean leanable, dipangkas menjadi 1/4"" lemak, semua grade, mentah";129;19,63;5,02;-;-
23514;"Daging sapi, chuck, clod roast, hanya lean leanable, dipangkas menjadi 0"" lemak, semua grade, dimasak, panggang";172;26,82;6,34;-;-
23515;"Daging sapi, chuck, clod roast, hanya lean leanable, dipangkas menjadi 1/4"" lemak, semua tingkat, dimasak, dipanggang";173;26,36;6,75;-;-
23516;"Daging sapi, steak bahu, tanpa tulang, tanpa lemak, dapat dipisah, dipangkas hingga 0"" lemak, semua grade, dimasak, dipanggang";175;28,6;5,82;-;-
23517;"Daging sapi, chuck, clod steak, hanya lemak yang dapat dipisahkan, dipangkas hingga 1/4"" lemak, semua grade, dimasak, direbus";189;29,34;7,04;-;-
23519;"Daging sapi, chuck, steak tender mock, lemak tanpa lemak yang dapat dipisahkan, dipangkas menjadi 0"" lemak, pilihan USDA, dimasak, dipanggang";161;25,73;5,72;-;-
23521;"Daging sapi, chuck, steak tender mock, lemak dan lemak terpisah, dipangkas menjadi 0"" lemak, pilih USDA, dimasak, dipanggang";159;26,08;5,24;-;-
23523;"Daging sapi, chuck, bilah atas, lemak tanpa lemak yang dapat dipisahkan, dipangkas menjadi 0"" lemak, pilihan, dimasak, dipanggang";227;25,77;12,93;-;-
23525;"Daging sapi, chuck, bilah atas, lemak tanpa lemak yang dapat dipisahkan, dipangkas menjadi 0"" lemak, pilih, dimasak, dipanggang";200;25,67;9,99;-;-
23528;"Daging sapi, chuck, clod roast, dipisah lemak dan lemak, dipangkas menjadi 0"" lemak, pilihan, dimasak, panggang";216;24,61;12,26;-;-
23531;"Daging sapi, chuck, clod roast, dipisah lemak dan lemak, dipangkas menjadi 0"" lemak, pilih, dimasak, panggang";196;27,3;8,76;-;-
23533;"Daging sapi, steak bahu, tanpa tulang, lemak dan lemak yang dapat dipisahkan, dipangkas hingga 0"" lemak, pilihan, dimasak, dipanggang";186;28,22;7,25;-;-
23536;"Daging sapi, steak bahu, tanpa tulang, lemak dan lemak yang dapat dipisahkan, dipangkas menjadi 0"" lemak, pilih, dimasak, dipanggang";177;28,41;6,14;-;-
23540;"Daging sapi, piring, steak rok bagian dalam, lemak dan lemak terpisah, dipangkas menjadi 0"" lemak, semua grade, dimasak, dipanggang";220;26,13;12,05;-;-
23541;"Daging sapi, piring, steak rok luar, lemak dan lemak terpisah, dipangkas menjadi 0"" lemak, semua grade, dimasak, dipanggang";255;23,51;17,13;-;-
23545;"Daging sapi, pinggang, pantat sirloin bawah, steak tri-tip, lemak tanpa lemak yang dapat dipisahkan, dipangkas menjadi 0"" lemak, semua tingkatan, dimasak, dipanggang";265;29,97;15,18;-;-
23547;"Daging sapi, chuck, steak tender mock, lemak dan lemak terpisah, dipangkas hingga 0"" lemak, semua grade, dimasak, dipanggang";160;25,87;5,52;-;-
23549;"Daging sapi, chuck, bilah atas, lemak tanpa lemak yang dapat dipisahkan, dipangkas menjadi 0"" lemak, semua tingkatan, dimasak, dipanggang";216;25,73;11,73;-;-
23552;"Daging sapi, chuck, clod roast, lemak dan lemak terpisah, dipangkas menjadi 0"" lemak, semua grade, dimasak, dipanggang";207;25,7;10,84;-;-
23554;"Daging sapi, steak bahu, tanpa tulang, lemak dan lemak yang dapat dipisahkan, dipangkas hingga 0"" lemak, semua grade, dimasak, dipanggang";182;28,29;6,8;-;-
23557;Daging sapi, digiling, 95% daging tanpa lemak / 5% lemak, mentah;137;21,41;5;-;-
23558;Daging sapi, digiling, 95% daging tanpa lemak / 5% lemak, patty, dimasak, dipanggang;174;26,29;6,8;-;-
23559;Daging sapi, digiling, 95% daging tanpa lemak / 5% lemak, patty, dimasak, ditumis;164;25,8;5,94;-;-
23560;Daging sapi, digiling, 95% daging tanpa lemak / 5% lemak, remuk, dimasak, kecoklatan;193;29,17;7,58;-;-
23561;Daging sapi, digiling, 95% daging tanpa lemak / 5% lemak, roti, dimasak, dipanggang;174;27,31;6,37;-;-
23562;Daging sapi, digiling, 90% daging tanpa lemak / 10% lemak, mentah;176;20;10;-;-
23563;Daging sapi, digiling, 90% daging tanpa lemak / 10% lemak, patty, dimasak, dipanggang;217;26,11;11,75;-;-
23564;Daging sapi, digiling, 90% daging tanpa lemak / 10% lemak, berlemak, dimasak, ditumis;204;25,21;10,68;-;-
23565;Daging sapi, digiling, 90% daging tanpa lemak / 10% lemak, remuk, dimasak, kecoklatan;230;28,45;12,04;-;-
23566;Daging sapi, digiling, 90% daging tanpa lemak / 10% lemak, roti, dimasak, dipanggang;214;26,62;11,1;-;-
23567;Daging sapi, digiling, 85% daging tanpa lemak / 15% lemak, mentah;215;18,59;15;-;-
23568;Daging sapi, digiling, 85% daging tanpa lemak / 15% lemak, patty, dimasak, dipanggang;250;25,93;15,41;-;-
23569;Daging sapi, digiling, 85% daging tanpa lemak / 15% lemak, patty, dimasak, ditumis;232;24,62;14,02;-;-
23570;Daging sapi, digiling, 85% daging tanpa lemak / 15% lemak, remuk, dimasak, kecoklatan;256;27,73;15,3;-;-
23571;Daging sapi, digiling, 85% daging tanpa lemak / 15% lemak, roti, dimasak, dipanggang;240;25,93;14,36;-;-
23572;Daging sapi, digiling, 80% daging tanpa lemak / 20% lemak, mentah;254;17,17;20;-;-
23573;Daging sapi, digiling, 80% daging tanpa lemak / 20% lemak, patty, dimasak, dipanggang;270;25,75;17,78;-;-
23574;Daging sapi, digiling, 80% daging tanpa lemak / 20% lemak, daging, dimasak, ditumis;246;24,04;15,94;-;-
23575;Daging sapi, digiling, 80% daging tanpa lemak / 20% lemak, remuk, dimasak, kecoklatan;272;27;17,36;-;-
23576;Daging sapi, digiling, 80% daging tanpa lemak / 20% lemak, roti, dimasak, dipanggang;254;25,25;16,17;-;-
23577;Daging sapi, digiling, 75% daging tanpa lemak / 25% lemak, mentah;293;15,76;25;-;-
23578;Daging sapi, digiling, 75% daging tanpa lemak / 25% lemak, patty, dimasak, dipanggang;279;25,56;18,87;-;-
23579;Daging sapi, digiling, 75% daging tanpa lemak / 25% lemak, daging, dimasak, ditumis;248;23,45;16,44;-;-
23580;Daging sapi, digiling, 75% daging tanpa lemak / 25% lemak, remuk, dimasak, kecoklatan;277;26,28;18,21;-;-
23581;Daging sapi, digiling, 75% daging tanpa lemak / 25% lemak, roti, dimasak, dipanggang;254;24,56;16,5;-;-
23582;"Daging sapi, tulang rusuk, ujung kecil (tulang rusuk 10-12), hanya lean yang dapat dipisah, dipangkas hingga 1/8"" lemak, pilih, mentah";134;22,53;4,2;-;-
23583;"Daging sapi, tenderloin, steak, hanya lemak yang dapat dipisahkan, dipangkas hingga 1/8"" lemak, pilih, mentah";148;22,06;5,93;-;-
23584;"Daging sapi, sirloin atas, steak, hanya lemak yang dapat dipisahkan, dipangkas hingga 1/8"" lemak, pilih, mentah";127;22,27;3,54;-;-
23585;"Daging sapi, pinggang pendek, pinggang atas, steak, hanya lemak yang dapat dipisahkan, dipangkas hingga 1/8"" lemak, pilih, mentah";133;23,07;3,88;-;-
23586;"Daging sapi, tulang rusuk, ujung kecil (tulang rusuk 10-12), hanya lemak yang dapat dipisahkan, dipangkas hingga 1/8"" lemak, pilih, dimasak, dipanggang";188;30,87;6,22;-;-
23587;"Daging sapi, tenderloin, steak, hanya lemak yang dapat dipisahkan, dipangkas hingga 1/8"" lemak, pilih, dimasak, dipanggang";194;29,07;7,76;-;-
23588;"Daging sapi, sirloin atas, steak, hanya lemak yang dapat dipisahkan, dipangkas hingga 1/8"" lemak, pilih, dimasak, panggang";170;29,34;4,96;-;-
23589;"Daging sapi, pinggang pendek, pinggang atas, steak, hanya lemak yang dapat dipisahkan, dipangkas hingga 1/8"" lemak, pilih, dimasak, bakar";177;29,44;5,73;-;-
23590;"Daging sapi, bundar, putaran bawah, dipanggang, hanya dapat dipisahkan tanpa lemak, dipangkas hingga 1/8"" lemak, pilih, dimasak, dipanggang";164;28,45;4,67;-;-
23591;"Daging sapi, bulat, mata bundar, panggang, hanya bersandar tanpa lemak, dipangkas menjadi 1/8"" lemak, pilih, dimasak, dipanggang";163;29,59;4,11;-;-
23592;"Daging sapi, putaran, putaran atas, steak, hanya lemak yang dapat dipisahkan, dipangkas hingga 1/8"" lemak, pilih, dimasak, dipanggang";177;31,61;4,65;-;-
23593;"Daging sapi, bulat, putaran bawah, steak, hanya lemak yang dapat dipisahkan, dipangkas hingga 1/8"" lemak, pilih, dimasak, direbus";205;34,46;6,43;-;-
23594;"Daging sapi, bulat, putaran bawah, panggang, hanya dapat dipisahkan tanpa lemak, dipangkas menjadi 1/8"" lemak, semua nilai, mentah";128;22,19;4,31;-;-
23595;"Daging sapi, brisket, setengah rata, hanya dapat dipisahkan tanpa lemak, dipangkas hingga 1/8"" lemak, semua grade, dimasak, direbus";196;33,15;6;-;-
23596;"Daging sapi, brisket, setengah rata, hanya bisa dipisah ramping, dipangkas menjadi 1/8"" lemak, semua grade, mentah";127;21,57;3,84;-;-
23597;"Daging sapi, bundar, mata bundar, panggang, hanya bersandar ramping, dipangkas menjadi 1/8"" lemak, semua nilai, mentah";124;22,6;3;-;-
23598;"Daging sapi, bundar, mata bundar, panggang, hanya bersandar tanpa lemak, dipangkas hingga 1/8"" lemak, semua tingkatan, dimasak, dipanggang";169;29,73;4,71;-;-
23599;"Daging sapi, tulang rusuk, ujung kecil (tulang rusuk 10-12), hanya lemak yang dapat dipisahkan, dipangkas hingga 1/8"" lemak, semua nilai, mentah";141;22,33;5,04;-;-
23600;"Daging sapi, tenderloin, steak, hanya lemak yang dapat dipisahkan, dipangkas hingga 1/8"" lemak, semua grade, dimasak, dipanggang";200;29,04;8,39;-;-
23601;"Daging sapi, tenderloin, steak, hanya leanable yang dapat dipisah, dipangkas menjadi lemak 1/8"", semua grade, mentah";153;22,12;6,52;-;-
23602;"Daging sapi, chuck, daging panggang panggang, hanya dapat dipisah, dipangkas hingga 1/8"" lemak, semua grade, dimasak, direbus";214;34,66;7,36;-;-
23603;"Daging sapi, chuck, daging panggang panggang, hanya dapat dipisah, dipangkas hingga 1/8"" lemak, semua grade, mentah";132;22,11;4,19;-;-
23604;"Daging sapi, bulat, putaran bawah, dipanggang, hanya dapat dipisahkan tanpa lemak, dipangkas hingga 1/8"" lemak, semua tingkatan, dimasak";163;28;5,72;-;-
23605;"Daging sapi, daging bundar, daging bundar, steak, hanya lemak yang dapat dipisahkan, dipangkas hingga 1/8"" lemak, semua grade, dimasak, direbus";216;34,34;7,73;-;-
23606;"Daging sapi, pinggang pendek, pinggang atas, steak, hanya lemak yang dapat dipisahkan, dipangkas hingga 1/8"" lemak, semua grade, dimasak, dipanggang";189;29,3;7,09;-;-
23607;"Daging sapi, pinggang pendek, steak pinggang atas, hanya lean terpisah, dipangkas hingga 1/8"" lemak, semua grade, mentah";138;22,93;5,15;-;-
23608;"Daging sapi, bulat, putaran atas, steak, hanya lemak yang dapat dipisahkan, dipangkas hingga 1/8"" lemak, semua nilai, dimasak, dipanggang";185;31,82;5,45;-;-
23609;"Daging sapi, daging bundar, daging bundar, steak, hanya lemak yang dapat dipisahkan, dipangkas menjadi lemak 1/8"", semua grade, mentah";135;22,91;4,09;-;-
23610;"Daging sapi, sirloin teratas, steak, hanya lemak yang dapat dipisahkan, dipangkas hingga 1/8"" lemak, semua grade, dimasak, dipanggang";178;29,42;5,84;-;-
23611;"Daging sapi, sirloin teratas, steak, hanya lemak yang dapat dipisahkan, dipangkas hingga 1/8"" lemak, semua grade, mentah";131;22,09;4,08;-;-
23612;"Daging sapi, chuck, daging panggang lengan, hanya bisa dipisah, dipangkas hingga 1/8"" lemak, pilihan, mentah";139;21,96;5,05;-;-
23613;"Daging sapi, brisket, separuh rata, hanya bisa dipisah, dipangkas hingga 1/8"" lemak, pilihan, mentah";129;21,69;4,06;-;-
23614;"Daging sapi, chuck, daging panggang panggang, hanya dapat dipisah, dipangkas hingga 1/8"" lemak, pilihan, dimasak, direbus";224;34,72;8,37;-;-
23615;"Daging sapi, brisket, setengah rata, hanya dapat dipisahkan tanpa lemak, dipangkas hingga 1/8"" lemak, pilihan, dimasak, direbus";203;33,13;6,79;-;-
23616;"Daging sapi, bundar, mata bundar, panggang, hanya bisa dipisahkan tanpa lemak, dipangkas hingga 1/8"" lemak, pilihan, mentah";128;22,88;3,38;-;-
23617;"Daging sapi, daging bundar, daging bundar, steak, hanya lemak yang dapat dipisahkan, dipangkas hingga 1/8"" lemak, pilihan, mentah";140;22,69;4,78;-;-
23618;"Daging sapi, daging bundar, daging bundar, daging panggang, hanya lemak yang dapat dipisahkan, dipangkas hingga 1/8"" lemak, pilihan, mentah";140;22,22;4,96;-;-
23619;"Daging sapi, bulat, putaran bawah, dipanggang, hanya dapat dipisahkan tanpa lemak, dipangkas hingga 1/8"" lemak, pilihan, dimasak, dipanggang";179;27,56;6,77;-;-
23620;"Daging sapi, bulat, mata bundar, panggang, hanya bersandar terpisah, dipangkas menjadi 1/8"" lemak, pilihan, dimasak, dipanggang";175;29,87;5,3;-;-
23621;"Daging sapi, bulat, putaran atas, bistik, hanya lemak yang dapat dipisahkan, dipangkas hingga 1/8"" lemak, pilihan, dimasak, dipanggang";193;32,04;6,25;-;-
23622;"Daging sapi, bulat, putaran bawah, bistik, hanya lemak yang dapat dipisahkan, dipangkas hingga 1/8"" lemak, pilihan, dimasak, direbus";228;34,22;9,02;-;-
23623;"Daging sapi, tulang rusuk, ujung kecil (tulang rusuk 10-12), hanya lemak yang dapat dipisahkan, dipangkas hingga 1/8"" lemak, pilihan, mentah";148;22,12;5,91;-;-
23624;"Daging sapi, tenderloin, steak, hanya lemak yang dapat dipisahkan, dipangkas hingga 1/8"" lemak, pilihan, mentah";158;22,17;7,07;-;-
23625;"Daging sapi, sirloin atas, steak, hanya lemak yang dapat dipisahkan, dipangkas hingga 1/8"" lemak, pilihan, mentah";135;21,91;4,62;-;-
23626;"Daging sapi, tulang rusuk, ujung kecil (tulang rusuk 10-12), hanya bersandar tanpa lemak, dipangkas hingga 1/8"" lemak, pilihan, dimasak, dipanggang";202;28,29;9,05;-;-
23627;"Daging sapi, pinggang pendek, pinggang atas, steak, hanya lemak yang dapat dipisahkan, dipangkas hingga 1/8"" lemak, pilihan, mentah";155;22,78;6,43;-;-
23628;"Daging sapi, tenderloin, steak, hanya lemak yang dapat dipisahkan, dipangkas hingga 1/8"" lemak, pilihan, dimasak, dipanggang";206;29,01;9,1;-;-
23629;"Daging sapi, sirloin atas, steak, hanya lemak yang dapat dipisahkan, dipangkas hingga 1/8"" lemak, pilihan, dimasak, dipanggang";187;29,51;6,72;-;-
23630;"Daging sapi, pinggang pendek, pinggang atas, steak, hanya lemak yang dapat dipisahkan, dipangkas hingga 1/8"" lemak, pilihan, dimasak, dipanggang";201;29,16;8,45;-;-
23631;"Daging sapi, chuck, daging panggang lengan, hanya bisa dipisah, dipangkas hingga 1/8"" lemak, pilih, mentah";125;22,26;3,32;-;-
23632;"Daging sapi, brisket, setengah rata, hanya bisa dipisah ramping, dipangkas menjadi 1/8"" lemak, pilih, mentah";124;21,45;3,61;-;-
23633;"Daging sapi, chuck, daging panggang panggang, hanya dapat dipisah, dipangkas hingga 1/8"" lemak, pilih, dimasak, direbus";205;34,6;6,35;-;-
23634;"Daging sapi, brisket, setengah rata, hanya bisa dipisah-pisahkan, dipangkas hingga 1/8"" lemak, pilih, dimasak, direbus";189;33,18;5,21;-;-
23635;"Daging sapi, bundar, mata bundar, panggang, hanya bersandar terpisah, dipangkas menjadi 1/8"" lemak, pilih, mentah";119;22,31;2,62;-;-
23636;"Daging sapi, bulat, putaran atas, steak, hanya lemak yang dapat dipisahkan, dipangkas menjadi lemak 1/8"", pilih, mentah";129;23,13;3,37;-;-
23637;"Daging sapi, bulat, putaran bawah, dipanggang, hanya bisa dipisahkan tanpa lemak, dipangkas menjadi 1/8"" lemak, pilih, mentah";128;22,18;3,66;-;-
23638;"Daging sapi, tulang rusuk, ujung kecil (tulang rusuk 10-12), hanya lemak yang dapat dipisahkan, dipangkas hingga 1/8"" lemak, semua tingkatan, dimasak, dipanggang";195;29,58;7,63;-;-
23640;Daging sapi, aneka daging dan produk sampingan, babat, dimasak, dididihkan;94;11,71;4,05;1,99;-
23646;"Daging sapi, sirloin bawah, tri-tip roast, hanya lean leanable, dipangkas menjadi 0"" lemak, semua grade, mentah";142;21,26;5,63;-;-
23647;"Daging sapi, sirloin bawah, tri-tip panggang, hanya dapat dipisahkan tanpa lemak, dipangkas hingga 0"" lemak, pilihan, dimasak, dipanggang";193;26,34;9,73;-;-
23648;"Daging sapi, sirloin bawah, tri-tip panggang, hanya dapat dipisahkan tanpa lemak, dipangkas hingga 0"" lemak, pilihan, mentah";154;21,17;7,06;-;-
23649;"Daging sapi, sirloin bawah, tri-tip panggang, hanya dapat dipisahkan tanpa lemak, dipangkas menjadi 0"" lemak, pilih, dimasak, panggang";179;27,17;6,95;-;-
23650;"Daging sapi, sirloin bawah, tri-tip panggang, hanya dapat dipisahkan tanpa lemak, dipangkas hingga 0"" lemak, pilih, mentah";129;21,34;4,21;-;-
23651;"Daging sapi, bulat, ujung bundar, dipanggang, hanya dapat dipisahkan tanpa lemak, dipangkas menjadi 0"" lemak, semua grade, mentah";126;21,07;3,95;-;-
23652;"Daging sapi, bundar, ujung bundar, dipanggang, hanya bisa dipisahkan tanpa lemak, dipangkas menjadi 0"" lemak, pilihan, mentah";130;20,76;4,55;-;-
23653;"Daging sapi, bundar, ujung bundar, dipanggang, hanya bisa dipisahkan tanpa lemak, dipangkas menjadi 0"" lemak, pilih, mentah";122;21,38;3,35;-;-
23654;"Daging sapi, panggul, steak, hanya lemak yang bisa dipisahkan, dipangkas menjadi lemak 0"", semua grade, dimasak, dipanggang";186;27,89;7,4;-;-
23655;"Daging sapi, panggul, steak, hanya lemak yang bisa dipisahkan, dipangkas menjadi 0"" lemak, pilih, dimasak, dipanggang";178;27,96;6,48;-;-
23656;"Daging sapi, panggul, steak, hanya lemak yang bisa dipisahkan, dipangkas menjadi lemak 0"", semua grade, mentah";141;21,57;5,47;-;-
23657;"Daging sapi, panggul, steak, hanya lemak yang bisa dipisahkan, dipangkas menjadi 0"" lemak, pilih, mentah";137;21,43;5;-;-
23658;"Daging sapi, brisket, setengah rata, lemak dan lemak yang dapat dipisah, dipangkas hingga 1/8"" lemak, pilihan, mentah";278;18,12;22,15;0,12;-
23659;"Daging sapi, brisket, setengah rata, lemak dan lemak yang dapat dipisahkan, dipangkas hingga 1/8"" lemak, pilih, mentah";276;17,77;22,21;-;-
23660;"Daging sapi, brisket, setengah rata, dapat dipisahkan lemak dan lemaknya, dipangkas menjadi 1/8"" lemak, pilihan, dimasak, direbus";298;28,66;19,47;-;-
25000;Makanan Ringan, popcorn, microwave, 94% bebas lemak;402;10,72;6,1;76,04;13,6
25001;Makanan Ringan, popcorn, microwave, rendah lemak;424;12,6;9,5;72;14,2
25003;Makanan Ringan, permen gulung, yogurt, buah dibumbui dengan vitamin C tinggi;359;0,46;6,53;74,64;3,3
25004;Makanan Ringan, Formulated Bar, Mars Snackfood Us, Snickers Marathon Chewy Chocolate Peanut Bar;396;24,29;13,12;47,24;2,5
25005;Makanan Ringan, Formulated Bar, Mars Snackfood Us, Snickers Marathon Multigrain Crunch Bar;422;18,49;13,18;57,27;2,8
25006;Makanan Ringan, Formulated Bar, Mars Snackfood Us, Snickers Marathon Double Chocolate Nut Bar;343;22,35;8,99;52,47;10,5
25007;Makanan Ringan, M&M Mars, Kudos Whole Grain Bars, Selai Kacang;463;5,88;20,78;64,69;2,6
25008;Makanan Ringan, Formulated Bar, Mars Snackfood Us, Snickers Marathon Honey Nut Oat Bar;378;22,5;7,87;54,3;11
25009;Makanan Ringan, M&M Mars, Kudos Whole Grain Bar, M & M's Milk Chocolate;415;3,78;11,95;73,01;2,4
25010;Makanan Ringan, Formulated Bar, Mars Snackfood Us, Cocoavia, Chocolate Almond Snack Bar;347;7,72;14,19;51,68;5,2
25012;Makanan Ringan, keripik kentang manis, tawar;532;2,94;32,35;56,82;8,8
25013;Makanan Ringan, fritolay, sunchips, camilan multigrain, rasa asli;491;7,95;21,11;67,26;8,8
25014;Makanan Ringan, popcorn, microwave, rasa biasa (mentega), dibuat dengan minyak terhidrogenasi sebagian;557;7,5;34,02;55,16;10
25015;Makanan Ringan, Formulated Bar, Mars Snackfood Us, Snickers Marathon Protein Performance Bar, Caramel Nut Rush;415;25;12,5;50,5;12,5
25016;Makanan Ringan, Formulated Bar, Mars Snackfood Us, Snickers Marathon Energy Bar, All Flavors;386;21,91;10,79;50,3;6,7
25017;Makanan Ringan, Formulated Bar, Power Bar, Cokelat;363;14,15;3,11;69,63;5,7
25018;Makanan Ringan, Formulated Bar, Mars Snackfood Us, Cocoavia, Chocolate Blueberry Snack Bar;325;6,21;9,27;57,87;4,6
25020;Makanan Ringan, Formulated Bar, Slim-Fast Optima Meal Bar, kacang coklat susu;386;16,19;8,92;60,21;5,1
25021;Makanan Ringan, Formulated Bar, Luna Bar, Nutz Over Chocolate;403;20,75;12,19;52,49;4,3
25022;Makanan Ringan, fritolay, sunchips, multigrain, rasa bawang Prancis;496;8,68;22,15;65,49;7,8
25023;Makanan Ringan, fritolay, sunchips, multigrain, panen cheddar;491;8,08;22,22;64,7;8,1
25024;Pretzel, lunak, tanpa garam;345;8,2;3,1;71,04;1,7
25025;Makanan Ringan, keripik kedelai atau keripik, asin;385;26,5;7,35;53,15;3,5
25026;Popcorn, microwave, rasa biasa (mentega), dibuat dengan minyak kelapa sawit;535;8,38;30,22;57,26;10
25027;Makanan Ringan, keripik pisang, asin;531;2,28;29,59;63,84;3,5
25028;Keripik tortilla, kuning, polos, asin;497;6,62;22,33;67,38;4,7
25030;Makanan Ringan, Keripik Sayuran, Grup Hel Celestial, Terra Chips;517;4,13;29,81;57,97;10,9
25031;Makanan Ringan, Formulated Bar, Zone Perfect Classic Crunch Bar, Rasa Campuran;422;30;14;45;2
25032;Makanan Ringan, Granola Bar, Kashi Golean, Kenyal, Rasa Campuran;390;16,67;7,69;63,42;7,7
25033;Makanan Ringan, Granola Bar, Kashi Tlc Bar, Rasa Kenyal dan Campuran;429;18,57;15,71;53,26;11,4
25034;Makanan Ringan, Granola Bar, Kashi Golean, Renyah, Rasa Campuran;393;17,88;9,23;59,58;5,9
25035;Makanan Ringan, granola bar, kenyal, gula berkurang, semua rasa;412;5,55;12,5;69,4;3,1
25036;Makanan Ringan, gigitan granola, rasa campuran;451;7,17;17,5;66,27;5,7
25037;Makanan Ringan, keripik pita, asin;457;11,79;15,2;68,26;3,8
25038;Makanan Ringan, granola batangan, soft, almond, pelapis manisan;455;8,6;20;60,13;4,3
25039;Makanan Ringan, Granola Bar, Oatmeal Quaker To Go, Semua Rasa;389;6,67;6,67;75,47;4,6
25040;Makanan Ringan, keripik sayuran, terbuat dari sayuran kebun;473;5,32;23,3;60,43;4,7
25041;Makanan Ringan, Granola Bar, Kashi Tlc Bar, Rasa Renyah dan Campuran;446;15;15;62,78;10
25043;Makanan Ringan, permen, yogurt yang ditutupi dengan vitamin C;415;-;7,5;86,9;0,2
25045;Makanan Ringan, Formulated Bar, serat tinggi, kenyal, gandum dan cokelat;350;5;10;69,78;22,5
25046;Makanan Ringan, keripik bagel, polos;451;12,34;15,14;66,36;4,1
25048;Makanan Ringan, Buah Nutri-Grain dan Nut Bar;403;9,38;10,93;66,72;7,5
25050;Makanan Ringan, keripik yucca (singkong), asin;515;1,34;25,91;69,23;3,7
25051;Makanan Ringan, Clif Bar, Rasa Campuran;346;14,71;5,88;65,44;7,4
25052;Makanan Ringan, Granola Bar, Quaker, Kenyal, 90 Calorie Bar;408;4,17;8,33;79,17;4,2
25053;Makanan Ringan, Granola Bar, Mills Umum Alami Valley, Manis & Nut Salty, Kacang;487;9,14;22,86;61,14;2,9
25054;Makanan Ringan, Granola Bar, Mills Umum, Alam Valley, dengan Lapisan Yogurt;423;5,71;11,43;74,29;4,4
25055;Makanan Ringan, Granola Bar, Mills Umum, Alam Valley, Mix Trail Chewy;415;5,71;11,43;72,27;3,8
25056;Makanan Ringan, Granola Bar, Quaker, Dipps, Semua Rasa;480;7,52;20,42;64,96;3,2
25059;Makanan Ringan, keripik nasi merah;384;8,2;2,8;81,5;4,2
25060;Snack, Pretzel, dilapisi cokelat keras;467;7,05;17,64;70,07;3,5
25062;Snack, Mixed Berry Bar;383;13,16;10,53;58,84;7,9
25063;Makanan Ringan, keripik kentang, terbuat dari kentang kering (preformed), multigrain;505;5,3;24,74;65,34;2,7
25064;Makanan Ringan, keripik kentang, asin ringan;560;6,72;35,39;53,54;4,2
25065;Makanan Ringan, Pretzel, bebas gluten yang terbuat dari tepung jagung dan tepung kentang;389;3,52;6,67;78,62;3,3
25066;Makanan Ringan, kacang polong, panggang, rasa wasabi;432;14,11;14,11;62,2;3,8
25067;Makanan Ringan, Formulated Bar, South Beach Protein Bar;412;30,34;15,17;38,4;7,3
25068;Snack, Balance, Bar Asli;415;28;12;48,73;3,1
25070;Cemilan, kerupuk udang;426;7,14;17,86;59,09;5,6
25071;Kerupuk nasi;416;10;5;82,64;-
27000;Sup, tetesan telur, restoran Cina;27;1,16;0,61;4,29;0,4
27001;Sup, panas dan asam, restoran Cina;39;2,58;1,21;4,35;0,5
27002;Sup, pangsit, restoran Cina;32;2,08;0,26;5,25;0,2
27007;Campbell's Chunky Soups, Makanan yang Membutuhkan Mangkuk Microwave, Sup Mie Ayam;49;2,86;1,02;6,94;0,4
27008;Campbell's Chunky Soups, Makanan Sehat Microwave, Ayam Panggang & Sosis Sup Gumbo;53;2,86;1,22;7,35;0,8
27009;Sup Chunky Campbell, Healthy Request New England Clam Chowder;53;2,04;1,22;8,16;0,8
27013;Campbell's Merah dan Putih, Ayam Barley dengan Sup Jamur, Kental;71;3,17;1,19;12,7;2,4
27014;Campbell's Merah dan Putih, Sup Pernikahan Gaya Italia, Kental;71;3,17;1,98;9,52;2,4
27015;Campbell's Merah dan Putih, Sup Phineas dan Ferb, Kental;56;2,38;1,59;8,73;0,8
27017;Campbell's Homestyle, Microwave Mangkuk, Sup Pernikahan Italia yang Sehat;41;2,45;1,02;5,31;0,8
27018;Campbell's Homestyle, Mangkuk Microwave, Healthy Request Gaya Meksiko Tortilla;53;2,86;1,02;7,76;1,2
27019;Tomat Panen Homestyle Campbell dengan Sup Basil;45;0,82;0,41;9,39;0,8
27021;Campbell's Homestyle Healthy Request Ayam dengan Sup Pasta Biji-Bijian;40;3,8;0,82;4,28;0,7
27022;Campbell's Soup on the Go, Healthy Request Ayam dengan Sup Mie Mini;20;0,98;0,66;2,62;0,7
27023;Campbell's Soup on the Go, Sup Tomat Klasik;39;0,98;-;9,18;0,7
27027;Pace, Pico De Gallo;31;-;-;9,38;-
27028;Pace, Salsa Verde;47;-;1,56;6,25;-
27029;Pace, Tequila Lime Salsa;47;-;-;9,38;-
27030;Pace, Triple Pepper Salsa;47;3,13;-;9,38;3,1
27032;Campbell's Merah dan Putih, Sup Lentil, Kental;111;6,35;0,79;19,05;4
27033;Prego Pasta, Smart, Saus Tradisional, Siap Saji;54;1,54;1,15;10;2,3
27034;Campbell's, 98% Krim Bebas Lemak Dari Sup Jamur, Kental;53;1,1;1,98;7,63;1,2
27035;Sup, mie ramen, dikeringkan, rasa apa saja, lemak dikurangi, natrium berkurang;350;10,89;2,5;70,95;2,7
27042;Sup, clam chowder, england baru, kaleng, siap saji;79;2,61;3,94;8,28;1
27043;Sup, clam chowder, england baru, sodium dikurangi, kaleng, siap saji;70;2,33;4,23;5,68;0,8
27044;Sup, mie ayam, natrium rendah, kalengan, siap saji;41;3,29;1,34;3,84;0,8
27045;Sup, daging sapi dan sayuran, dikurangi sodium, kalengan, siap saji;42;3,26;0,95;4,99;0,8
27046;Saus, bebek, siap saji;245;0,36;0,13;60,61;0,6
27047;Saus, salsa, verde, siap disajikan;38;1,13;0,89;6,36;1,9
27048;Saus, steak, berbahan dasar tomat;95;1,25;0,23;22,04;1,5
27049;Saus, karang gigi, siap saji;211;1;16,7;13,3;0,5
27050;Saus, manis dan asam, siap saji;150;0,27;0,02;38,22;0,1
27051;Saus, koktail, siap saji;124;1,36;1,05;28,22;1,8
27052;Celupkan, salsa con quo, keju, dan salsa;143;3,14;9,51;11,14;0,7
27053;Dip, Old El Paso, Keju 'salsa, Sedang;129;2,7;8,43;10,65;0,6
27054;Celupkan, Tostitos, Salsa Con Queso, Sedang;133;2,92;8,26;11,72;0,6
27055;Saus, Barbekyu, Manis Baby Ray's, Asli;192;0,95;0,43;46,08;1,3
27056;Saus, Barbekyu, Bull's-Eye, Asli;170;0,91;0,67;39,95;1
27057;Saus, Barbekyu, Kc Masterpiece, Asli;160;1;0,52;37,92;1,4
27058;Saus, Barbekyu, Pit Terbuka, Asli;132;0,44;1,41;29,45;0,5
27059;Saus, kacang, terbuat dari selai kacang, air, kecap;257;6,31;16,02;22,02;1,8
27060;Sup, sayur chunky, sodium dikurangi, kalengan, siap saji;50;1,16;0,51;10,28;1,1
27061;Saus, Heinz Home Style, Ayam Klasik;46;0,67;2,57;5,01;-
27062;Sup, jelai daging sapi, siap disajikan;52;2,81;0,96;7,94;0,9
27063;Saus, enchilada, merah, ringan, siap disajikan;30;0,62;0,91;4,87;0,5
27064;Wasabi;292;2,23;10,9;46,13;6,1
27065;Celupkan, kacang, rasa asli;119;5,44;3,7;15,89;4,9
27066;Saus Kelor;503;1,09;50,89;10,05;1
27067;Saus, Old El Paso, Enchilada, Merah, Ringan, Siap Disajikan;29;0,59;0,67;5,04;0,6
27068;Celupkan, Frito's, Kacang, Rasa Asli;119;5,44;3,7;15,89;4,9
28000;Kellogg's, Eggo, Atasan Mini Muffin, Cokelat Chip;300;5,2;11,2;45;1,2
28001;Pizza Buah Beku Kellogg's, Eggo, Nutri-Grain, Berry Berry Granola;259;6,4;8,4;41,4;3
28002;Pizza Buah Beku Kellogg's, Eggo, Nutri-Grain, Strawberry Granola;266;6,5;8,1;43,7;2,7
28003;Kellogg's, Eggo, Pancake, Blueberry;245;5,3;7,4;39,9;1
28004;Kellogg's, Eggo, Pancake, Chocolate Chip;253;5,5;8,2;39,9;1,3
28005;Kellogg's, Cinnabon, Panekuk, Karamel;255;5;7,1;43,4;1
28006;Kellogg's, Cinnabon, Pancake, Asli;258;5;7,7;43,1;1,1
28007;Kellogg's, Eggo, Wafflers, Brown Sugar Cinnamon Roll;331;4,8;11,6;52,2;1,3
28008;Kellogg's, Eggo, Wafflers, Strawberry Strudel;318;5;11;50;1,2
28009;Kellogg's, Eggo, Waffles, Blueberry;265;5,5;8,7;41,7;1,1
28010;Kellogg's, Eggo, Waffles, Buttermilk;278;6,6;10,9;39;1,2
28011;Kellogg's, Eggo, Waffles, Toast Kayu Manis;325;5,5;11,9;49,5;1,4
28012;Kellogg's, Eggo, Wafel Serat, Buttermilk;227;4,7;7,9;41,8;13,2
28013;Well Kellogg's, Eggo, Fiberplus, Chocolate Chip;259;4,3;10,5;44,4;12,9
28014;Kellogg's, Eggo, Waffles, French Toast;305;5,8;12,2;43,4;1,2
28015;Kellogg's, Eggo, Waffles, Homestyle;278;6,6;10,55;39,8;1,2
28016;Kellogg's, Eggo Protein, Waffles, Homestyle;281;10,8;10,2;37;1,2
28017;Kashi, Tlc, Pita Crisps, Garam Laut;381;10,5;9,2;72,4;14,7
28018;Kellogg's, Eggo, Nutri-Grain, Waffles, Blueberry;257;6,2;7,8;43,6;3,9
28019;Kellogg's, Eggo, Nutri-Grain, Waffles, Honey Oat;268;6,6;8,6;44,1;3,8
28020;Kashi, Tlc, Pita Crisps, Zesty Salsa;381;11;9,3;71,6;15,3
28021;Kellogg's, Eggo, Nutri-Grain, Waffles, Original;239;6,6;8,3;37,6;3,9
28022;Kellogg's, Eggo Seasons, Waffles, Pumpkin Spice;296;5,5;12,2;41,4;1,5
28023;Kellogg's, Simply Eggo, Asli;294;6,2;10,9;43,3;1,3
28024;Kellogg's, Eggo, Waffles, Strawberry;265;5,5;8,7;41,6;1,1
28025;Kellogg's, Eggo, Tebal & Lembut, Waffles, Gula Merah;307;5,8;11,9;44,5;1,1
28026;Kellogg's, Eggo, Tebal & Lembut, Waffles, Asli;295;6,5;13,6;37,4;1,1
28027;Famous Amos, Chocolate Chip Cookies;503;4,5;24,1;67,7;2,8
28028;Famous Amos, Chocolate Chip Pecan Cookies;519;5,8;27;63,8;3,3
28029;Girl Scouts, Caramel Dulce De Leche Cookies;520;5,1;27,1;64,8;1,3
28030;Girl Scouts, Chalet Cookies;478;4,2;19,1;72,3;1,5
28031;Girl Scouts, Do-Si-Dos Cookies;478;8,1;21,4;66;3,7
28032;Girl Scouts, Samoas Cookies;489;3,5;25,8;64,1;4,4
28033;Girl Scouts, Tagalongs Cookies;558;8,1;35,3;52,2;3,5
28034;Girl Scouts, Terima Kasih U Berry Munch Cookies;491;4,6;21,6;70;1,8
28035;Girl Scouts, Thin Mints Cookies;502;4,5;24,2;67,3;2,3
28036;Girl Scouts, Trefoils Cookies;498;5,7;22,9;68;1,6
28037;Jackson's, Cookie Jumble Lemon Kuno;469;5,7;18,1;71,7;1,4
28038;Jackson's, Wafer Vanilla Kuno;453;5;15,4;74;1,1
28039;Kashi, Tlc, Happy Trail Mix Cookies;451;8,1;18,1;63,86;13,7
28040;Kashi, Tlc, Oatmeal Dark Chocolate Cookies;426;7,2;16,3;67;12,2
28041;Kashi, Tlc, Cookie Raisin Flax Oatmeal;414;7,7;15,2;67;12,8
28043;Keebler, Hewan, Cookie;450;5,6;14,2;75,3;1,4
28044;Keebler, Hewan, Kue Kering;506;3;24,1;70;0,9
28045;Keebler, Hewan, Kue Es;459;5,6;15,6;74,2;1,6
28046;Keebler, Hewan, Kerupuk;450;5,6;14,2;75,3;1,4
28047;Keebler, Treasures Baker, Cookie Chocolate Chip, Lunak;437;5,3;16;69,9;2,4
28048;Keebler, Treasures Baker, Cookie Kismis Oatmeal, Lunak;420;6,1;14,4;69,1;3,6
28049;Keebler, Keju & ??Kerupuk Sandwich Cheddar;502;8,1;25,9;59,5;1,3
28050;Keebler, Club & Cheddar Sandwich Crackers;494;8,4;24;61,3;1,3
28051;Keebler, Keju Pada Kerupuk Sandwich Gandum;499;8,4;25,4;59,8;1,8
28052;Keebler, Chips Deluxe, Chocolate Lovers Cookies;508;5,5;27,2;63;3,1
28053;Keebler, Chips Deluxe, Chocolate Malt Chunk Cookies;537;4,7;30,4;61,8;1,7
28054;Keebler, Deluxe Chips, Kue Kelapa;530;5,7;29,3;61,5;3,7
28055;Keebler, Chips Deluxe, Dark Chocolate Chunk Cookies;518;4,3;27,5;64;2,6
28056;Keebler, Chips Deluxe, Mini Chocolate Chip Cookies;498;5,2;23,1;68;2,4
28057;Keebler, Chips Deluxe, Oatmeal Chocolate Chip Cookies;500;6,4;24,1;65,3;4,4
28058;Keebler, Chips Deluxe, Kue Cokelat Keripik Asli;517;5,5;28,3;62,7;2,9
28059;Keebler, Chips Deluxe, Kue Selai Kacang;519;6;28,9;60,8;2,3
28060;Keebler, Chips Deluxe, Rainbow Chocolate Chip Cookies;502;5,1;25,5;65;2,4
28061;Keebler, Chips Deluxe, Rainbow Chocolate Chip Cookies, Ukuran Gigitan;505;4,75;23,9;68,55;1,7
28062;Keebler, Chips Deluxe, Cookie Chocolate Soft 'N Chewy;464;4,2;20,7;67,4;2,5
28064;Keebler, Club, Dash of Salt Crackers;490;6,8;22,4;66,3;2,1
28065;Keebler, Club, Keripik Asli Mini;479;6;21,2;66,4;2,2
28066;Keebler, Club, Minis Multigrain Crackers;470;7,3;19,8;67,4;3,7
28067;Keebler, Club, Keripik Multigrain;466;7,1;20,4;65,9;3,5
28068;Keebler, Club, Kerupuk Asli;486;5,5;22,1;66,2;1,9
28069;Keebler, Club, Mengurangi Kerupuk Lemak;441;6,1;13,9;73,1;2
28070;Keebler, Klub Kerupuk, Sticks Makanan Ringan, Gandum Madu;471;6,5;21,3;66;3,1
28071;Keebler, Klub Kerupuk, Sticks Makanan Ringan, Asli;475;6;22,2;65;2,4
28072;Keebler, Cookie Oatmeal Gaya Pedesaan dengan Kismis;482;6,5;21,3;67;3,6
28073;Keebler, Cookie Pernikahan Denmark;504;3,9;24,1;68,3;2,6
28074;Keebler, E.L. Fudge, Cookies Rasa Mentega;482;5,5;20,5;70;3,4
28075;Keebler, E.L. Fudge, Cookie Stuffed Ganda;512;4,6;24,8;67,6;4,1
28076;Keebler, Fudge Shoppe, Cheesecake Middles, Dark Chocolate;506;4,4;26,5;64,7;4,1
28077;Keebler, Fudge Shoppe, Kue Keju Cheesecake, Kue Graham Asli;507;4,2;26,2;65,5;3,2
28078;Keebler, Fudge Shoppe, Mint Creme Middles, Chocolate Graham Cookies;516;4,3;27,2;65,4;3,2
28079;Keebler, Fudge Shoppe, Coconut Dreams Cookies;499;3,5;28;61,4;3,3
28080;Keebler, Fudge Shoppe, Cookie Grahams Deluxe;511;4;25,8;66,6;2,2
28081;Keebler, Fudge Shoppe, Karamel Filled Cookies;506;2,9;25,4;66,7;1,6
28082;Keebler, Shoppe Fudge, Kue Isi Creme Kacang;537;7,2;31,1;57,6;3,3
28083;Keebler, Fudge Shoppe, Triple Fudge Filled Cookies;533;3,6;29,4;64,2;3
28084;Keebler, Shoppe Fudge, Cangkir Es Krim Fudge-Dipped;485;6;18,8;73,1;2,2
28085;Keebler, Fudge Shoppe, Fudge Grahams, 1/2 Dipped, Reduced Fat;470;5,6;17;73,7;3,2
28086;Keebler, Fudge Shoppe, Fudge Sticks;529;2,6;27,1;68,8;1,3
28087;Keebler, Fudge Shoppe, Fudge Stripes, Dark Chocolate;487;4,3;21,5;70,1;3,1
28088;Keebler, Fudge Shoppe, Fudge Stripes, Holiday / Spiderman;498;4,1;23,6;68,8;1,9
28089;Keebler, Fudge Shoppe, Fudge Stripes, Mini;497;4,2;23,1;68,7;1,8
28091;Keebler, Fudge Shoppe, Fudge Stripes, Oatmeal;478;5,5;23,8;66,4;7,1
28092;Keebler, Fudge Shoppe, Fudge Stripes, Asli;500;4,1;23,5;68,6;1,9
28093;Keebler, Fudge Shoppe, Cookie Belalang, Fudge Mint;499;4;23,7;68,3;2,4
28094;Keebler, Fudge Shoppe, Jumbo Fudge Sticks, Vanilla;530;2,4;27,3;68,6;1,7
28095;Keebler, Shoppe Fudge, Sticks Jumbo Fudge, Selai Kacang;537;7,1;30,2;60,6;3,2
28096;Keebler, Fudge Shoppe, Magic Middles Fudge Filled Cookies, Asli;521;5;28,2;62,5;1,9
28097;Keebler, Fudge Shoppe, Merry Mint Patties, Holiday;528;2,9;27,7;66,7;1,4
28098;Keebler, Fudge Shoppe, Magic Middles Fudge Filled Cookies, Peanut Butter;514;6,9;28,4;59,2;2,7
28100;Keebler, Fudge Shoppe, Fudge Sticks, Peanut Butter;544;6,8;31,4;60;2,7
28101;Keebler, Grahams Toast Kayu Manis;429;7,3;13,2;73,9;4,8
28102;Keebler, Gripz, Deluxe Chips, Chocolate Chip Cookies, Ukuran Gigitan;473;5,3;19,3;71,3;2,5
28103;Keebler, Gripz, Deluxe Chips, Rainbow Chocolate Chip Cookies, Ukuran Gigitan;470;4,7;17,7;74,3;1,8
28104;Keebler, Gripz, Chocolate Chip Grahams, Ukuran Gigitan;433;7,4;12,9;75,6;11
28105;Keebler, Gripz, Cinnamon Grahams, Ukuran Gigitan;415;7,4;12,9;75,6;10,4
28106;Keebler, Almond Crescents Cookies, Liburan;482;5,1;20,5;70,1;1,6
28107;Keebler, Cookies Gingerbread Men, Holiday;444;4,9;12,8;77,9;2,1
28108;Keebler, Holiday Jingles Cookies;470;5;17,4;73,9;1,5
28109;Keebler, Iced Oatmeal Cookies;467;6,5;18,3;69,5;4,1
28110;Keebler, Kerupuk Roti Panggang & Selai Kacang;489;10,6;23,8;60,2;3,2
28111;Keebler, Crust Siap, Chocolate Pie Crust;490;5,1;22,05;67,7;1,8
28112;Keebler, Crust Siap, Pie Crust;502;4,4;23,1;69,1;1,3
28113;Keebler, 100 Calorie Right Bites, Chips Deluxe, Chocolate Chip Cookies;452;4,7;13,3;77,7;3,1
28114;Keebler, 100 Kalori Bit Tepat, Shoppe Fudge, Cookie Stripes Fudge Chocolate Gelap;479;4,5;20,1;71,2;3,2
28115;Keebler, 100 Calorie Right Bites, Fudge Shoppe, Fudge Covered Pretzels;455;7,5;17;71,3;3,9
28116;Keebler, 100 Calorie Right Bites, Fudge Shoppe, Cookies 'N Creme;471;4;19,1;72,2;2,4
28117;Keebler, 100 Calorie Right Bites, Fudge Shoppe, Mini Brownies;455;4,5;20,1;65,1;2,8
28118;Keebler, 100 Kalori Kanan, Shoppe Fudge, Mini Fudge Grahams Cookies;467;4,5;17,9;73,2;2,3
28119;Keebler, 100 Calorie Right Bites, Fudge Shoppe, Mini Fudge Stripes Cookies;470;4;17,8;74,3;1,9
28120;Keebler, 100 Calorie Right Bites, Fudge Shoppe, Mini Mints Grasshopper Cookies;456;5,2;15,4;75;2,9
28121;Keebler, 100 Calorie Bites, Sandies Shortbread Cookies, Fudge Dipped;462;4,1;20,1;72,4;13,2
28122;Keebler, 100 Calorie Right Bites, Sandies Shortbread Cookies;468;5,2;17,2;73,9;1,4
28123;Keebler, 100 Calorie Right Bites, White Fudge Dipped Pretzels;483;7;20;68,8;2,3
28124;Keebler, Sandies, Cookies Shortbread Mete;535;6,3;30,6;59,3;1,5
28125;Keebler, Sandies, Chocolate Chip & Cookie Shortbread Pecan;546;5,6;32,1;59,2;2,4
28126;Keebler, Sandies, Kue Coklat Almond Coklat Gelap;540;6,1;31;59,9;2,6
28127;Keebler, Sandies, Cookie Shortbread Pecan;541;5;31,7;59;1,9
28128;Keebler, Sandies, Cookie Shortbread Pecan, Ukuran Gigitan;547;5;32,6;58,7;1,6
28129;Keebler, Sandies, Cookie Shortbread Pecan, Reduced Fat;488;6,7;21,8;67,1;2,1
28130;Keebler, Soft Batch, Chocolate Chip Cookies;477;3,6;22,1;66,2;1,7
28131;Keebler, Kue Manis Tema;469;4,5;19,3;71;1,3
28132;Keebler, Kue Kelapa Panggang;475;3,8;20,2;69,9;2,3
28133;Keebler, Toasteds, Buttercrisps Crackers;495;5,5;23,7;65;1,8
28134;Keebler, Toasteds, Bermacam-Macam Party Pack Cracker;483;6,5;23;64,4;2,9
28135;Keebler, Toasteds, Kerupuk Bawang;479;5,7;20,6;67,7;2,2
28136;Keebler, Toasteds, Kerupuk Wijen;496;6,6;24,3;62,6;2,8
28137;Keebler, Toasteds, Wheat Crackers;466;8,3;20;66,1;4
28138;Keebler, Rumah Kota, Bistro Multigrain Crackers;460;7,3;19,5;67;3,4
28139;Keebler, Rumah Kota, Flipsides, Pretzel Crackers, Keju;476;8;22,5;61,3;2,1
28140;Keebler, Rumah Kota, Flipsid, Kerupuk Pretzel, Ramuan Bawang Putih;486;6,5;23,6;63;2,2
28141;Keebler, Rumah Kota, Flipsides, Pretzel Cracker, Asli;487;6,6;23,1;64,3;2,1
28142;Keebler, Rumah Kota, Kerupuk Asli;526;5,1;29,6;59,8;1,7
28143;Keebler, Rumah Kota, Mengurangi Kerupuk Lemak;431;6,6;11,3;77,1;2,2
28144;Keebler, Rumah Kota, Flipsides, Pretzel Crackers, Reduced Fat;450;7,2;16;70,4;2,3
28145;Keebler, Rumah Kota, Toppers, Kerupuk Bawang Putih;483;6,4;19;71,6;2,8
28146;Keebler, Rumah Kota, Toppers, Keripik Multigrain;462;7,6;18,5;68,4;3,4
28147;Keebler, Rumah Kota, Toppers, Kerupuk Asli;483;7,6;20,5;66,8;2,6
28148;Keebler, Rumah Kota, Wheat Crackers;489;6,3;24,4;63,2;2,8
28149;Keebler, Rumah Kota, Crisps Flatbread, Kerupuk Garam Laut dan Minyak Zaitun;443;8;14;72,8;3,6
28150;Keebler, Tradisi, Kue Es Lemon;502;4,5;24,4;66,3;1
28151;Keebler, Tradisi, Cookie Es Oatmeal;463;5,4;18;71;2,7
28152;Keebler, Vanilla Wafers Minis, Rainbow;466;4;18,3;72,3;1,3
28153;Keebler, Vienna Fingers dengan Creme Filling;492;4,5;20,1;73,2;1,5
28154;Keebler, Vienna Fingers dengan Creme Filling, Reduced Fat;465;4,5;15;78,1;1,5
28155;Keebler, Wafel Mangkuk;424;6,5;5,3;87,7;1,8
28156;Keebler, Waffle Cones;424;6,5;5,3;87,7;1,8
28157;Keebler, Wheatables, Honey Wheat Crackers;482;7,6;20,4;67;3,3
28158;Keebler, Wheatables, Nut Crisp Crackers, Roasted Almond;472;8,4;20,4;66,5;3,9
28159;Keebler, Wheatables, Nut Crisp Crackers, Toasted Pecan;483;7,6;22;65,7;3,8
28160;Kellogg's, All-Bran, Bawang Putih, dan Kerupuk Ramuan;467;8,6;19,9;63,5;16,3
28161;Kellogg's, All-Bran, Kerupuk Multigrain;415;8,6;20;65,7;16,4
28162;Kellogg's, Remah Jagung Serpihan;367;7,5;0,4;84,4;1,2
28163;Kellogg's, Pop-Tarts, Frosted Apple Strudel Toaster Pastries;395;4,4;10,8;70,5;1,5
28164;Kellogg's, Pop-Tarts, Frosted Blueberry Muffin Toaster Pastries;397;4;10,9;70,9;1,1
28165;Kellogg's, Pop-Tarts, Chocolate Toast Pastry Toaster Kue Cokelat;387;4,5;10,5;69,4;1,5
28167;Kellogg's, Pop-Tarts, Frosted Cinnamon Roll Toaster Pastries;416;4,7;14,1;67,8;1,4
28168;Kellogg's, Pop-Tarts, Frosted Confetti Cake Toaster Pastries;375;4,4;7,4;73;1,3
28169;Kellogg's, Pop-Tarts, Frosted Cookies & Creme Toaster Pastries;379;4,9;9,8;69,3;2,6
28170;Kellogg's, Pop-Tarts, Frosted Orange Cream Toaster Pastries;401;3,9;11,5;70,6;1,1
28171;Kellogg's, Pop-Tarts, Frosted Pumpkin Pie Toaster Pastries;394;4,7;10,5;70,6;1,5
28172;Kellogg's, Pop-Tarts, Frosted Spring Berry Toaster Pastries;390;4;9,6;72,3;1,3
28173;Kellogg's, Pop-Tarts, Kue Roti Pemanggang Kue Gula Frosted;393;4,5;10,6;70,2;1,3
28174;Kellogg's, Pop-Tarts, Frosted Waffle Cone Toaster Pastries;373;3,9;6,8;74,3;1,2
28175;Kellogg's, Pop-Tarts, Frosted Wild Fruit Fusion Toaster Pastries;391;3,9;9,7;72,3;1,3
28176;Kellogg's, Pop-Tarts, Frosted Wild Grape Toaster Pastries;390;4,1;9,8;71,8;1,3
28177;Kellogg's, Pop-Tarts, Frosted Wild Strawberry Toaster Pastries;391;3,9;9,7;72,1;1,3
28178;Kellogg's, Pop-Tarts, Es Krim Shoppe Frosted Hot Fudge Sundae Toaster Pastries;391;4,4;10,8;69,8;3,3
28179;Kellogg's, Pop-Tarts, Es Krim Shoppe Frosted Ice Creme Sandwich Pemanggang Roti;390;4,6;10,9;69,4;3,5
28180;Kellogg's, Pop-Tarts, Es Krim Shoppe Frosted Rainbow Chip Toaster Pastries;400;4;11,2;70,8;1,1
28181;Kellogg's, Pop-Tarts, Es Krim Shoppe Frosted Strawberry Milkshake Pemanggang Roti;397;4;11,3;70;2,7
28182;Kellogg's, Pop-Tarts, Es Krim Shoppe Frosted Milkshake Toaster Pastry;398;4;11,3;70,1;2,7
28183;Kellogg's, Pop-Tarts Mini Crisps, Cinnamon Brown Sugar Baked Bites;433;4,8;11;79;1,7
28184;Kellogg's, Pop-Tarts Mini Crisps, Frosted Chocolate Baked Bites;438;5;11,6;78,9;2,2
28185;Kellogg's, Pop-Tarts Mini Crisps, Frosted Strawberry Baked Bites;440;4,7;11,8;79,1;1,5
28186;Kellogg's, K Khusus, Kerupuk Keripik, Cheddar;382;6,4;9,4;73,7;9,2
28187;Kellogg's, K Khusus, Kerupuk Keripik, Garam Laut;361;6,8;7,6;75,4;10,8
28188;Kellogg's, K Khusus, Kerupuk Kerupuk, Krim Asam & Bawang Merah;365;7,1;8;74,3;9,8
28189;Kellogg's, K Khusus, Kerupuk Keripik, Peternakan Barat Daya;380;6,2;8,7;74,8;9,3
28190;Kellogg's, K Khusus, Kerupuk Multigrain;401;9;9,4;75,4;8,6
28191;Kellogg's, K Khusus, Kerupuk Ramuan Gurih;406;10,9;10;73,8;9,8
28192;Kellogg's, Pop-Tarts, Kue Roti Gingerbread;393;4,1;10,5;70,8;1,4
28193;Kellogg's, Pop-Tarts, Pastry Toaster Milkshake Vanilla Yum-Azing;398;4,1;11,3;70,2;2,7
28194;Mother's, 4 Juli Cookie Hewan Sirkus;487;3,8;25,4;68,3;0,8
28195;Mother's, Kue Keripik Cokelat;490;5,7;22;67,6;1,7
28196;Mother's, Cookie Hewan Sirkus;515;3,8;25,3;68,3;0,8
28197;Mother's, Kue Kelapa Kelapa;500;5,7;25,1;65,1;3
28198;Mother's, Kue Sandwich Creme Double Fudge;457;5,3;20,4;70;3,3
28199;Mother's, Cookies Sandwich Teh Inggris;469;4,5;19,3;71;1,3
28200;Mother's, Halloween Circus Animals Cookies;514;3,8;25,3;68,1;0,8
28201;Mother's, Kue Hewan Sirkus Liburan;515;3,8;25,3;68,3;0,8
28202;Mother's, Kue Es Lemon;502;4,5;24,4;66,3;1
28203;Mother's, Kue Es Oatmeal;463;5,4;18;71;2,7
28204;Mother's, Kue Hewan Hutan;514;3,8;25,3;68,3;0,8
28205;Mother's, Kue Macaroon;552;6,1;34,1;55,7;4,1
28206;Mother's, Kue Keripik Cokelat Kuno;500;5,4;24,1;66;2,2
28207;Mother's, Kue-Kue Kering Es Krim Kuno;461;6;16,9;72,8;2,7
28208;Mother's, Kue Selai Kacang Gauchos;482;7,4;22;65,7;2,7
28209;Mother's, Biskuit Sandwich Taffy;475;3,8;20,2;69,9;2,3
28210;Murray, Sugar Free, Vanilla Sugar Wafer;458;3,2;27,6;68,5;14,3
28211;Murray, Chocolatey Chip Thins Cookies;466;7,1;16,4;73,6;2
28212;Murray, Cookie Jar Classics, Kue Kelapa;461;7,1;15,7;73,9;2
28213;Murray, Cookie Duplex Creme Sandwich;475;4,9;18,8;72,6;1,8
28214;Murray, Kue Roti Lemon Creme;479;4,7;18,8;73,7;1,2
28215;Murray, Jacks Vanilla Wafers;438;4,8;11,9;78,1;1,1
28216;Murray, Cookies Oatmeal Es Kuno;459;5;17,5;71;1,7
28217;Murray, Southern Kitchen, Kue Cokelat Chip;493;5,5;23,7;66,5;2,5
28218;Murray, Southern Kitchen, Kue Kelapa;511;5,7;25,5;65,5;3
28219;Murray, Southern Kitchen, Iced Oatmeal Cookies;467;6,5;18,3;69,5;4,1
28221;Murray, Sugar Free, Chocolate Chip & Cookie Pecan;497;6;31,4;58,6;5,1
28222;Murray, Sugar Free, Fudge Dipped Grahams;483;5,7;27,5;63,3;3,8
28223;Murray, Sugar Free, Fudge Dipped Cookie;481;6;27;63,5;4,6
28224;Murray, Sugar Free, Fudge Dicelupkan Wafer;486;3,4;33,5;61,2;13,3
28225;Murray, Sugar Free, Kue Selai Kacang;505;9,5;30,8;55,8;5,7
28226;Murray, Sugar Free, Kue Kering Roti Pecan;514;5,9;33,5;57,3;4,6
28227;Murray, Sugar Free, Kue Roti Lemon Creme;469;4,9;23,9;68,3;3,3
28228;Murray, Sugar Free, Cookie Sandwich Vanilla Creme;467;4,9;23,1;70;3,4
28229;Murray, Sugar Free, Kue Kering;431;7;17,8;71,6;5,7
28230;Murray, Sugar Free, Shortbread Bites;371;6,5;15,5;75,3;14,9
28231;Murray, Sugar Free, Vanilla Wafer;412;5,9;16,8;74;5,6
28232;Murray, Vanilla Sugar Wafer;527;3,9;25,7;70;1
28233;Murray, Vanilla Wafer;461;4;17,4;72,9;1,4
28234;Sunshine, Cheez-It, Kerupuk Asiago;502;8,7;24,7;62,6;2,1
28235;Sunshine, Cheez-It, Kerupuk Bayi Swiss;503;8,6;24,7;63,1;2,2
28236;Sunshine, Cheez-It, Kerupuk Besar;507;11,4;26,3;57,4;2,4
28237;Sunshine, Cheez-It, Kerupuk Cheddar Jack;460;9,5;22;57,6;2,4
28238;Sunshine, Cheez-It, Colby Crackers;512;9,55;26,85;59,25;2,2
28239;Sunshine, Cheez-It, Duoz Sharp Cheddar Parmesan Crackers;500;9,7;25;60,5;2,3
28240;Sunshine, Cheez-It, Duoz Smoked Cheddar Kerupuk Jack Monterey;507;9;25,9;60,8;2,2
28241;Sunshine, Gripz, Keripik Cheez-It;491;11;23,2;61;2,5
28242;Sunshine, Gripz, Cheez-It Mixx, dan Kerupuk Pizza Cheesy;484;10,8;21,3;63,7;2,5
28243;Sunshine, Cheez-It, Kerupuk Panas & Pedas;513;8,3;26,1;61,2;2,9
28244;Sunshine, Cheez-It, Kerupuk Keju Empat Italia;500;8,4;24,6;62,4;2,2
28245;Sunshine, Cheez-It, Kerupuk (Dibuat dengan Gandum Utuh);511;10,7;26,5;58,2;4,3
28246;Sunshine, Cheez-It, Kerupuk Mozzarella;500;8,6;23,8;64,1;2,2
28247;Sunshine, Cheez-It, Kerupuk Bawang Putih Parmesan;503;8,5;25,1;62;2,1
28248;Sunshine, Cheez-It, Pepper Jack Crackers;503;8,8;25;61,9;2,6
28249;Sunshine, Cheez-It, Cheddar Putih, Kerupuk Lemak Berkurang;443;9,7;13,6;72;2,5
28250;Sunshine, Cheez-It, Bites Kanan 100 Kalori, Campuran Partai Cheesy Ekstra;473;8,5;17,4;65,3;3,1
28251;Sunshine, Cheez-It, 100 Kalori Kanan, Mengurangi Lemak;452;13,3;14,6;67;2,2
28252;Sunshine, Cheez-It, Kerupuk Jr Scrabble;466;10,9;17,3;67,9;2,6
28253;Sunshine, Cheez-It, Snack Mix;438;9;15,2;66,7;3,7
28254;Sunshine, Cheez-It, Snack Mix, White Cheddar;473;8,55;20,6;65,7;3,2
28255;Keebler, Zesta, Kerupuk Soda Ekspor;414;5,6;11,5;74;3,3
28256;Austin, Selai Kacang Pada Keju Kerupuk, Tipe Sandwich;492;10,8;24,5;59;3,2
28257;Austin, Selai Kacang Pada Kerupuk Toasty, Tipe Sandwich;489;10,6;23,8;60,2;3,2
28258;Austin, Keju Cheddar on Wafer Crackers, Tipe Sandwich;489;7,8;23;62,6;1,3
28259;Kellogg's, Eggo Minis, Pancake, Buttermilk;251;5,5;8,2;39,6;1
28260;Kellogg's, Eggo, Waffles, Chocolate Chip;291;5,8;10,1;44,8;1,5
28261;Famous Amos, Kue Coklat Creme Sandwich;474;4,3;19,1;72,3;2,2
28262;Famous Amos, Cookie Creme Vanilla Sandwich;485;4,9;19,3;73,8;1,3
28263;Keebler, Grahams, Cinnamon Crisp;430;5,9;12,2;76,3;3,3
28264;Keebler, Cookie Oatmeal;478;7,1;20,1;67,7;4,5
28265;Keebler, Kerupuk Sandwich Keju & ??Kacang;492;10,8;24,5;59;3,2
28266;"Keebler, Crust Siap, Graham Pie Crust (10""), Reduced Fat";472;4,9;17,5;73,5;2,5
28267;Keebler, Sandies, Kue-Kue Simply Shortbread;528;6;28,8;62,2;1,4
28268;Keebler, Sugar Cones;375;7,3;3,7;78;2,1
28269;Mother's, Cookie Oatmeal Kuno;470;6,5;18,4;71,2;3
28270;Mother's, Cookie Sandwich Vanila;469;4,8;20,1;68,9;1,3
28271;Murray, Cookie Jar Classics, Butter Cookies;463;7,2;15,7;74,3;1,9
28272;Murray, Kue Coklat Creme Sandwich;473;4,9;19,4;71,3;2,2
28273;Murray, Cookie Sandwich Vanilla Creme;477;4,9;18,3;73,9;1,3
28274;Murray, Honey Graham;445;5,9;13,2;75,7;2,7
28275;Murray, Cookie Gingersnaps Kuno;463;5,1;16,4;73,9;1,3
28276;Murray, Southern Kitchen, Cookie Oatmeal;478;7,1;20,1;67,7;4,5
28277;Murray, Sugar Free, Chocolate Chip Cookies;469;5,6;27;63,6;4,8
28278;Murray, Sugar Free, Cookie Oatmeal;451;6,7;22,7;66,6;8,5
28279;Murray, Sugar Free, Chocolate Creme Sandwich Cookies;465;5,3;24,8;65,9;4,5
28280;Sunshine, Cheez-It, Kerupuk Asli;507;11,4;26,3;57,4;2,4
28281;Sunshine, Cheez-It, Mengurangi Lemak Kerupuk;449;13,3;14,5;67;2,2
28282;Sunshine, Krispy, Soup & Oyster Crackers (Besar);416;8,6;9,3;76,1;2,6
28283;Keebler, Zesta, Saltines, Original;418;8,2;9;76,1;2,5
28284;Keebler, Zesta, Saltines With Whole Wheat;416;8,4;9,6;75,1;3,2
28285;Roti, chapati atau roti, gandum utuh, disiapkan secara komersial, beku;299;7,85;9,2;46,13;9,7
28286;Roti, paratha, gandum utuh, disiapkan secara komersial, beku;326;6,36;13,2;45,35;9,6
28287;Roti, naan, gandum utuh, disiapkan secara komersial, didinginkan;286;10,2;6,7;46,21;4,8
28288;Roti, roti gulung, Meksiko, bollilo;318;10,65;5,8;55,77;2,2
28289;Kue, vanila dengan lapisan karamel, kelapa, dan cokelat;489;3,5;25,8;64,1;4,4
28290;Kue, dengan isian selai kacang, dilapisi cokelat;562;8,1;35,3;52,9;3,5
28291;Kue, binatang, dengan hiasan es;509;3;24,1;70,09;0,9
28292;Kerupuk, multigrain;482;7,1;20,4;67,6;3,5
28293;Kue, mentega atau gula, dengan icing atau isian cokelat;503;4,1;23,5;68,83;1,9
28294;Kue, cokelat, dengan lapisan gula atau pelapis;507;4,5;24,2;67,87;2,3
28295;Tortilla, siap saji atau-goreng, gandum utuh;310;9,76;9,76;45,89;9,8
28296;Kue, kue kudapan, diisi creme, cokelat dengan Frostings, rendah lemak, dengan tambahan serat;409;3,71;13;69,37;14,9
28297;Kue, kue camilan, bukan cokelat, dengan lapisan gula atau isi, rendah lemak, dengan serat tambahan;412;3,71;11,14;74,3;14,9
28298;Kue, brownies, disiapkan secara komersial, lemak dikurangi, dengan serat tambahan;345;2,77;9,68;61,58;11,1
28299;Kue kering, roti lapis coklat, dengan isian creme, mengurangi lemak;436;2,94;13,24;76,17;2,9
28300;Kue kering, roti gandum, dengan isian creme;398;2,61;18,29;55,62;2,6
28301;Kue kering, selai kacang, disiapkan secara komersial, bebas gula;523;10,34;31,03;50,52;3,4
28302;Kue kering, biskuit graham, polos atau madu, rendah lemak;386;5,71;5,71;77,96;5,7
28303;Kerupuk, keju, gandum utuh;412;9,62;16,03;57,29;6,4
28304;Waffles, gandum utuh, rendah lemak, beku, siap panas;257;7,14;3,57;49,16;4,3
28305;Panekuk, biasa, mengurangi lemak;269;5,71;1,9;57,32;1
28306;Roti, chapati atau roti, polos, disiapkan secara komersial;297;11,25;7,45;46,36;4,9
28307;Roti, naan, polos, disiapkan secara komersial, didinginkan;291;9,62;5,65;50,43;2,2
28308;Kerupuk, tipe Makanan Ringan standar, dengan gandum utuh;463;7,29;17,84;68,37;4,9
28309;Kue kering, macaroon kelapa;460;3,02;22,55;61,22;5,1
28310;Kue, roti pendek, lemak berkurang;451;5,37;14;75,99;1,3
28311;Kue kering, wafer gula, berlapis cokelat;526;3,45;27,59;65,99;3,4
28312;Gulungan, hamburger atau hot dog, gandum / gandum retak;269;11,69;3,61;47,31;4,2
28313;Gulungan, hamburger atau hot dog, gandum utuh;269;12,38;4,38;44,93;6,1
28314;Kerupuk, jenis sandwich, diisi selai kacang, mengurangi lemak;437;8,33;16,67;63,49;2,8
28315;Roti, kayu manis;253;7,05;5,29;44,38;3,5
28316;Roti, gandum, tumbuh;188;13,16;-;33,88;5,3
28317;Roti, gandum, tumbuh, dipanggang;205;14,3;-;36,82;5,7
28318;Roti, prancis atau vienna, gandum utuh;239;8,33;1,04;49,1;4,2
28319;Bagel, gandum putih utuh;255;9,3;-;54,52;4,7
28320;Muffin Inggris, gandum putih utuh;245;7,02;1,75;50,17;3,5
28321;Gulungan, hamburger, gandum putih, diperkaya kalsium;255;9,3;3,49;46,5;2,3
28322;Bagel, multigrain;241;9,9;1,24;47,47;6,2
28323;Panekuk, biasa, rendah lemak, campuran kering, tidak lengkap (termasuk buttermilk);384;7,4;6,17;74,69;2,5
28324;Panekuk, gandum utuh, campuran kering, tidak lengkap;350;10,53;1,32;74,11;7,9
28325;Kerupuk, roti bakar tipis, natrium rendah;442;6,45;16,13;67,66;9,7
28326;Kerupuk, biji-bijian utuh, jenis sandwich, dengan isian selai kacang;465;14,12;21,18;54,59;9,4
28327;Kerupuk, biskuit air;384;7,14;7,14;72,81;7,1
28328;Kue kering, roti lapis coklat, dengan isian creme;425;2,94;17,65;63,52;-
28329;Kue, cokelat, dibuat dengan sereal beras;440;3,23;19,35;63,26;1,6
28330;Kue kering, marshmallow, dengan sereal beras dan keripik coklat;435;4,55;18,18;63,26;-
28331;Kerupuk, rasa, berbentuk ikan;463;10,16;17,71;65,67;3,1
28332;Kue kering, bebas gluten, roti lapis coklat, dengan isian creme;474;2,19;17,89;76,03;2,5
28333;Kue kering, bebas gluten, wafer cokelat;541;4,06;30,42;62,82;1,6
28334;Kue kering, bebas gluten, wafer lemon;515;-;24,18;74,39;-
28335;Kue, sandwich vanilla bebas gluten, dengan isian creme;493;2,66;20,47;74,61;0,5
28336;Roti, bebas gluten, putih, dibuat dengan ekstrak kentang, tepung beras, dan tepung beras;320;3,13;10,7;52,83;3,5
28337;Roti, bebas gluten, putih, dibuat dari tepung beras, tepung jagung, dan / atau tapioka;248;4,31;5,24;45,78;4,3
28338;Roti, bebas gluten, putih, dibuat dari tepung tapioka dan tepung beras merah;298;5,4;8,02;51,15;5,5
28339;Roti, bebas gluten, gandum utuh, dibuat dari tepung tapioka dan tepung beras merah;309;7,25;9,34;49,09;4,9
28340;Gulungan, bebas gluten, putih, dibuat dari tepung beras merah, tepung tapioka, dan tepung kentang;310;7,99;6,4;55,1;3,6
28341;Gulungan, bebas gluten, putih, dibuat dari tepung beras, tepung beras, dan tepung jagung;239;3,34;2,65;50,47;5,1
28342;Gulungan, bebas gluten, putih, dibuat dari tepung beras merah, tepung tapioka, dan tepung sorgum;257;5,65;8,2;40,24;2,9
28343;Gulungan, bebas gluten, gandum utuh, dibuat dari tepung tapioka dan tepung beras merah;329;11,8;11,6;44,29;11,2
28344;Kerupuk, bebas gluten, multigrain, dan sayuran, dibuat dari tepung jagung dan tepung beras putih;456;2,5;15,41;76,94;3
28345;Kerupuk, bebas gluten, multi-seeded dan multigrain;453;11,25;15,84;66,3;10,2
28346;Waffles, bebas gluten, beku, siap panas;263;2,72;8,84;43,05;1,4
28347;Panekuk, bebas gluten, beku, siap panas;215;3,31;4,55;40,32;1,5
28348;Gulungan, makan malam, manis;321;10,04;7,37;53,58;3,1
28349;Kue, oatmeal, lemak berkurang;365;4,02;10,04;64,62;16,1
28350;Kue, Sticks biskuit cokelat krim tertutup;447;10;22,5;51,08;5
28351;Kue, biskuit Marie;406;7,05;10,58;70,54;3,5
28352;Kue, sandwich vanila dengan isian creme, mengurangi lemak;423;4,17;10,42;78,16;2,1
28354;Andrea's, Roll Makan Malam Lembut Bebas Gluten;257;5,65;8,2;40,24;2,9
28355;Crunchmaster, Keripik Multi-Butir, Kerupuk Makanan Ringan, Bebas Gluten;456;10,91;15,92;67,18;7,5
28356;Glutino, Cookie Bebas Gluten, Chocolate Vanilla Creme;474;2,19;17,89;76,03;2,5
28357;Glutino, Cookie Bebas Gluten, Vanilla Creme;487;2,19;18,79;77,34;-
28358;Glutino, Wafer Bebas Gluten, Rasa Lemon;515;-;24,18;74,39;-
28359;Glutino, Wafer Bebas Gluten, Cokelat Susu;541;4,06;30,42;62,82;1,6
28360;Kerupuk Pergi Mary, Kerupuk Asli, Bebas Gluten Organik;446;12,06;15,63;64,29;16,2
28361;Pepperidge Farm, Ikan Mas, Kerupuk Camilan Bakar, Cheddar;457;11,71;16,11;66,2;-
28362;Pepperidge Farm, Ikan Mas, Kerupuk Camilan Bakar, Pizza Peledak;458;9,56;16,82;67,2;-
28363;Pepperidge Farm, Ikan Mas, Kerupuk Makanan Ringan, Asli;467;9,42;18,42;65,81;2,4
28364;Pepperidge Farm, Ikan Mas, Kerupuk Camilan Bakar, Parmesan;459;11,16;17,29;64,7;3,5
28365;Pepperidge Farm, Ikan Mas, Kerupuk Makanan Ringan, Pizza;469;9,67;18,93;65,11;3,5
28366;Rudi's, Toko Roti Bebas Gluten, Roti Sandwich Asli;320;3,13;10,7;52,83;3,5
28367;Sage Valley, Bebas Gluten Vanilla Sandwich Cookies;499;3,13;22,15;71,88;1
28368;Schar, Bebas Gluten, Gulungan Putih Klasik;239;3,34;2,65;50,47;5,1
28369;Schar, Bebas Gluten, Bebas Gandum, Classic White Bread;240;3,81;4,47;46,13;5,1
28370;Udi's, Bebas Gluten, Rolls Makan Malam Prancis Klasik;310;7,99;6,4;55,1;3,6
28371;Roti Sandwich Putih Udi, Bebas Gluten, Lembut & Lezat;298;5,4;8,02;51,15;5,5
28372;Roti Gandum Utuh Udi, Bebas Gluten, Lembut & Hangat;309;7,25;9,34;49,09;4,9
28373;Udi's, Bebas Gluten, Gulungan Makan Padi Utuh;329;11,8;11,6;44,29;11,2
28374;Van's, Bebas Gluten, Pancake yang Benar-Benar Asli;215;3,31;4,55;40,32;1,5
28375;Van's, Bebas Gluten, Wafel yang Asli;248;2,99;8,22;40,54;-
28376;Van's, The Perfect 10, Crispy Six Whole Grain + Empat Seed Crackers Panggang, Bebas Gluten;471;7,63;18,93;67,57;-
28377;Pepperidge Farm, Roti Hamburger Gandum Utuh 100%;257;0,01;3,08;43,2;5,9
28378;Pepperidge Farm, Roti Swirl Kayu Manis;300;0,01;5;52,9;3,2
28379;Pepperidge Farm, Roti Kismis Raisin Cinnamon;286;0,01;5;52,1;1,4
28380;Pepperidge Farm, Gandum Utuh 15 Butir Roti;270;0,01;4,9;45,8;10,7
28381;Pepperidge Farm, Farmhouse Hearty White Bread;267;0,01;2,98;60,16;2
28382;Pepperidge Farm, Farmhouse Oatmeal Bread;275;0,01;4,07;50,7;3
28383;Pepperidge Farm, Gandum Utuh 100% Roti Gandum Utuh;263;0,01;3,5;47,2;9,3
28384;Pepperidge Farm, Farmhouse Sourdough Bread;269;0,01;3,53;50,3;1,6
28385;Pepperidge Farm, Roti Tepung Yahudi (Tanpa Biji);253;0,01;3,4;45;4,7
28386;Pepperidge Farm, Roti Pumpernickel;259;0,01;3,4;46,9;5,3
28387;Pepperidge Farm, Roti Hamburger Dg Wijen;280;0,01;4,08;49,9;3,1
28388;Pepperidge Farm, Roti Swirl Deli;247;0,01;3,1;44,7;4,7
28389;Pepperidge Farm, Roti Putih;280;0,01;5,1;50,2;1,6
28390;Pepperidge Farm, Roti Gandum Gaya Ringan;256;0,01;1,9;45,6;7,5
28391;Pepperidge Farm, Seed Rye Bread Yahudi;256;0,01;2,8;48,4;6,6
28392;Pepperidge Farm, Farmhouse 100% Roti Gandum Utuh;269;0,01;4,81;46,1;7,7
28393;Pepperidge Farm, White Hoagie Roll;296;0,01;8,7;50,7;4,5
28394;Pepperidge Farm, Hamburger Bun;278;0,01;3,71;50;1,8
28395;Pepperidge Farm, Whole Grain Honey Whole Wheat Bread;263;0,01;3,5;47,7;9,8
28396;Pepperidge Farm, Roti Oatmeal Gandum Utuh;258;0,01;3,7;46,5;9,8
28397;Roti, multi-grain (termasuk whole-grain);265;13,36;4,23;43,34;7,4
28399;Kue kering, biskuit binatang (termasuk garut, biskuit teh);446;6,9;13,8;74,1;1,1
31001;Campbell's, Jus Tomat;21;0,82;-;4,12;0,8
31002;Campbell's, Jus Tomat, Sodium Rendah;21;0,82;-;4,12;0,8
31005;Campbell's, Jus Sayuran V8, V8 Organik;20;0,41;-;4,53;0,8
31006;Campbell's, Jus Tomat Organik;21;0,82;-;4,12;0,8
31007;Healthy Request Jus Tomat;21;0,82;-;4,53;0,8
31008;Campbell's, V8 100% Jus Sayuran;21;0,82;-;4,12;0,8
31010;Campbell's, Jus Sayuran V8, Antioksidan Esensial V8;21;0,82;-;4,53;0,8
31011;Campbell's, Jus Sayuran V8, Kalsium Diperkaya V8;21;0,82;-;4,53;0,8
31012;Campbell's, Jus Sayuran V8, Sodium Rendah V8;21;0,82;-;4,12;0,8
31013;Campbell's, Jus Sayuran V8, Hot Pedas V8;21;0,82;-;4,12;0,8
31014;Pace, Pepap Irisan Jalapenos Nacho;13;-;-;3,33;3,3
31015;Pace, Cabai Hijau Potong Dadu;27;-;-;6,67;3,3
31016;Campbell's, V8 60% Jus Sayuran, V8 V-Lite;14;0,41;-;2,88;0,4
31017;Campbell's, Jus Sayuran V8, Hot Sodium Spicy Hot;21;0,82;-;4,53;0,8
31018;Campbell's, Jus Sayuran V8, Serat Tinggi V8;25;0,82;-;5,39;2,1
31019;Rumput Laut, Emi-Tsunomata Budidaya Kanada, Kering;259;15,34;1,39;46,24;36,7
31020;Rumput Laut, Emi-Tsunomata yang Dibudidayakan Kanada, Direhidrasi;31;1,86;0,17;5,62;4,5
31021;Kentang, kentang merah, dingin, tidak siap;84;1,75;0,08;19,16;1,8
31022;Kentang, kentang goreng, didinginkan, disiapkan, digoreng dengan minyak canola;242;3,24;10,3;33,99;3,6
31023;Ubi Jalar, kentang goreng, beku dalam kemasan, garam ditambahkan dalam pemrosesan;182;2,16;8,92;35,58;5,7
31024;Ubi Jalar, Prancis goreng, potong, beku, tidak siap;209;1,7;11,1;25,52;3,4
31025;Ubi jalar, beku, tidak siap;161;1,36;3,58;30,72;1,9
31026;Kentang, berdaging kuning, dipanggang, garam ditambahkan dalam pemrosesan, beku, tidak siap;119;1,99;1,85;23,44;2,6
31027;Kentang, berdaging kuning, Prancis goreng, beku, tidak siap;162;2,47;5,84;25,01;2,2
31028;Kentang, berdaging kuning, hash brown, parut, garam ditambahkan dalam pemrosesan, beku, tidak siap;81;2,04;0,07;17,98;2
31029;Kentang, kentang goreng, potongan irisan, beku, tidak siap;166;2,56;7,47;22,22;2,4
31030;Kentang, kentang goreng, potongan steak, garam tidak ditambahkan dalam pemrosesan, beku, tidak siap;138;2,4;3,42;24,31;2,4
31031;Kentang, kentang goreng, potongan silang, beku, tidak siap;193;2,7;10;22,95;2,3
31032;Smoothie Sayur, Jus Naked, Kale Blazer;28;0,8;0,07;7;0,7
31033;Akar jahe, acar, kalengan, dengan pemanis buatan;20;0,33;0,1;4,83;2,6
31034;Cabai pedas, panas, kalengan;22;0,8;0,4;4,56;2,6
31035;Jus Sayuran, Bolthouse Farms, Setiap Hari Hijau;31;0,49;0,04;8,13;1,2
31036;Kentang, dihaluskan, siap dimakan;106;1,97;5,01;13,29;1,9
32000;Nasi dan campuran bihun, rasa daging sapi, tidak siap;359;10,84;1,27;76,02;1,6
32001;Nasi dan campuran bihun, rasa daging sapi, disiapkan dengan 80% margarin;129;2,82;3,2;22,03;0,6
32002;Nasi dan campuran bihun, bumbu pilaf, tanpa persiapan;359;10,42;1,37;76,31;1,2
32003;Nasi dan campuran bihun, bumbu pilaf, disiapkan dengan 80% margarin;148;2,94;3,7;25,67;0,6
32004;Makaroni dan keju, campuran kotak dengan saus keju, tidak siap;334;12,73;10,67;46,66;1,8
32005;Makaroni dan keju, campur kotak dengan saus keju, disiapkan;164;6,68;4,99;23,1;1,2
32006;Taquitos, beku, ayam dan keju, dipanaskan dengan oven;284;9,21;12,54;33,63;2,9
32007;Taquitos, beku, daging sapi dan keju, dipanaskan dengan oven;287;9,4;12,79;33,46;2,8
32008;Campuran pasta, makaroni cheeseburger klasik, tidak siap;349;11,6;1,88;71,51;2,7
32009;Campuran pasta, daging sapi klasik, tidak siap;354;12,32;1,78;72,2;2
32010;Campuran pasta, lasagna Italia, tidak siap;356;10,9;1,97;73,77;2,8
32011;Nasi kuning dengan bumbu, campuran paket kering, tidak siap;343;7,02;1,75;74,68;1,8
32012;Pizza roll, beku, tidak siap;328;8,73;9,98;50,72;1,2
32013;Potsticker atau pangsit, daging babi dan sayuran, beku, tidak siap;136;8,28;5,52;13,28;1,4
32014;Makaroni atau mie dengan keju, dibuat dari campuran kemasan lemak yang berkurang, tidak siap;297;13,1;4,03;52,06;2
32015;Pergantian, diisi keju, saus berbasis tomat, beku, tidak siap;235;10,24;9,45;27,29;1,6
32016;Makaroni atau mie dengan keju, microwave, tidak siap;388;11,48;6,56;70,75;1,6
32017;Campuran pasta, lasagna keju empat Italia, tidak siap;355;12,53;2,7;70,26;2,6
32018;Campuran beras Spanyol, campuran kering, tidak siap;363;10,62;1,62;76,45;3,1
32019;Lasagna, keju, beku, tidak siap;145;5,06;4,22;21,61;1,7
32020;Ayam, paha, beku, dilapisi tepung roti, dipanaskan ulang;334;18,66;22,45;14,23;0,1
32021;Campuran nasi Spanyol dengan campuran minyak kanola / sayur atau tomat potong dadu dan margarin;125;3,27;2,38;22,74;1,5
32022;Kashi Three Cheese Ravioli dengan Saus Tomat Mediterania, Beku, Tidak Siap;131;5,5;4,2;19,7;2,1
32023;Kashi Mushroom & Asparagus Risotto, Beku, Tidak Siap;116;4,3;3,7;17;2,6
32024;Campuran nasi, rasa keju, campuran kering, tidak siap;362;8,77;3,51;73,88;1,8
32025;Pangsit, diisi kentang atau keju, beku;195;5,26;6,14;29,64;0,9
32026;Pergantian, ayam atau kalkun-, dan diisi sayuran, lemak berkurang, beku;168;7,87;5,51;21,74;3,1
32027;Omset, diisi daging dan keju, saus berbasis tomat, mengurangi lemak, beku;215;9,45;5,51;31,89;0,8
32028;Omset, diisi dengan telur, daging, dan keju, beku;228;7,87;12,6;20,67;0,8
32029;Campuran beras, putih dan liar, beraroma, tidak siap;355;10,53;0,88;76,14;1,8
32030;Kashi Italian Medley Pasta Pasta, Beku, Tidak Siap;106;4,7;2,6;16,3;2,7
32031;Steak Salisbury dengan saus, beku;149;6,98;10,47;6,78;1
32032;Biskuit sarapan sosis, telur, dan keju;324;9,54;22,13;21,57;2
32034;Hungry Man, Steak Salisbury dengan Saus, Beku, Tidak Siap;136;7,96;8,53;6,96;1,3
32035;Banquet, Salisbury Steak dengan Saus, Ukuran Keluarga, Beku, Tidak Disiapkan;155;6,89;11,1;6,96;1
32036;Jimmy Dean, Sosis, Telur, dan Keju Sarapan Biskuit, Beku, Tidak Dipersiapkan;328;9,29;22,9;21,07;2
33862;Susu Formula Bayi, Mead Johnson, Enfamil, Premium, Newborn, Powder;514;10,8;27;57;-
33863;Susu Formula Bayi, Mead Johnson, Enfamil, Lipil Premium, Bayi, Bubuk;510;10,8;27;57;-
33864;Susu Formula Bayi, Mead Johnson, Enfamil, Lipil Premium, Bayi, Konsentrat Cair, Tidak Dilarutkan;129;2,73;6,83;14,42;-
33865;Susu Formula Bayi, Mead Johnson, Enfamil, Premium, Bayi, Konsentrat Cair, Tidak Dilarutkan;129;2,72;7,1;14,34;-
33866;Susu Formula Bayi, Mead Johnson, Enfamil, Enfagrow, Gentlease, Balita, Lipil, Bubuk;494;12,9;26;52;-
33867;Susu Formula Bayi, Gerber, Mulai Baik, Protect Plus, Bedak;512;11,3;26,1;57;-
33868;Susu Formula Bayi, Gerber Baik Mulai 2, Gentle Plus, Bubuk;492;10,8;25,1;57,1;-
33869;Susu Formula Bayi, Gerber, Baik Mulai 2, Protect Plus, Bedak;501;11,1;25,7;56,3;-
33870;Susu Formula Bayi, Mead Johnson, Enfamil, Enfagrow, Kedelai, Balita, Lipil, Bubuk;470;15,7;21;56;-
33871;Susu Formula Bayi, Nutrisi Abbott, Similac, Pergi dan Tumbuh, Bubuk, dengan Ara dan Dha;512;15,36;27,65;52,2;-
33872;Susu Formula Bayi, Gerber, Baik Mulai 2 Kacang, dengan Besi, Bubuk;501;12,5;25,6;55,6;-
33873;Susu Formula Bayi, Mead Johnson, Enfamil, Nutramigen, Aa Lipil, Bubuk, Tidak Dilarutkan;500;14;26;51;-
33874;Susu Formula Bayi, Mead Johnson, Enfamil, Prematur, 20 Kalori, Siap Saji, Rendah Zat Besi;66;1,97;3,34;7,21;-
33875;Susu Formula Bayi, Mead Johnson, Enfamil, Prematur, 24 Kalori, Siap Saji, Rendah Zat Besi;67;1,97;3,34;7,19;-
33876;Susu Formula Bayi, Mead Johnson, Enfamil, Premium, Bayi, Siap Makan;66;1,38;3,48;7,39;-
33877;Susu Formula Bayi, Mead Johnson, Enfamil, Premium, Bayi, Bubuk;510;10,8;27;57;-
33878;Makanan bayi, Gerber, Pisang dengan Medley Oranye;86;1,06;-;20,41;2,1
33879;Makanan bayi, Makanan Ringan Jari, Gerber, Lulusan, Lil Crunchies - Mild Cheddar;513;8,26;27,76;57,61;5,2
35001;Agutuk, ikan / beri dengan minyak segel (Es krim Alaska) (asli Alaska);353;3,4;31,8;13,4;0,5
35003;Agutuk, daging karibu (es krim Alaska) (asli Alaska);258;21,7;18,6;0,9;-
35004;Ascidia (tunughnak) (alaska asli);20;3,8;0,5;-;-
35007;Beruang, hitam, daging (asli Alaska);155;20,1;8,3;-;-
35008;Beruang, kutub, daging, mentah (asli Alaska);130;25,6;3,1;-;-
35009;Paus, beluga, daging, kering (asli Alaska);327;69,86;5,34;-;-
35010;Paus, beluga, mata (asli Alaska);291;19,6;23,3;-;-
35011;Paus, beluga, daging, mentah (asli Alaska);111;26,5;0,5;-;-
35012;Paus, beluga, sirip, mentah (asli Alaska);271;19;21,7;-;-
35013;Paus, beluga, hati, mentah (asli Alaska);117;18,4;3,9;2;-
35014;Minyak, beluga, paus (asli Alaska);900;-;100;-;-
35015;Blackberry, liar, mentah (asli Alaska);52;0,84;1,07;9,84;3,2
35016;Ikan, blackfish, utuh (asli Alaska);82;15,5;1,75;-;-
35017;Blueberry, liar, beku (asli Alaska);44;0,7;-;10,4;-
35021;Karibu, sumsum tulang, mentah (asli Alaska);786;6,7;84,4;-;-
35022;Karibu, mata, mentah (asli Alaska);326;10,8;31,4;-;-
35023;Karibu, hati, mentah (asli Alaska);122;15;3,9;6,8;-
35024;Rebus / sup, karibu (asli Alaska);41;3,8;0,7;4,8;0,1
35025;Karibu, lidah, mentah (asli Alaska);260;13,7;22,8;-;-
35026;Chiton, kasar, gumboot (asli Alaska);83;17,1;1,6;-;-
35027;Cloudberries, mentah (asli Alaska);51;2,4;0,8;8,6;-
35028;Kerang, mentah (asli Alaska);79;13,5;0,7;4,7;-
35029;Cranberry, liar, semak, mentah (asli Alaska);55;1,1;0,2;12,3;6,7
35030;Cranberry, semak rendah atau lingenberry, mentah (asli Alaska);55;0,4;0,5;12,2;-
35034;Ikan, ikan devilfish, daging (asli Alaska);97;11,7;5,3;-;-
35038;Fireweed, daun muda, mentah (asli Alaska);44;3;0,8;6,3;6
35039;Ikan, telur ikan hering di rumput laut raksasa, Pasifik (asli Alaska);63;11,3;0,8;2,6;-
35040;Ikan, telur herring, Pasifik, kering (asli Alaska);312;60,4;6,6;2,8;-
35041;Ikan, telur herring, Pasifik, polos (asli Alaska);74;9,6;1,93;4,47;-
35042;Ikan, herring, Pasifik, daging, kering udara, dikemas dalam minyak (asli Alaska);489;44,5;34,6;-;-
35043;Huckleberry, mentah (asli Alaska);37;0,4;0,1;8,7;-
35046;Ikan, lingcod, daging, mentah (asli Alaska);79;17,9;0,8;-;-
35047;Ikan, lingcod, hati (asli Alaska);424;5,6;42;6;-
35048;Stew, moose (asli Alaska);55;6,6;0,5;6;0,5
35049;Moose, daging, mentah (asli Alaska);103;22,3;1,5;-;-
35050;Akar Mashu, mentah (asli Alaska);135;5,8;2,4;22,6;-
35051;Rusa, hati, direbus (asli Alaska);155;24,38;4,89;3,43;-
35052;Kacang, akar (asli Alaska);81;3,9;0,1;16,1;-
35053;Kacang tikus, bibit (asli Alaska);104;7,3;1,1;16,3;-
35054;Gurita (asli Alaska);56;12,3;0,8;-;-
35055;Anjing laut, berjanggut (Oogruk), daging, kering (asli Alaska);351;82,6;2,3;-;-
35056;Anjing laut, berjanggut (Oogruk), daging, mentah (asli Alaska);110;26,7;0,4;-;-
35057;Minyak, anjing laut berjanggut (Oogruk) (asli Alaska);899;0,56;99,6;-;-
35058;Oopah (tunicate), seluruh hewan (asli Alaska);67;11,7;2,2;-;-
35059;Burung hantu, bertanduk, daging, mentah (asli Alaska);136;22,7;5;-;-
35060;Ikan, tombak, utara, hati (asli Alaska);156;16,6;8;4,3;-
35063;Rhubarb, liar, daun (alaska asli);61;4,2;0,5;9,9;-
35064;Ikan, salmon, tipnuk, fermentasi (asli Alaska);159;15,9;10,6;-;-
35065;Ikan, salmon, raja, chinook, kipper, kaleng (asli Alaska);266;30,7;15,9;-;-
35066;Ikan, salmon, raja, chinook, diasap, dan kalengan (asli Alaska);150;23,2;5,9;-;-
35067;Ikan, salmon, raja, chinook, diasap, brined (asli Alaska);430;39,9;30;-;-
35068;Ikan, salmon, raja, chinook, hati (asli Alaska);156;16,6;8;4,3;-
35069;Bebek, scoter, bersayap putih, daging (asli Alaska);84;20,2;0,4;-;-
35070;Teripang, yane (asli Alaska);56;13;0,4;-;-
35071;Anjing laut, daging ring, daging (asli Alaska);142;28,4;3,2;-;-
35072;Anjing laut, hati (alaska asli);116;18,6;3,3;2,9;-
35073;Sup, ikan, buatan sendiri (asli Alaska);72;7,4;2,2;5,6;-
35074;Sourdock, daun muda (asli Alaska);42;2,3;0,7;6,5;-
35075;Tupai, tanah, daging (asli Alaska);111;19,3;3,8;-;-
35078;Kombinasi teh, tundra, ramuan, dan laborador (asli Alaska);1;-;-;0,2;-
35079;Walrus, daging, kering (asli Alaska);251;57;2,6;-;-
35080;Rusa (daging rusa), sitka, mentah (asli Alaska);116;21,5;2,66;-;-
35081;Walrus, daging, mentah (asli Alaska);199;19,2;13,6;-;-
35082;Walrus, daging dan lemak subkutan mentah (asli Alaska);282;16,3;24,1;-;-
35083;Walrus, hati, mentah (asli Alaska);125;21;3;3,5;-
35084;Minyak, walrus (asli Alaska);900;-;100;-;-
35085;Paus, bowhead, lemak subkutan (lemak) (asli Alaska);870;0,4;96,5;-;-
35086;Paus, busur, kulit dan lemak subkutan (muktuk) (asli Alaska);465;12,6;46,1;-;-
35087;Minyak, paus, bowhead (asli Alaska);900;-;100;-;-
35088;Ikan, bandeng, bandeng, hati, hati (asli Alaska);104;11;4,4;5,1;-
35089;Ikan, ikan putih, spesies campuran, mentah (asli Alaska);131;18,9;6,1;-;-
35091;Ikan, bandeng, bandeng, kepala, mata, pipi dan tulang lunak (asli Alaska);107;18,6;3,6;-;-
35092;Willow, daun dalam minyak (asli Alaska);592;2,6;61;8,1;-
35093;Willow, daun muda, cincang (asli Alaska);122;6,1;1,6;20,7;-
35130;Mush, jagung biru dengan abu (Navajo);54;0,66;0,49;11,74;1,1
35131;Tepung jagung, biru (Navajo);398;10,4;5,44;76,93;8,7
35132;Melon, pisang (Navajo);21;0,84;0,2;4,06;0,3
35133;Chilchen (Minuman Berry Merah) (Navajo);44;0,81;0,63;8,68;-
35134;Jagung, kering (Navajo);386;9,88;5,22;74,93;-
35135;Jagung, putih, kukus (Navajo);386;9,72;5,18;75,2;16,6
35136;Tepung jagung, putih (Navajo);398;10,99;5,04;77,14;10,4
35137;Tepung jagung, kuning (Navajo);384;9,85;5,88;72,9;9,4
35138;Labu, India, mentah (Navajo);26;0,52;0,2;5,64;-
35139;Labu India, dimasak, direbus (navajo);16;0,31;0,15;3,22;1,5
35140;Roti, berlutut (Navajo);195;4,29;2,21;39,47;-
35141;Daging kambing, dimasak, dipanggang (Navajo);234;33,43;11,09;0,08;-
35142;Roti goreng, dibuat dengan lemak babi (Navajo);330;6,69;12,22;48,26;-
35143;Tortilla, termasuk sandwich biasa dan dari daging kambing (Navajo);237;7,28;0,95;49,94;2,4
35144;Rebus, pangsit dengan daging kambing (Navajo);101;8,71;3,78;8,03;-
35145;Rebus, bubur jagung dengan daging kambing (Navajo);83;6,71;2,06;9,38;2
35146;Rebus, daging kambing, jagung, labu (Navajo);103;8,62;4,34;7,27;1,7
35147;Tamales (Navajo);153;6,28;6,12;18,12;3,1
35148;Rebus, jagung rebus (Navajo);112;8,82;3,75;10,8;2,3
35149;Ikan, halibut, mentah, dengan kulit (asli Alaska);116;20,53;2,92;1,81;-
35150;Ikan, salmon, coho (perak), mentah (asli Alaska);140;22,56;5,57;-;-
35151;Ikan, salmon, sockeye (merah), mentah (asli Alaska);153;21,94;7,28;-;-
35152;Ikan, Salmon, Chum, mentah (asli Alaska);116;20,69;3,67;-;-
35153;Ikan, salmon, raja (chinook), mentah (asli Alaska);187;20,25;11,73;-;-
35154;Salmonberi, mentah (asli Alaska);47;0,85;0,33;10,05;1,9
35155;Blueberry, liar, mentah (asli Alaska);61;1,22;0,76;12,31;2,6
35156;Minyak, anjing laut tutul (asli Alaska);894;-;99,32;-;-
35157;Ikan, salmon, merah, kalengan, tulang dihilangkan (asli Alaska);161;27,31;5,76;-;-
35158;Ikan, ikan putih, telur (asli Alaska);104;14,66;2,88;4,89;-
35160;Karibu, daging pantat, setengah kering (asli Alaska);255;52,06;5,23;-;-
35161;Karibu, daging bahu, kering (asli Alaska);271;59,38;3,67;-;-
35162;Karibu, daging seperempat belakang, mentah (asli Alaska);122;22,63;3,37;-;-
35164;Anjing laut, berjanggut (Oogruk), daging, dikeringkan, dalam minyak (asli Alaska);367;35,31;25,08;-;-
35165;Ikan, ikan putih, kering (asli Alaska);371;62,44;13,44;-;-
35166;Ikan, salmon, merah, (sockeye), kalengan, asap (asli Alaska);206;35,19;7,26;-;-
35167;Ikan, salmon, merah, (sockeye), kippered (asli Alaska);141;24,5;4,75;-;-
35168;Ikan, salmon, raja, dengan kulit, kippered, (asli Alaska);209;23,19;12,95;-;-
35169;Ikan, sheefish, mentah (asli Alaska);115;22,25;2,84;-;-
35170;Anjing laut, berjanggut (Oogruk), daging, kuadran rendah, mentah (asli Alaska);186;23,63;10,17;-;-
35171;Ikan, salmon, sohib, kering (asli Alaska);378;62,09;14,38;-;-
35172;Rusa, bebas, tanah, roti yang dimasak (Shoshone Bannock);143;29,45;2,8;-;-
35173;Rusa, tanah bebas, tanah, mentah (Shoshone Bannock);97;20,14;1,8;-;-
35174;Kerbau, hidangan bebas, steak bulat terbaik, mentah (Shoshone Bannock);97;21,44;1,3;-;-
35175;Anjing laut, berjanggut (Oogruk), daging, sebagian dikeringkan (asli Alaska);270;62,38;2,31;-;-
35176;Kerbau, hidangan bebas, steak bulat terbaik, dimasak (Shoshone Bannock);146;32,51;1,8;-;-
35177;Rusa, jarak bebas, panggang, mata bundar, mentah (Shoshone Bannock);98;19,74;2,1;-;-
35178;Rusa, jajaran bebas, panggang, mata bundar, matang (Shoshone Bannock);148;30,56;2,85;-;-
35179;Chokecherries, mentah, diadu (Shoshone Bannock);156;2,89;0,98;33,88;17
35180;Trout Steelhead, dikeringkan, daging (Shoshone Bannock);382;77,27;8,06;-;-
35181;Steelhead trout, rebus, kalengan (asli Alaska);159;21,11;8,26;-;-
35182;Rebusan Acorn (Apache);95;6,81;3,47;9,22;0,7
35183;Jagung, dikeringkan, kuning (Northern Plains Indians);419;14,48;10,64;66,27;20,5
35184;Berbau, kering (asli Alaska);386;56,19;17,9;-;-
35185;Frybread, dibuat dengan lemak babi (Apache);309;8,38;10,14;46,01;1,7
35186;Kornet dan kentang di tortilla (Apache);224;7,91;8,31;29,35;1,5
35187;Bread Tennis, plain (Apache);258;9;1,05;53,26;2,6
35188;Ikan, halibut, dimasak, dengan kulit (asli Alaska);113;22,13;2,73;-;-
35190;Salmon, merah (sockeye), filet dengan kulit, smoked (asli Alaska);345;60,62;11,43;-;-
35192;Agave, mentah (Barat daya);68;0,52;0,15;16,23;6,6
35193;Agave, matang (Barat daya);135;0,99;0,29;32;10,6
35194;Agave, kering (Barat daya);341;1,71;0,69;81,98;15,6
35195;Cattail, Tunas Daun Sempit (Indian Dataran Utara);25;1,18;-;5,14;4,5
35196;Lambsquarters, raw (Northern Plains Indians);47;4,21;0,28;6,96;6,3
35197;Lambsquarters, steamed (Northern Plains Indians);48;4,06;0,16;7,47;5,2
35198;Pir berduri, mentah (India Dataran Utara);42;0,12;0,11;10,17;5,3
35199;Pir berduri, dipanggang (Indian Dataran Utara);91;0,39;0,31;21,57;-
35200;Turnip padang rumput, mentah (India dataran utara);156;2,62;0,36;35,67;8
35201;Turnip padang rumput, rebus (Indian dataran utara);129;1,64;0,32;29,99;7,2
35202;Raspberry, liar (India dataran utara);62;1,12;0,28;13,85;7,5
35203;Rose Hips, liar (Northern Plains Indians);162;1,6;0,34;38,22;24,1
35204;Chokecherries, mentah, diadu (India Dataran Utara);162;3,04;1,69;33,62;20
35205;Jelatang yang Menyengat, pucat (Indian Dataran Utara);42;2,71;0,11;7,49;6,9
35206;Prem (plum), liar (dataran indian utara);91;0,43;0,17;21,95;6
35207;Kacang Pinon, dipanggang (Navajo);541;7,41;34,08;51,06;43,4
35211;Karibu, seperempat bagian belakang, daging, dimasak (asli Alaska);159;28,81;4,82;-;-
35225;Agutuk, ikan dengan mentega putih (es krim Alaska) (asli Alaska);470;9;43,5;10,5;-
35226;Singa laut, Steller, hati (asli Alaska);137;22,9;5;-;-
35227;Singa laut, Steller, ginjal (asli Alaska);93;18,1;1,7;1,4;-
35228;Singa laut, Steller, jantung (asli Alaska);102;17;3,3;1;-
35229;Singa laut, Steller, daging (asli Alaska);120;25,85;1,88;-;-
35230;Singa laut, Steller, daging dengan lemak (asli Alaska);242;22,1;14,65;5,55;-
35231;Singa laut, Steller, lemak (asli Alaska);850;0,9;94;-;-
35232;Wocas, biji kering, Oregon, kolam kuning lily (Klamath);361;7,9;1,07;80,02;19,2
35233;Hazelnut, berparuh (Indian Dataran Utara);628;14,89;52,99;22,98;9,8
35234;Roti piki, terbuat dari tepung jagung biru (Hopi);390;9,06;7,16;72,22;9,2
35235;Wocas, umbi, dimasak, Oregon, lily kolam kuning (Klamath);34;0,69;0,35;7,06;2,3
35236;Rebus, kacang pinto dan bubur jagung, badufsuki (Hopi);32;1,42;0,54;5,38;1,5
35237;Pengisian Tamale, Masa, dan babi (Hopi);168;13,19;4,7;18,28;3,3
35238;Teh, herbal, diseduh, Hohoysi (Hopi);2;0,12;0,2;-;-
35239;Tortilla, jagung biru, Sakwavikaviki (Hopi);276;7,83;1,4;58,12;3,4
35240;Roti, jagung biru, somiviki (Hopi);186;3,1;1,53;39,84;3,6
36000;Applebee's, steak sirloin rumah 9 oz;189;26,85;9,08;-;-
36001;Applebee's, Udang Renyah Ganda;323;12,31;18,9;25,96;2,6
36002;Applebee's, kentang goreng;290;3,31;13,17;39,5;3,9
36003;Applebee's, Kraft, Macaroni & Keju, dari menu anak-anak;143;5,01;4,34;21,08;1,3
36004;Applebee's, sticks mozzarella;316;14,87;18,37;22,87;2,1
36005;Applebee's, tender ayam, dari menu anak-anak;296;19,25;16,15;18,36;1,2
36006;T.G.I. Friday's, Friday's Shrimp, Dilapisi Tepung Roti;302;11,87;19,02;20,87;-
36007;T.G.I. Jumat, Kentang Goreng;296;3,74;14,82;36,9;4,1
36008;T.G.I. Jumat, Mozzarella Goreng;333;15,82;18,76;25,33;2,2
36009;T.G.I. Jumat, Makaroni & Keju, Dari Menu Anak-Anak;121;5,03;3,45;17,4;1
36010;T.G.I. Jumat, Jari-Jari Ayam, Dari Menu Anak-Anak;330;18,11;20,78;17,72;0,9
36011;T.G.I. Jumat, Steak Sirloin Klasik (10 Ons);196;31,02;7,83;0,47;-
36012;Restoran, gaya keluarga, sticks mozzarella goreng;325;14,75;18,33;25,14;2
36013;Restoran, gaya keluarga, sirloin steak;195;29,8;8,48;-;-
36014;Restoran, gaya keluarga, kentang goreng;289;3,49;14,04;37,2;3,9
36015;Restoran, gaya keluarga, jari-jari ayam, dari menu anak-anak;307;18,68;17,45;18,77;1,1
36016;Restoran, gaya keluarga, udang, dilapisi tepung roti dan digoreng;308;12,67;18,67;22,29;1,5
36017;Restoran, gaya keluarga, makaroni & keju, dari menu anak-anak;151;5,42;6,06;18,8;1,1
36018;Applebee's, ikan, tangan babak belur;202;13,23;9,14;16,65;0,9
36019;Applebee's, cabai;157;12,56;9,79;4,57;1,4
36020;T.G.I. Jumat, Jari-Jari Ayam;325;18,68;20,31;16,84;0,8
36021;Applebee's, coleslaw;120;0,79;7,09;13,17;2,8
36022;Applebee's, bawang bombai renyah;356;4,58;19,61;40,17;3,1
36023;Applebee's, piring tender ayam;297;19,62;16,24;17,98;1
36024;Cracker Barrel, Ayam Tenderloin, Goreng;293;18,06;15,48;20,29;0,7
36025;Cracker Barrel, Coleslaw;175;0,89;13,22;13,01;1,6
36026;Cracker Barrel, Cincin Bawang Merah, Potongan Tebal;327;4,78;16;40,95;2,2
36027;Denny's, Potongan Ayam;295;19,17;14,5;22,03;1,1
36028;Denny's, Coleslaw;183;0,97;15,03;10,88;1,3
36029;Denny's, Fillet Ikan, Babak Belur Atau Dilapisi Tepung Roti, Digoreng;234;13,75;12,16;17,41;1
36030;Denny's, Kentang Goreng;197;2,49;8,99;26,59;2,7
36031;Denny's, Onion Ring;385;5,29;22,23;41,05;2,4
36032;Denny's, Spageti dan Bakso;170;7,84;8,52;15,51;1,5
36033;Restoran, gaya keluarga, fillet ikan, babak belur atau dilapisi tepung roti, digoreng;219;13,49;10,79;16,89;0,9
36034;Restoran, gaya keluarga, tender ayam;302;18,88;16,63;19,29;0,9
36035;Restoran, gaya keluarga, coleslaw;159;0,88;11,78;12,35;1,9
36036;Restoran, gaya keluarga, cincin bawang;356;4,89;19,28;40,72;2,6
36037;Restoran, gaya keluarga, cabai dengan daging dan kacang;157;12,56;9,79;4,57;1,4
36038;Restoran, gaya keluarga, spageti, dan bakso;170;7,84;8,52;15,51;1,5
36039;Restoran, gaya keluarga, kentang goreng;197;2,49;8,99;26,59;2,7
36040;Cracker Barrel, Keju Makaroni N ';194;6,49;11,75;15,61;1,1
36041;Restoran, Italia, lasagna dengan daging;185;10,83;10,69;11,36;1,5
36042;Olive Garden, Lasagna Classico;184;11,28;10,84;10,33;1,6
36043;Grill Italia Carrabba's, Lasagna;191;10,48;11,06;12,36;1,3
36044;On The Border, Nasi Meksiko;195;3,56;4,86;34,15;1,1
36045;On The Border, Kacang Refried;144;7,3;5;17,52;8,2
36046;Restoran, Italia, spageti dengan saus pomodoro (tanpa daging);104;3,9;1,89;17,77;1,7
36047;Olive Garden, Spageti dengan Saus Pomodoro;102;4,26;1,85;17,14;1,7
36048;Grill Italia Carrabba's, Spageti dengan Saus Pomodoro;104;3,42;1,75;18,63;1,7
36049;On The Border, Keju Enchilada;271;11,67;17,74;16,2;1,8
36050;Restoran, Meksiko, Enchilada keju;273;11,24;18,47;15,45;1,9
36051;On The Border, Quesadilla Keju;394;16,87;25,5;24,25;2,2
36052;Quesadilla restoran, Meksiko, keju;368;15,93;23,08;24,11;1,7
36053;Grill Italia Carrabba, Keju Ravioli dengan Saus Marinara;156;7,96;6;17,62;1,4
36054;Olive Garden, Keju Ravioli dengan Saus Marinara;159;7,44;5,61;19,64;1,1
36055;Restoran, Italia, keju ravioli dengan saus marinara;154;7,07;5,7;18,5;1,2
36056;Tamale restoran, Meksiko, keju;216;8,99;11,99;17,97;2,2
36057;Grill Italia Carrabba, Ayam Parmesan Tanpa Pasta Cavatappi;206;19;10,95;7,8;0,9
36058;Olive Garden, Ayam Parmigiana Tanpa Pasta;211;15,33;11,23;12,28;0,9
36059;Restoran, Italia, parmesan ayam tanpa pasta;204;16,17;10,64;10,92;0,9
36060;On The Border, Taco Lembut dengan Daging Sapi Giling, Keju, dan Selada;229;13,19;11,05;19,28;1,8
36061;Restoran, Meksiko, taco lembut dengan daging sapi giling, keju, dan selada;219;12,56;10,81;17,92;1,5
36401;Restoran, Latin, ayam dan nasi, hidangan utama, disiapkan;174;12,02;5,06;20,03;1,2
36403;Restoran, Latin, empanada, daging sapi, disiapkan;335;11,31;18,37;31,19;2
36404;Restoran, Latino, arroz con leche (puding beras);146;3,2;3,69;24,92;0,5
36405;Restaurant, Latino, Arroz con frijoles negros (nasi dan kacang hitam);151;4,64;3,85;24,4;3,4
36406;Restoran, Latino, dan Arroz con habichuelas colorados (Nasi dan Kacang Merah);142;3,96;3,46;23,74;2,6
36407;Restoran, Latino, conroule grandules (nasi dan merpati);182;3,5;4,98;30,75;1,4
36408;Restoran, Latino, pupusas con frijoles (pupusas, bean);229;5,59;9,01;31,49;5,8
36409;Restoran, Latin, pupusas con queso (pupusas, keju);256;11,72;13,25;22,39;2,9
36410;Restoran, Latin, pupusa del cerdo (pupusa, babi);232;11,51;10,43;23,02;2,6
36411;Restoran, Latin, tamale, jagung;186;3,48;7,21;26,68;3,2
36412;Restoran, Latin, tamale, babi;174;7,35;9,04;15,75;2,4
36413;Restoran, Latino, sup kacang hitam;103;5,1;2,57;14,79;4,9
36414;Restoran, Latino, sup babat;74;8,61;2,58;4,07;-
36415;Restoran, Latino, arepa (roti tepung jagung tidak beragi);219;5,48;5,38;37,14;2,6
36416;Restoran, Latino, bunuelos (roti ragi goreng);462;8,02;26,24;48,57;1,5
36417;Restoran, Meksiko, nasi Spanyol;185;3,28;5,29;31,16;1,2
36418;Restoran, Meksiko, kacang refried;156;6,91;6,77;16,79;8
36601;Restoran, Cina, telur gulung, berbagai macam;250;8,28;11,94;27,29;2,6
36602;Restoran, Cina, nasi goreng, tanpa daging;174;4,05;2,96;32,79;1,1
36603;Restoran, Cina, daging sapi dan sayuran;105;7,08;5,3;7,29;1,5
36604;Cracker Barrel, Piring Tenderloin Ayam, Goreng, Dari Menu Anak-Anak;294;18,67;15,41;20,24;1
36605;Cracker Barrel, Piring Udang Goreng Country;287;12,62;16,77;21,4;0,3
36606;Cracker Barrel, Tambak yang Diternakkan;266;22,94;17,05;5,31;1,6
36607;Barel cracker, kentang goreng;255;3,26;13,18;30,87;3,5
36608;Cracker Barrel, Steak Sirloin Panggang;203;31,52;8,52;-;-
36609;Cracker Barrel, Piring Keju Makaroni N ', Dari Menu Anak-Anak;192;6,46;11,51;15,58;0,7
36610;Denny's, Kentang Goreng;282;3,41;14,13;35,2;3,5
36611;Denny's, Stik Keju Mozzarella;324;13,56;17,87;27,22;1,6
36612;Denny's, Udang Goreng Emas;319;13,88;20,01;20,93;1,5
36613;Denny's, Makaroni & Keju, Dari Menu Anak-Anak;150;5,19;4,92;21,16;1,2
36614;Denny's, Chicken Nugget, Berbentuk Bintang, Dari Menu Anak-Anak;377;16,27;28,57;13,59;0,8
36615;Denny's, Steak Sirloin Top;182;28,9;7,34;0,14;-
36617;Restoran, Cina, ayam lemon;252;11,87;13,55;20,61;1
36618;Restoran, Cina, ayam jagoan;295;12,9;16,36;23,99;0,9
36619;Restoran, Cina, ayam kung pao;129;9,76;6,98;6,87;1,5
36620;Restoran, Cina, udang dan sayuran;78;5,9;4,05;4,52;1,4
36621;Restoran, Cina, ayam manis dan asam;250;10,1;12,65;23,86;1
36622;Restoran, Cina, babi asam dan manis;270;8,91;15,66;23,34;1
36623;Restoran, Cina, ayam chow mein;85;6,76;2,8;8,29;1
36624;Restoran, Cina, sayur chow mein, tanpa daging atau mie;43;1,34;1,68;5,74;1,2
36625;Restoran, Cina, sayuran, makan tanpa daging;121;4,77;2,35;20,16;1,3
36626;Restoran, Cina, ayam, dan sayuran;95;8,18;4,56;5,38;0,9
36629;Restoran, Cina, ayam oranye;262;14,46;12,68;22,46;0,8
36630;Restoran, Italia, spageti dengan saus daging;121;5,79;3,59;16,4;1,6
36631;Olive Garden, Spageti dengan Saus Daging;121;5,8;3,28;17,19;1,7
36632;Grill Italia Carrabba's, Spageti dengan Saus Daging;122;5,87;3,92;15,71;1,5
36633;Restoran, Cina, ayam wijen;293;14,33;14,25;26,88;0,7
42040;Sirup, grenadine;268;-;-;66,91;-
42055;Minuman rasa buah, campuran bubuk kering, rendah kalori, dengan aspartam;218;0,45;0,04;87,38;0,1
42063;Pektin, cairan;11;-;-;2,1;2,1
42074;Frozen novelties, jenis es krim, es krim vanilla, ringan, tanpa gula ditambahkan, dilapisi cokelat;221;6,4;10,1;26,11;0,8
42116;Saus krim, dibuat dengan krim asam dan / atau buttermilk dan minyak, mengurangi kalori;160;1,5;14;7;-
42117;Keju imitasi, amerika atau cheddar, kolesterol rendah;390;25;32;1;-
42119;Makanan bayi, jus pisang dengan yogurt rendah lemak;89;2,5;0,8;17,54;0,4
42120;Makanan bayi, jus buah campur dengan yogurt rendah lemak;76;2,4;0,8;14,68;0,4
42128;Kalkun ham, irisan, ekstra ramping, dikemas atau iris deli;124;19,6;3,8;2,93;-
42129;Bologna, daging sapi dan babi, rendah lemak;230;11,5;19,3;2,6;-
42131;Makanan penutup susu, beku, bebas susu, cokelat;167;4,3;1;37,7;-
42135;Topping kocok, beku, rendah lemak;224;3;13,1;23,6;-
42136;Pengganti krim, bubuk, ringan;431;1,9;15,7;73,4;-
42137;Saus salad, saus lada, komersial, reguler;564;1,2;61,4;3,5;-
42138;Mayones, pengurangan kalori atau diet, bebas kolesterol;333;0,9;33,3;6,7;-
42139;Granola bar, lembut, dilapisi susu cokelat, selai kacang;536;9,6;31,2;54,1;3,8
42140;Saus salad, saus Italia, mengurangi kalori;200;0,3;20;6,7;0,2
42141;Pengganti krim, cair, ringan;71;0,8;3,5;9,1;-
42148;Permen, Mars Snackfood Us, M & M's Chocolate Candies;529;10,16;29,32;56,89;4
42150;Makanan bayi, dessert yogurt yogurt, tegang;96;0,8;1,6;19,5;0,5
42151;Olesan mentega minyak sayur, mengurangi kalori;465;-;53;-;-
42153;Saus salad, saus keju biru atau roquefort, ringan;86;2,1;2,7;13,2;-
42155;Keju, monterey, rendah lemak;313;28,2;21,6;0,7;-
42157;Dressing krim, dibuat dengan krim asam dan / atau buttermilk dan minyak, mengurangi kalori, bebas lemak;107;1,4;2,7;20;-
42158;Balutan krim, dibuat dengan krim asam dan / atau buttermilk dan minyak, mengurangi kalori, bebas kolesterol;140;1;8;16;-
42161;Bologna, daging sapi, rendah lemak;204;11,8;14,8;5,2;-
42171;Saus salad, saus prancis, mengurangi kalori;227;0,4;13;27;-
42173;Sosis kalkun dan babi, segar, massal, patty atau link, dimasak;307;22,7;23;0,7;-
42178;Mayones, dibuat dengan tahu;322;5,95;31,79;3,06;1,1
42179;Frankfurter, daging sapi, rendah lemak;233;12;9,5;1,6;-
42183;Permen, Mars Snackfood Us, Twix Chocolate Fudge Cookie Bar;550;7,3;33,3;56;3
42185;Yoghurt beku, cokelat, susu tanpa lemak, dimaniskan tanpa gula;107;4,4;0,8;19,7;2
42186;Yoghurt beku, cokelat;127;3;3,6;21,6;2,3
42187;Yoghurt beku, rasa selain cokelat;127;3;3,6;21,6;-
42189;Susu, susu mentega, cairan, dikultur, lemak berkurang;56;4,1;2;5,3;-
42190;Sambungan nasi sosis babi, berwarna cokelat dan disajikan, dimasak;407;13,7;37,63;2,36;-
42192;Saus salad, saus keju biru atau roquefort, bebas lemak;115;1,52;1,01;25,6;1,8
42193;Saus salad, seperti mayones, bebas lemak;84;0,2;2,7;15,5;1,9
42196;Permen, Mars Snackfood Us, Milky Way Midnight Bar;443;3,2;17,5;71,22;2,9
42200;Papad;371;25,56;3,25;59,87;18,6
42204;Kue beras, cracker (termasuk kue beras mini hain);392;7,1;4,3;81,1;4,2
42205;Keju, proses pasteurisasi, cheddar atau Amerika, bebas lemak;148;22,5;0,8;13,4;-
42227;Permen, Mars Snackfood Us, M&M Chocolate Almond;522;7,53;27,76;60,5;5,6
42230;Saus salad, dressing coleslaw, mengurangi lemak;329;-;20;40;0,4
42231;Minyak biji rami, dingin ditekan;884;0,11;99,98;-;-
42235;Keju, cottage, lemak rendah, lemak susu 1%, laktosa berkurang;74;12,4;1;3,2;0,6
42236;Sereal gandum siap saji yang dimakan dengan marshmallow;400;7,1;3,33;84,7;4,3
42237;Sereal siap saji, sereal gandum WEETABIX;371;11,43;2,86;81,5;11,4
42240;Sereal siap saji, Post, Madu Makanan Oat, dengan Almond;409;7,7;7,3;79,6;5,5
42256;Seperti margarin, olesan minyak sayur, batang atau bak, dimaniskan;534;-;52;16,7;-
42258;Produk keju, proses pasteurisasi, cheddar, mengurangi lemak;240;17,6;14,1;10,6;-
42259;Makanan Ringan, popcorn, olahan rumah, minyak muncul, tawar;500;9;28,1;58,1;10
42261;Sereal siap saji, Post, Grain Sereal Pecan Renyah;403;9;10,5;73;9,7
42265;Sereal siap saji, Post, Grain Besar, Kismis, Kencan & Kemiri;378;7,9;7,1;74,3;9,3
42266;Makanan bayi, jus, apel-ubi jalar;48;0,3;0,1;11,4;0,5
42267;Makanan bayi, jus, wortel oranye;43;0,5;0,1;9,9;0,4
42270;Minuman jus jeruk;54;0,2;-;13,41;0,2
42272;Makanan Ringan, granola bar, dengan kelapa, dilapisi cokelat;531;5,2;32,2;55,2;6,2
42278;Makanan bayi, sayur dan beras merah, disaring;69;1,9;1,5;12,1;1,1
42279;Makanan bayi, kacang polong dan beras merah;64;3,4;0,5;11,49;2,5
42280;Frankfurter, daging dan unggas, rendah lemak;121;15,5;2,8;8,4;0,1
42281;Gums, seed gums (termasuk kacang belalang, guar);332;4,6;0,5;77,3;77,3
42283;Makanan Ringan, keripik kentang, putih, direstrukturisasi, dipanggang;469;5;18,2;71,4;4,8
42284;Makanan bayi, produk panggang, makanan ringan sereal yang diperkaya sereal;421;6,4;9,9;76,68;2,3
42285;Makanan bayi, sereal, beras merah, dikeringkan, instan;406;8,7;3;85,98;6,5
42286;Makanan bayi, kacang hijau dan kalkun, tegang;51;4,1;1,5;5,35;1,4
42289;Minyak, jagung, dan kanola;884;-;100;-;-
42290;Susu, cairan, tanpa lemak, kalsium yang diperkaya (bebas lemak atau skim);35;3,4;0,18;4,85;-
42291;Selai kacang, mengurangi natrium;590;24;49,9;21,83;6,6
42297;Sereal siap saji, Pasang Grain Pisang Kacang Besar;390;9,8;8,8;70,9;11,2
42303;Keju, muenster, rendah lemak;271;24,7;17,6;3,5;-
42304;Keju, mozzarella, tanpa lemak;141;31,7;-;3,5;1,8
42307;Seperti campuran margarin, mentega-margarin, 80% lemak, lengket, tanpa garam;718;0,9;80,7;0,6;-
42309;Seperti margarin, olesan mentega minyak nabati, kalori dikurangi, bak, dengan garam;450;1;50;1;-
42316;Makanan bayi, wortel, balita;26;0,6;0,3;5,23;2,3
43004;Makanan bayi, makanan penutup, puding pisang, disaring;68;1;0,8;14,14;0,8
43006;Makanan bayi, buah, tutti frutti, disaring;66;0,4;0,3;15,48;0,6
43007;Makanan bayi, buah, tutti frutti, junior;69;0,4;0,4;16;0,4
43008;Makanan bayi, makan malam, ayam, dan nasi;51;1,6;0,9;9,2;1,1
43015;Saus salad, saus caesar, teratur;542;2,17;57,85;3,3;0,5
43016;Saus salad, coleslaw;390;0,9;33,4;23,8;0,1
43017;Saus salad, dewi hijau, biasa;427;1,9;43,33;7,36;0,1
43019;Saus salad, manis dan asam;15;0,1;-;3,7;-
43020;Saus salad, keju biru atau roquefort, rendah kalori;99;5,1;7,2;2,9;-
43021;Saus salad, caesar, rendah kalori;110;0,3;4,4;18,6;0,1
43026;Sirup, bebas gula;52;0,8;-;12,13;0,7
43027;Jeli, tanpa gula (dengan natrium sakarin), rasa apa pun;121;0,55;-;29,6;2,2
43028;Jams and preserves, tanpa gula (dengan natrium sakarin), rasa apa pun;132;0,3;0,3;53,42;2,5
43031;Permen, cokelat tertutup, karamel dengan kacang;470;9,5;21;60,67;4,3
43046;Permen, nougat, dengan almond;398;3,33;1,67;92,39;3,3
43057;Permen, tetes permen karet, tanpa gula atau rendah kalori (sorbitol);354;-;0,2;88,1;-
43058;Permen, keras, diet, atau rendah kalori (sorbitol);394;-;-;98,6;-
43059;Permen, cokelat tertutup, gula rendah atau kalori rendah;590;12,39;43,27;37,68;3,5
43060;Permen karet, tanpa gula;268;-;0,4;94,8;2,4
43075;Penggantian Cairan, Larutan Elektrolit (Termasuk Pedialyte);10;-;-;2,45;-
43078;Minuman, campuran milkshake, dikeringkan, bukan cokelat;329;23,5;2,6;52,9;1,6
43098;Isi pie, ceri, rendah kalori;53;0,82;0,16;11,98;1,2
43100;Sarapan bar, gandum, gula, kismis, kelapa (termasuk bar granola);464;9,8;17,6;66,7;3,1
43109;Pretzel, lunak;338;8,2;3,1;69,39;1,7
43112;Kacang, cabai, barbekyu, gaya peternakan, dimasak;97;5;1;16,9;4,2
43114;Bihun, terbuat dari kedelai;331;0,1;0,1;82,32;3,9
43125;Kacang merah, cairan dari kacang merah rebus;47;1,8;3,2;2,8;0,1
43128;Ayam, tanpa daging;224;23,64;12,73;3,64;3,6
43130;Frankfurter, tanpa daging;233;19,61;13,73;7,7;3,9
43131;Irisan makan siang, tanpa daging;189;17,78;11,11;4,44;1,1
43132;Makanan Bakso, tanpa daging;197;21;9;8;4,6
43134;Fillet vegetarian;290;23;18;9;6,1
43135;Sandwich menyebar, tanpa daging;149;8;9;9;3,3
43137;Meatloaf atau roti vegetarian;197;21;9;8;4,6
43142;Lobak radish, gaya hawaii, acar;28;1,1;0,3;5,2;2,2
43143;Kubis, corak Jepang, segar, acar;30;1,6;0,1;5,67;3,1
43144;Sawi Pahit, diasinkan;28;1,1;0,1;5,63;3,1
43146;Terong, acar;49;0,9;0,7;9,77;2,5
43154;Minuman beralkohol, anggur, memasak;50;0,5;-;6,3;-
43155;Minuman beralkohol, anggur, cahaya;49;0,07;-;1,17;-
43158;Pemanis, meja, sakarin (natrium sakarin);360;0,94;-;89,11;-
43205;Minuman, bubuk sarapan instan, cokelat, tidak dilarutkan;353;19,9;1,4;66,2;0,4
43212;Potongan daging, tanpa daging;476;32;25,9;28,6;10,2
43214;Penggantian mentega, tanpa lemak, bubuk;373;2;1;89;-
43215;Saus salad, buttermilk, lite;202;1,25;12,42;21,33;1,1
43216;Pemanis, meja, fruktosa, dikeringkan, bubuk;368;-;-;100;-
43217;Saus tomat, tanpa garam;24;1,2;0,3;5,31;1,5
43218;Sereal siap saji, Alpen;352;11,2;3,3;75,7;9,1
43241;Sereal siap saji, Familia;388;9,5;6,3;73,8;8,5
43245;Sereal siap saji, gandum dan bekatul, disiram dengan kacang-kacangan dan buah-buahan;385;7,1;5,6;76,2;9,7
43260;Minuman, bubuk sarapan instan, cokelat, bebas gula, tidak dilarutkan;358;35,8;5,1;41;2
43261;Yogurt, variasi buah, tanpa lemak;95;4,4;0,2;19;-
43268;Pengganti krim kocok, diet, terbuat dari campuran bubuk;100;0,9;6;10,6;-
43269;Frozen novelties, jenis es krim, sundae, prepackaged;185;4,3;6;29,4;0,3
43273;Keju, pondok, dengan sayuran;95;10,9;4,2;3;0,1
43274;Keju, krim, rendah lemak;201;7,85;15,28;8,13;-
43275;Keju, proses pasteurisasi, Amerika, rendah lemak;180;24,6;7;3,5;-
43276;Penyebaran keju, dasar keju krim;295;7,1;28,6;3,5;-
43278;Keju, cheddar Amerika, imitasi;239;16,7;14;11,6;-
43282;Puyuh, dimasak, dapat dimakan total;227;25,1;14,1;-;-
43283;Burung, dimasak, total dapat dimakan;239;32,4;12,1;-;-
43285;Telur, adonan, campuran beku;131;13,1;5,6;7,5;-
43287;Merpati, dimasak (termasuk squab);213;23,9;13;-;-
43297;Daging babi, gaya oriental, mengalami dehidrasi;615;11,8;62,4;1,4;-
43299;Kedelai, keju dadih;151;12,5;8,1;6,9;-
43311;Kentang, kaleng, padatan yang dikeringkan, tanpa garam ditambahkan;62;1,4;0,2;13,6;2,4
43312;Sayuran, campuran (jagung, lima kacang, kacang polong, kacang hijau, wortel) dalam kaleng, tanpa garam;37;1,4;0,2;7,31;3,1
43325;Daging babi, sembuh, ham, tanpa tulang, sodium rendah, lebih ramping dan teratur, dipanggang;165;22;7,7;0,5;-
43326;Daging babi, sembuh, ham, natrium rendah, ramping dan lemak, dimasak;172;22,3;8,3;0,3;-
43327;Daging babi, sembuh, ham, tanpa tulang, natrium rendah, lemak ekstra (sekitar 5% lemak), dipanggang;145;20,9;5,5;1,5;-
43329;Saus salad, mayones dan tipe mayones, rendah kalori;263;0,9;19;23,9;-
43331;Saus salad, bacon, dan tomat;326;1,8;35;2;0,2
43340;Keju, parmesan, sodium rendah;451;41,6;29,99;3,7;-
43344;Jams and preserves, selai, gula berkurang;151;-;0,1;37,6;1,5
43345;Minuman rasa buah, bubuk, dengan vitamin C tinggi dengan vitamin tambahan lainnya, rendah kalori;227;0,25;0,16;91;2,2
43346;Frozen novelties, jenis jus, oranye;95;0,5;-;23,17;0,1
43352;Keju, cottage, lemak rendah, lemak susu 1%, tanpa natrium ditambahkan;72;12,4;1;2,7;-
43355;Mayones, sodium rendah, rendah kalori atau diet;231;0,3;19,2;16;-
43364;Makanan Ringan, keripik tortilla, jagung tawar, putih;503;7,79;23,36;65,32;5,3
43365;Jus tomat dan sayuran, natrium rendah;22;0,6;0,1;4,59;0,8
43366;Kalkun, sayap, asap, dimasak, dengan kulit, tulang dihilangkan;221;27,4;12,41;-;-
43367;Kalkun, drumstick, dihisap, dimasak, dengan kulit, tulang dihilangkan;208;27,9;9,8;-;-
43369;Minuman berbasis rasa cokelat, berbasis whey dan susu;49;0,64;0,4;10,68;0,6
43373;Makanan bayi, makan malam, ayam dan mie dengan sayuran, balita;66;3,8;1,7;8,89;0,6
43378;Daging babi, sembuh, bacon, dimasak, dipanggang, digoreng atau dipanggang, dikurangi natrium;541;37,04;41,78;1,43;-
43379;Keju, proses pasteurisasi, swiss, rendah lemak;165;25,5;5,1;4,3;-
43382;Jus cranberry, tanpa pemanis;46;0,39;0,13;12,2;0,1
43384;Daging sapi, bologna, mengurangi sodium;310;11,7;28,4;2;-
43387;Turnip hijau, kalengan, tanpa garam;19;1,36;0,3;2,81;1,3
43390;Kalkun, daging terang atau gelap, diasapi, dimasak, dengan kulit, tulangnya dihilangkan;208;28,1;9,7;-;-
43391;Kalkun, daging terang atau gelap, diasapi, dimasak, kulit dan tulangnya dihilangkan;170;29,3;5;-;-
43392;Palem cinta, mentah;115;2,7;0,2;25,61;1,5
43393;Sereal siap saji, post, abon gandum n ',dedak, ukuran sendok;339;10,93;2,06;80,65;14,7
43396;Keju, cottage, lemak rendah, 1% lemak susu, dengan sayuran;67;10,9;1;3;-
43398;Keju, proses pasteurisasi, cheddar atau Amerika, sodium rendah;376;22,2;31,19;1,6;-
43401;Minuman, kopi, instan, dengan pemutih, mengurangi kalori;509;1,96;29,1;59,94;0,5
43404;Minuman jus cranberry-apel, rendah kalori, ditambah vitamin C;19;0,1;-;4,7;0,1
43405;Keju, swis, natrium rendah;374;28,4;27,4;3,4;-
43406;Ekstrak ragi menyebar;185;23,88;0,9;20,42;6,5
43408;Makanan bayi, jus, buah pir;47;-;-;11,86;0,1
43410;Ayam, tanpa daging, dilapisi tepung roti, digoreng;234;21,28;12,77;8,51;4,3
43417;Makanan bayi, daging, daging sapi dengan sayuran, balita;68;3,5;2,1;8,72;1,8
43432;Makanan bayi, makan malam, makaroni, saus daging sapi dan tomat, balita;81;4,34;1,9;11,53;1,1
43441;Gulungan, pumpernickel;276;10,8;2,8;51,87;5,4
43447;Makanan Ringan, berbasis jagung, diekstrusi, keripik, tawar;557;6,6;33,4;57,4;4,4
43449;Kacang, dipanggang, kalengan, tanpa garam ditambahkan;105;4,8;0,4;20,49;5,5
43450;Frozen novelties, jenis jus, jus dengan krim;115;1,41;1,41;24,11;0,1
43476;Yoghurt tahu;94;3,5;1,8;15,96;0,2
43479;Minuman beralkohol, beras (sake);134;0,5;-;5;-
43483;Sereal, Millet, kembung;354;13;3,4;80;2,7
43495;Sereal siap saji, Serpihan Oat Bran, Health Valley;380;10;3;78;8
43497;Ubur-ubur, dikeringkan, asin;36;5,5;1,4;-;-
43506;Frozen novelties, es krim, cokelat atau karamel tertutup, dng kacang;323;4,4;20,2;30,9;0,6
43507;Frankfurter, sodium rendah;312;12;28,51;1,8;-
43514;Frozen novelties, jenis es, pop, dengan pemanis berkalori rendah;24;-;-;5,92;-
43523;Makanan bayi, yogurt buah campuran, disaring;75;0,8;0,8;16,23;0,4
43528;Minuman, Abbott, Ensure Plus, Siap Minum;141;5,16;4,52;19,88;-
43529;Makanan bayi, nasi dan apel, kering;396;6,7;2,4;86,89;3
43535;Makanan bayi, jus, apel - ceri;47;0,2;0,1;11,2;0,3
43536;Makanan bayi, makanan penutup, yogurt peach;76;0,9;0,18;17,6;0,4
43537;Makanan bayi, hidangan penutup, yogurt blueberry, tegang;77;0,5;0,7;17,05;0,4
43539;Makanan bayi, makanan penutup, pisang yogurt, tegang;78;1,1;0,52;17,35;0,5
43541;Es krim, cokelat, kaya;251;4,72;16,98;19,78;0,9
43543;Susu, imitasi, non-kedelai;46;1,6;2;5,3;-
43544;Makanan bayi, sereal, nasi dengan pir dan apel, dikeringkan, instan diperkaya;389;6,6;0,9;88,5;2,6
43546;Makanan bayi, pisang no tapioka, tegang;91;1;0,2;21,34;1,6
43550;Makanan bayi, makanan penutup apel apel, tegang;68;0,3;0,2;16,3;1
43566;Makanan Ringan, keripik tortilla, ringan (dipanggang dengan sedikit minyak);465;8,7;15,2;73,4;5,7
43570;Sereal siap saji, Post, Madu Makanan Oat, Madu Dipanggang;401;7,12;5,46;81,19;4,2
43572;Popcorn, microwave, rendah lemak, dan sodium;429;12,6;9,5;73,39;14,2
43585;Makanan bayi, buah pencuci mulut tertinggi;73;0,5;0,2;17,18;2
43589;Keju, swiss, rendah lemak;179;28,4;5,1;3,4;-
43595;Sarapan bar, kerak jagung dengan buah;377;4,4;7,5;72,9;2,1
43597;Keju, mozzarella, sodium rendah;280;27,5;17,1;3,1;-
43598;Saus mayones, tanpa kolesterol;688;-;77,8;0,3;-
44005;Minyak, jagung, kacang, dan zaitun;884;-;100;-;-
44018;Pemanis, meja, fruktosa, cairan;279;-;-;76,1;0,1
44048;Makanan keju, proses pasteurisasi, Amerika, imitasi, tanpa tambahan vitamin D;257;4,08;19,5;16,18;-
44055;Serpih seledri, dikeringkan;319;11,3;2,1;63,7;27,8
44061;Puding, rasa cokelat, campuran rendah kalori, instan, kering;356;5,3;2,4;78,2;6,1
44074;Makanan bayi, jus anggur, tanpa gula, kaleng;62;-;-;15,38;-
44110;Jeli, gula dikurangi, diawetkan di rumah;179;0,3;0,03;46,1;0,8
44158;Isi pai, blueberry, kalengan;181;0,41;0,2;44,38;2,6
44203;Minuman, campuran koktail, non-alkohol, pekat, beku;287;0,08;0,01;71,6;-
44258;Puding, rasa cokelat, rendah kalori, teratur, campuran kering;365;10,08;3;74,42;10,1
44259;Puding, semua rasa kecuali cokelat, rendah kalori, teratur, campuran kering;351;1,6;0,1;86,04;0,9
44260;Puding, semua rasa kecuali cokelat, rendah kalori, instan, campuran kering;350;0,81;0,9;84,66;0,8
48052;Gluten gandum vital;370;75,16;1,85;13,79;0,6
80200;Kaki katak, mentah;73;16,4;0,3;-;-
83110;Ikan, makarel, asin;305;18,5;25,1;-;-
90240;Moluska, kerang, (teluk dan laut), dimasak, dikukus;111;20,54;0,84;5,41;-
90480;Sirup, Tebu;269;-;-;73,14;-
90560;Moluska, siput, mentah;90;16,1;1,4;2;-
93600;Penyu, hijau, mentah;89;19,8;0,5;-;-
