code;name;calories;protein;fat;carbo;fiber
2705383;Milk, human;-;-;-;-;-
2705384;Milk, NFS;52;3,33;2,14;4,83;-
2705385;Milk, whole;61;3,27;3,2;4,63;-
2705386;Milk, reduced fat (2%);50;3,36;1,9;4,9;-
2705387;Milk, low fat (1%);43;3,38;0,95;5,18;-
2705388;Milk, fat free (skim);34;3,43;0,08;4,92;-
2705389;Milk, lactose free, low fat (1%);43;3,38;0,95;5,18;-
2705390;Milk, lactose free, fat free (skim);34;3,43;0,08;4,92;-
2705391;Milk, lactose free, reduced fat (2%);50;3,36;1,9;4,9;-
2705392;Milk, lactose free, whole;61;3,27;3,2;4,63;-
2705393;Buttermilk;43;3,46;1,08;4,81;-
2705394;Kefir;52;3,59;0,96;7,48;-
2705395;Goat milk;69;3,56;4,14;4,45;-
2705396;Milk, dry, reconstituted, nonfat;32;3,2;0,07;4,6;-
2705397;Milk, dry, reconstituted, whole;76;4,01;4,08;5,86;-
2705398;Milk, evaporated, NS as to fat content;134;6,81;7,56;10;-
2705399;Milk, evaporated, whole;134;6,81;7,56;10;-
2705400;Milk, evaporated, reduced fat (2%);92;7,42;1,96;11,2;-
2705401;Milk, evaporated, fat free (skim);78;7,55;0,2;11,4;-
2705402;Milk, condensed, sweetened;321;7,91;8,7;54,4;-
2705403;Non-dairy milk, NFS;31;1,14;1,6;3,04;0,1
2705404;Soy milk, sweetened;53;3,41;2,05;5,22;-
2705405;Soy milk, unsweetened;38;3,55;2,12;1,29;-
2705406;Soy milk, chocolate;64;3,35;2,03;8,32;0,1
2705407;Almond milk, sweetened;30;0,53;1,18;4,31;-
2705408;Almond milk, chocolate;43;0,57;1,2;7,44;0,1
2705409;Almond milk, unsweetened;15;0,55;1,22;0,34;-
2705410;Almond milk, NFS;20;0,54;1,21;1,53;-
2705411;Rice milk;47;0,28;0,97;9,17;0,3
2705412;Oat milk;45;0,66;2,33;5,37;0,5
2705413;Coconut milk;31;0,21;2,08;2,92;-
2705414;Yogurt, NFS;94;6,67;2,87;10,2;0,1
2705415;Yogurt, Greek, NS as to type of milk or flavor;91;9,11;1,33;10,8;0,1
2705416;Yogurt, NS as to type of milk or flavor;93;4,57;1,34;15,7;0,2
2705417;Yogurt, NS as to type of milk, plain;63;5,25;1,55;7,04;-
2705418;Yogurt, whole milk, plain;78;3,82;4,48;5,57;-
2705419;Yogurt, low fat milk, plain;63;5,25;1,55;7,04;-
2705420;Yogurt, nonfat milk, plain;50;4,23;0,09;8,08;-
2705421;Yogurt, Greek, NS as to type of milk, plain;67;10,2;1,36;3,6;-
2705422;Yogurt, Greek, whole milk, plain;94;8,78;4,39;4,75;-
2705423;Yogurt, Greek, low fat milk, plain;67;10,2;1,36;3,6;-
2705424;Yogurt, Greek, nonfat milk, plain;59;10,3;0,37;3,64;-
2705425;Yogurt, NS as to type of milk, fruit;93;4,57;1,34;15,7;0,2
2705426;Yogurt, whole milk, fruit;106;3,34;3,86;14,4;0,2
2705427;Yogurt, low fat milk, fruit;93;4,57;1,34;15,7;0,2
2705428;Yogurt, nonfat milk, fruit;46;3,64;0,08;7,64;-
2705429;Yogurt, Greek, NS as to type of milk, fruit;91;9,11;1,33;10,8;0,1
2705430;Yogurt, Greek, whole milk, fruit;114;7,85;3,91;11,8;0,1
2705431;Yogurt, Greek, low fat milk, fruit;91;9,11;1,33;10,8;0,1
2705432;Yogurt, Greek, nonfat milk, fruit;83;9,21;0,34;10,8;0,1
2705433;Yogurt, NS as to type of milk, flavors other than fruit;82;4,51;1,36;13;-
2705434;Yogurt, whole milk, flavors other than fruit;95;3,28;3,88;11,8;-
2705435;Yogurt, low fat milk, flavors other than fruit;82;4,51;1,36;13;-
2705436;Yogurt, nonfat milk, flavors other than fruit;47;3,64;0,08;7,94;-
2705437;Yogurt, Greek, NS as to type of milk, flavors other than fruit;81;9,07;1,34;8,18;-
2705438;Yogurt, Greek, whole milk, flavors other than fruit;104;7,81;3,92;9,21;-
2705439;Yogurt, Greek, low fat milk, flavors other than fruit;81;9,07;1,34;8,18;-
2705440;Yogurt, Greek, nonfat milk, flavors other than fruit;73;9,17;0,34;8,22;-
2705441;Yogurt, Greek, with oats;149;9,22;3,67;20;1,5
2705442;Yogurt, liquid;74;3,65;1,07;12,6;0,1
2705443;Yogurt tube;81;4,34;1,03;13,7;0,1
2705444;Chipotle dip, yogurt based;189;7,93;16;3,33;-
2705445;Onion dip, yogurt based;160;6,82;12,9;4,06;0,2
2705446;Ranch dip, yogurt based;195;8,48;16,1;4,13;0,3
2705447;Spinach dip, yogurt based;159;7,02;13;3,59;0,3
2705448;Tzatziki dip;91;5,22;6;4,1;0,2
2705449;Vegetable dip, yogurt based;191;8,16;16;3,76;0,3
2705450;Yogurt parfait, with fruit;104;5,25;2,18;16,1;1,3
2705451;Frozen yogurt, NFS;127;3;3,6;21,6;-
2705452;Frozen yogurt, vanilla;127;3;3,6;21,6;-
2705453;Frozen yogurt, chocolate;131;3;3,6;21,6;2,3
2705454;Frozen yogurt, soft serve, vanilla;159;4;5,6;24,2;-
2705455;Frozen yogurt, soft serve, chocolate;160;4,31;5,76;24,9;0,7
2705456;Frozen yogurt sandwich;204;3,9;6,25;34,4;0,8
2705457;Frozen yogurt bar, vanilla;127;3;3,6;21,6;-
2705458;Frozen yogurt bar, chocolate;131;3;3,6;21,6;2,3
2705459;Frozen yogurt cone, chocolate;142;3,2;3,73;23,9;2,3
2705460;Frozen yogurt cone, vanilla;139;3,2;3,73;23,9;0,1
2705461;Frozen yogurt cone, vanilla, waffle cone;143;3,29;3,61;25,3;0,1
2705462;Frozen yogurt cone, chocolate, waffle cone;147;3,29;3,61;25,3;2,3
2705463;Baby Toddler food, NFS;75;4,9;2,15;9,08;1,1
2705464;Baby Toddler yogurt, plain;78;3,82;4,48;5,57;-
2705465;Baby Toddler yogurt, with fruit;98;3,48;4,04;11,9;0,1
2705466;Chocolate milk, NFS;65;3,44;0,83;11;0,1
2705467;Chocolate milk, whole;83;3,17;3,39;10,3;0,8
2705468;Chocolate milk, reduced fat (2%);76;2,99;1,9;12,1;0,7
2705469;Chocolate milk, fat free (skim);67;3,39;-;13,5;-
2705470;Chocolate milk, low fat (1%);64;3,46;1,11;10,2;0,1
2705471;Chocolate milk, reduced sugar, NFS;65;3,09;1,99;8,56;-
2705472;Hot chocolate / cocoa, NFS;72;1,82;1,04;13,9;0,2
2705473;Hot chocolate / cocoa, made with whole or reduced fat (2%) milk;91;2,73;1,54;16,5;-
2705474;Hot chocolate / cocoa, made with lowfat (1%) or fat free (skim) milk;78;2,79;0,06;16,6;-
2705475;Hot chocolate / cocoa, made with non-dairy milk;76;0,93;1,3;15;0,1
2705476;Hot chocolate / cocoa, with whipped cream;101;2,7;2,8;16,2;-
2705477;Chocolate milk, Nesquik, NS as to type of milk;74;3,41;2,15;10,1;0,3
2705478;Chocolate milk, Nesquik, made with non-dairy milk;54;1,35;1,64;8,41;0,4
2705479;Chocolate milk, reduced sugar, whole;73;3,04;2,92;8,38;-
2705480;Chocolate milk, reduced sugar, reduced fat (2%);63;3,11;1,78;8,62;-
2705481;Chocolate milk, reduced sugar, low fat (1%);57;3,13;0,95;8,87;-
2705482;Chocolate milk, reduced sugar, fat free (skim);49;3,18;0,19;8,64;-
2705483;Hot chocolate / cocoa, dry mix, made with water;54;0,9;0,54;11,3;0,5
2705484;Hot chocolate / cocoa, dry mix, made with whole or reduced fat (2%) milk;97;3,81;2,18;15,5;0,5
2705485;Hot chocolate / cocoa, dry mix, made with lowfat (1%) or fat free (skim) milk;83;3,87;0,61;15,5;0,5
2705486;Hot chocolate / cocoa, dry mix , made with non-dairy milk;81;1,88;1,92;13,9;0,6
2705487;Hot chocolate / cocoa, dry mix, made with water, with whipped cream;65;0,94;1,83;11,2;0,5
2705488;Hot chocolate / cocoa, dry mix, reduced sugar, made with water;31;1,26;0,24;5,87;0,6
2705489;Hot chocolate / cocoa, dry mix, reduced sugar, made with whole or reduced fat (2%) milk;77;4,35;1,99;10,4;0,6
2705490;Hot chocolate / cocoa, reduced sugar, made with non-dairy milk;54;1,19;1,48;8,92;0,1
2705491;Hot chocolate / cocoa, reduced sugar, made with whole or reduced fat (2%) milk;69;2,99;1,73;10,4;-
2705492;Hot chocolate / cocoa, dry mix, reduced sugar, made with lowfat (1%) or fat free (skim) milk;62;4,41;0,32;10,4;0,6
2705493;Hot chocolate / cocoa, reduced sugar, made with lowfat (1%) or fat free (skim) milk;56;3,05;0,25;10,4;-
2705494;Hot chocolate / cocoa, dry mix, reduced sugar, made with non-dairy milk;59;2,31;1,72;8,66;0,7
2705495;Strawberry milk, NFS;65;3,2;2,06;8,54;-
2705496;Strawberry milk, whole;86;3,03;2,97;11,8;-
2705497;Strawberry milk, reduced fat (2%);71;3,16;1,8;10,7;-
2705498;Strawberry milk, low fat (1%);69;3,13;0,89;12,3;-
2705499;Strawberry milk, fat free  (skim);61;3,18;0,09;12,1;-
2705500;Strawberry milk, reduced sugar;59;3,27;2,1;6,72;-
2705501;Milk, malted;66;3,19;2,05;8,64;-
2705502;Eggnog;88;4,55;4,19;8,05;-
2705503;Milk shake, home recipe, chocolate;120;3,47;6,14;13,5;0,5
2705504;Milk shake, home recipe, flavors other than chocolate;113;3,35;5,98;11,4;0,2
2705505;Milk shake, home recipe, chocolate, light;97;3,99;3,31;12,9;0,3
2705506;Milk shake, home recipe, flavors other than chocolate, light;92;3,88;2,33;13,8;0,1
2705507;Milk shake with malt;125;3,76;6,11;13,6;0,2
2705508;Milk shake, fast food, chocolate;150;3,7;6,66;20,4;1,6
2705509;Milk shake, fast food, flavors other than chocolate;148;3,37;6,52;19,6;0,9
2705510;Milk shake, bottled, chocolate;150;3,7;6,66;20,4;1,6
2705511;Milk shake, bottled, flavors other than chocolate;148;3,37;6,52;19,6;0,9
2705512;Licuado or Batido;75;2,33;1,45;13,2;0,6
2705513;Fruit smoothie, NFS;66;2,32;1,1;12;1,1
2705514;Fruit smoothie, with whole fruit and dairy;66;2,32;1,1;12;1,1
2705515;Fruit smoothie, with whole fruit and dairy, added protein;79;7,35;1,24;10;1,1
2705516;Fruit smoothie juice drink, with dairy;65;0,86;0,14;15;0,9
2705517;Chocolate milk drink;49;0,64;0,4;10,7;0,6
2705518;Infant formula, NFS;66;1,38;3,56;7,12;-
2705519;Infant formula, Similac, NFS;65;1,37;3,6;6,9;-
2705520;Infant formula, Similac Alimentum, ready-to-feed;67;1,8;3,63;6,77;-
2705521;Infant formula, Similac Alimentum, powder, made with water;67;1,8;3,63;6,77;-
2705522;Infant formula, Similac Advance, ready-to-feed;66;1,37;3,62;6,87;-
2705523;Infant formula, Similac Advance, powder, made with tap water;66;1,37;3,62;6,87;-
2705524;Infant formula, Similac Advance, powder, made with bottled water;66;1,37;3,62;6,87;-
2705525;Infant formula, Similac Advance, powder, made with baby water;66;1,37;3,62;6,87;-
2705526;Infant formula, Similac Sensitive, ready-to-feed;65;1,4;3,53;6,99;-
2705527;Infant formula, Similac Sensitive, powder, made with tap water;65;1,4;3,53;6,99;-
2705528;Infant formula, Similac Sensitive, powder, made with bottled water;65;1,4;3,53;6,99;-
2705529;Infant formula, Similac Sensitive, powder, made with baby water;65;1,4;3,53;6,99;-
2705530;Infant formula, Similac for Spit-Up, ready-to-feed;65;1,38;3,48;6,9;-
2705531;Infant formula, Similac for Spit-Up, powder, made with water;65;1,38;3,48;6,9;-
2705532;Toddler formula, Similac Go and Grow;58;1,73;3,11;5,87;-
2705533;Infant formula, Enfamil, NFS;66;1,43;3,49;7,36;-
2705534;Infant formula, Enfamil Infant, ready-to-feed;66;1,4;3,49;7,38;-
2705535;Infant formula, Enfamil Infant, powder, made with tap water;66;1,4;3,49;7,38;-
2705536;Infant formula, Enfamil Infant, powder, made with bottled water;66;1,4;3,49;7,38;-
2705537;Infant formula, Enfamil Infant, powder, made with baby water;66;1,4;3,49;7,38;-
2705538;Infant formula, Enfamil AR, ready-to-feed;65;1,6;3,24;7,43;-
2705539;Infant formula, Enfamil AR, powder, made with water;65;1,6;3,24;7,43;-
2705540;Infant formula, Enfamil Gentlease, ready-to-feed;67;1,51;3,49;7,31;-
2705541;Infant formula, Enfamil Gentlease, powder, made with tap water;67;1,51;3,49;7,31;-
2705542;Infant formula, Enfamil Gentlease, powder, made with bottled water;67;1,51;3,49;7,31;-
2705543;Infant formula, Enfamil Gentlease, powder, made with baby water;67;1,51;3,49;7,31;-
2705544;Toddler formula, Enfamil Enfagrow;67;1,7;3,52;7;-
2705545;Toddler formula, PediaSure;99;2,86;4,77;11,2;-
2705546;Toddler formula, Nido Kinder;62;1,72;3,32;6,43;-
2705547;Toddler formula, store brand, beginning or next stage;62;1,72;3,32;6,43;-
2705548;Toddler formula, store brand, pediatric shake;99;2,86;4,77;11,2;-
2705549;Infant formula, Gerber, NFS;65;1,49;3,33;7,26;-
2705550;Infant formula, Gerber Good Start Gentle, Stage 1, ready-to-feed;66;1,45;3,34;7,3;-
2705551;Infant formula, Gerber Good Start Gentle, Stage 1, powder, made with tap water;66;1,45;3,34;7,3;-
2705552;Infant formula, Gerber Good Start Gentle, Stage 1, powder, made with bottled water;66;1,45;3,34;7,3;-
2705553;Infant formula, Gerber Good Start Gentle, Stage 1, powder, made with baby water;66;1,45;3,34;7,3;-
2705554;Infant formula, Gerber Good Start Gentle, Stage 2;66;1,45;3,34;7,3;-
2705555;Toddler formula, Gerber Good Start, Stage 3;62;1,72;3,32;6,43;-
2705556;Infant formula, premature, powder, made with water;71;1,96;3,78;7,34;-
2705557;Infant formula, premature, ready-to-feed;71;1,96;3,78;7,34;-
2705558;Infant formula, organic, powder, made with water;66;1,38;3,56;7,12;-
2705559;Infant formula, organic, ready-to-feed;66;1,38;3,56;7,12;-
2705560;Infant formula, store brand, advantage or tender, powder, made with tap water;66;1,38;3,56;7,12;-
2705561;Infant formula, store brand, advantage or tender, powder, made with bottled water;66;1,38;3,56;7,12;-
2705562;Infant formula, store brand, advantage or tender, powder, made with baby water;66;1,38;3,56;7,12;-
2705563;Infant formula, store brand, gentle or sensitivity;66;1,46;3,51;7,15;-
2705564;Infant formula, store brand, added rice;65;1,49;3,36;7,17;-
2705565;Infant formula, Enfamil ProSobee, ready-to-feed;66;1,64;3,49;7,07;-
2705566;Infant formula, Enfamil ProSobee, powder, made with tap water;66;1,64;3,49;7,07;-
2705567;Infant formula, Enfamil ProSobee, powder, made with bottled water;66;1,64;3,49;7,07;-
2705568;Infant formula, Enfamil ProSobee, powder, made with baby water;66;1,64;3,49;7,07;-
2705569;Infant formula, Similac Isomil Soy, ready-to-feed;65;1,58;3,53;6,73;-
2705570;Infant formula, Similac Isomil Soy, powder, made with tap water;65;1,58;3,53;6,73;-
2705571;Infant formula, Similac Isomil Soy, powder, made with bottled water;65;1,58;3,53;6,73;-
2705572;Infant formula, Similac Isomil Soy, powder, made with baby water;65;1,58;3,53;6,73;-
2705573;Infant formula, Similac for Diarrhea;66;1,76;3,6;6,67;0,7
2705574;Infant formula, Gerber Good Start Soy, Stage 1, ready-to-feed;64;1,6;3,28;7,12;-
2705575;Infant formula, Gerber Good Start Soy, Stage 1, powder, made with tap water;64;1,6;3,28;7,12;-
2705576;Infant formula, Gerber Good Start Soy, Stage 1, powder, made with bottled water;64;1,6;3,28;7,12;-
2705577;Infant formula, Gerber Good Start Soy, Stage 1, powder, made with baby water;64;1,6;3,28;7,12;-
2705578;Infant formula, store brand, soy;66;1,61;3,51;6,9;-
2705579;Infant formula, Enfamil Nutramigen, ready-to-feed;67;1,82;3,49;6,94;-
2705580;Infant formula, Enfamil Nutramigen, powder, made with water;67;1,82;3,49;6,94;-
2705581;Infant formula, Enfamil Pregestimil, ready-to-feed;67;1,81;3,62;6,76;-
2705582;Infant formula, Enfamil Pregestimil, powder, made with water;67;1,81;3,62;6,76;-
2705583;Infant formula, amino acids;66;1,8;3,36;7,21;-
2705584;Infant formula, low iron;66;1,43;3,6;6,9;-
2705585;Milk, dry, not reconstituted;362;36,2;0,77;52;-
2705586;Whey, sweet, dry;353;12,9;1,07;74,5;-
2705587;Cocoa powder, not reconstituted;228;19,6;13,7;57,9;37
2705588;Chocolate beverage powder, dry mix, not reconstituted;400;4,55;2,27;90,3;4,5
2705589;Chocolate beverage powder, light, dry mix, not reconstituted;350;9,09;4,5;68,3;9,1
2705590;Milk, malted, dry mix, not reconstituted;372;-;-;93;-
2705591;Strawberry beverage powder, dry mix, not reconstituted;389;0,1;0,2;99,1;-
2705592;Cream, NS as to light, heavy, or half and half;131;3,13;11,5;4,3;-
2705593;Cream, light;195;2,96;19,1;3,66;-
2705594;Cream, half and half;131;3,13;11,5;4,3;-
2705595;Cream, half and half, flavored;130;3,07;11,3;4,5;-
2705596;Cream, half and half, fat free;59;2,6;1,4;9;-
2705597;Cream, heavy;343;2,02;35,6;3,8;-
2705598;Cream, whipped;346;1,9;33,4;9,49;-
2705599;Coffee creamer, NFS;136;1;9,97;11,4;-
2705600;Coffee creamer, liquid;136;1;9,97;11,4;-
2705601;Coffee creamer, liquid, flavored;251;0,69;13,5;35,1;1,1
2705602;Coffee creamer, liquid, fat free;71;0,8;3,5;9,1;-
2705603;Coffee creamer, liquid, fat free, flavored;154;0,6;2,7;31,7;-
2705604;Coffee creamer, liquid, fat free, sugar free, flavored;71;0,8;3,5;9,1;-
2705605;Coffee creamer, liquid, sugar free, flavored;71;0,8;3,5;9,1;-
2705606;Coffee creamer, powder;529;2,48;32,9;59,3;-
2705607;Coffee creamer, powder, flavored;482;0,68;21,5;75,4;1,2
2705608;Coffee creamer, powder, fat free;431;1,9;15,7;73,4;-
2705609;Coffee creamer,powder, sugar free, flavored;529;2,48;32,9;59,3;-
2705610;Coffee creamer, soy, liquid;136;1;9,97;11,4;-
2705611;Whipped topping;318;1,25;25,3;23;-
2705612;Whipped topping, fat free;224;3;13,1;23,6;-
2705613;Whipped topping, sugar free;224;3;13,1;23,6;-
2705614;Sour cream, regular;196;3,07;18;5,56;-
2705615;Sour cream, light;136;3,5;10,6;7,1;-
2705616;Sour cream, fat free;74;3,1;-;15,6;-
2705617;Sour cream, imitation;208;2,4;19,5;6,63;-
2705618;Dip, NFS;432;2,55;45,2;3,94;0,3
2705619;Chipotle dip, regular;426;1,99;45,1;3,15;-
2705620;Chipotle dip, light;195;1,82;15,2;13,2;-
2705621;Onion dip, regular;346;2,15;35,8;3,92;0,2
2705622;Onion dip, light;166;2;12,4;11,9;0,1
2705623;Ranch dip, regular;432;2,55;45,2;3,94;0,3
2705624;Ranch dip, light;201;2,35;15,2;14;0,2
2705625;Spinach dip, regular;345;2,35;35,8;3,44;0,3
2705626;Spinach dip, light;165;2,2;12,4;11,4;0,3
2705627;Vegetable dip, regular;429;2,23;45,1;3,57;0,3
2705628;Vegetable dip, light;198;2,04;15,2;13,6;0,3
2705629;Ice cream, NFS;221;3,57;11,3;26,4;0,8
2705630;Ice cream, vanilla;207;3,5;11;23,6;0,7
2705631;Ice cream, vanilla, with additional ingredients;242;3,67;11,8;30,5;1
2705632;Ice cream, chocolate;216;3,8;11;28,2;1,2
2705633;Ice cream, chocolate, with additional ingredients;249;3,93;11,8;34,4;1,5
2705634;Ice cream, soft serve, vanilla;180;4,78;4,83;29,5;0,3
2705635;Ice cream, soft serve, chocolate;187;5;7,19;25,7;0,8
2705636;Gelato, vanilla;249;3,5;16,2;22,3;-
2705637;Gelato, chocolate;251;4,72;17;19,8;0,9
2705638;Ice cream bar, vanilla;358;2,11;25,3;37,1;1,1
2705639;Ice cream bar, vanilla, chocolate coated;331;4,1;24,1;24,5;0,8
2705640;Ice cream candy bar;323;4,4;20,2;30,9;0,6
2705641;Ice cream bar, chocolate;329;4,41;23,9;25,2;1,5
2705642;Ice cream sandwich, vanilla;264;4,28;11,8;35,9;1,4
2705643;Ice cream sandwich, chocolate;270;4,5;11,8;39,3;1,8
2705644;Ice cream cookie sandwich;317;4,61;14,1;43,4;1,7
2705645;Ice cream cone, scooped, vanilla;215;3,68;10,8;25,8;0,8
2705646;Ice cream cone, scooped, vanilla, waffle cone;218;3,76;10,6;27,2;0,8
2705647;Ice cream cone, NFS;229;3,75;11,1;28,5;0,9
2705648;Ice cream cone, scooped, chocolate;224;3,97;10,8;30,2;1,3
2705649;Ice cream cone, scooped, chocolate, waffle cone;227;4,04;10,6;31,5;1,2
2705650;Ice cream cone, soft serve, vanilla;189;4,91;4,91;31,4;0,4
2705651;Ice cream cone, soft serve, chocolate;196;5,12;7,18;27,8;0,9
2705652;Ice cream cone, soft serve, vanilla, waffle cone;193;4,96;4,77;32,7;0,4
2705653;Ice cream cone, soft serve, chocolate, waffle cone;200;5,17;6,99;29,1;0,9
2705654;Ice cream cone, vanilla, prepackaged;354;5,21;21,9;34,4;1
2705655;Ice cream cone, chocolate, prepackaged;353;5,35;21,8;34,6;1,4
2705656;Ice cream soda, flavors other than chocolate;85;0,92;2,9;14;0,2
2705657;Ice cream soda, chocolate;87;1;2,9;15,2;0,3
2705658;Ice cream sundae, NFS;243;3,7;11,2;31,9;1,1
2705659;Ice cream sundae, fruit topping;221;2,72;9,2;32,7;0,7
2705660;Banana split;199;2,42;6,88;32,6;1
2705661;Ice cream sundae, hot fudge topping;243;3,7;11,2;31,9;1,1
2705662;Ice cream sundae, caramel topping;213;2,95;9,18;30,6;0,5
2705663;Ice cream, fried;282;3,94;15,2;32,8;1,2
2705664;Light ice cream, NFS;174;4,38;6,14;25,4;0,2
2705665;Light ice cream, vanilla;174;4,38;6,14;25,4;0,2
2705666;Light ice cream, chocolate;180;4,27;6,46;26,2;0,8
2705667;Soft serve, blended with candy or cookies, from fast food;176;4;6,06;26,2;0,2
2705668;Light ice cream sandwich, vanilla;239;4,93;8,15;37,3;1
2705669;Light ice cream sandwich, chocolate;243;4,85;8,4;37,9;1,5
2705670;Light ice cream bar, vanilla;236;3,23;16,6;18,8;0,1
2705671;Light ice cream bar, vanilla, chocolate coated;236;3,39;16,6;19,2;0,5
2705672;Light ice cream bar, chocolate;240;3,31;16,9;19,7;1
2705673;Creamsicle;165;1,54;3,08;32,8;-
2705674;Fudgesicle;163;2,56;3,67;30;1
2705675;Light ice cream cone, vanilla, prepackaged;223;5,41;7,3;34,2;0,7
2705676;Light ice cream cone, chocolate, prepackaged;227;5,32;7,56;34,9;1,3
2705677;Sherbet, all flavors;144;1,1;2;30,4;1,3
2705678;Fudgesicle, light;124;3,67;1,87;23,1;1,5
2705679;Pudding, chocolate, NFS;142;2,09;4,6;23;-
2705680;Pudding, bread;156;5,6;4,86;23,5;1
2705681;Pudding, flavors other than chocolate, NFS;130;1,45;3,78;22,6;-
2705682;Custard;97;5,08;3,64;11;-
2705683;Flan;178;5,23;4,94;28,2;-
2705684;Creme brulee;113;4,06;2,83;17,8;-
2705685;Pudding, rice;108;3,23;2,15;18,4;0,3
2705686;Firni, Indian pudding;144;3,58;3,11;25,1;0,3
2705687;Pudding, tapioca, made from dry mix;130;1,95;3,88;21,7;-
2705688;Pudding, flavors other than chocolate, made from dry mix;106;2,78;1,89;19,4;-
2705689;Pudding, chocolate, made from dry mix;113;3,14;2,1;20,3;0,7
2705690;Pudding, flavors other than chocolate, made from dry mix, sugar free;70;3,18;2,07;9,53;-
2705691;Pudding, chocolate, made from dry mix, sugar free;76;3,48;2,16;10,5;0,5
2705692;Pudding, flavors other than chocolate, ready-to-eat;130;1,45;3,78;22,6;-
2705693;Pudding, flavors other than chocolate, ready-to-eat, sugar free;70;3,18;2,07;9,53;-
2705694;Pudding, chocolate, ready-to-eat;142;2,09;4,6;23;-
2705695;Pudding, chocolate, ready-to-eat, sugar free;76;3,48;2,16;10,5;0,5
2705696;Pudding, tapioca, ready-to-eat;130;1,95;3,88;21,7;-
2705697;Banana pudding;160;2,57;4,26;28;0,7
2705698;Mousse;212;4,2;15,1;16,2;0,6
2705699;Dulce de leche;315;6,84;7,35;55,4;-
2705700;Barfi or Burfi, Indian dessert;284;5,42;11,4;40,4;0,4
2705701;Trifle;169;3,52;7,15;23,2;0,4
2705702;Tiramisu;353;5,65;23,9;29,4;0,6
2705703;White sauce or gravy;144;3,84;10,2;9,21;0,2
2705704;Cheese, NFS;381;20,7;31,3;4,33;-
2705705;Cheese, Blue or Roquefort;353;21,4;28,7;2,34;-
2705706;Cheese, Brick;371;23,2;29,7;2,79;-
2705707;Cheese, Camembert;300;19,8;24,3;0,46;-
2705708;Cheese, Brie;334;20,8;27,7;0,45;-
2705709;Cheese, Cheddar;409;23,3;34;2,44;-
2705710;Cheese, Cheddar, reduced fat;316;27,4;20,4;2,67;-
2705711;Cheese, Cheddar, nonfat or fat free;157;32,1;-;7,14;-
2705712;Cheese, Colby;394;23,8;32,1;2,57;-
2705713;Cheese, Colby Jack;393;23,2;32,4;2,24;-
2705714;Cheese, Feta;273;19,7;19,1;5,58;-
2705715;Cheese, Fontina;389;25,6;31,1;1,55;-
2705716;Cheese, goat;364;21,6;29,8;0,12;-
2705717;Cheese, Gouda or Edam;356;24,9;27,4;2,22;-
2705718;Cheese, Gruyere;413;29,8;32,3;0,36;-
2705719;Cheese, Limburger;327;20;27,2;0,49;-
2705720;Cheese, Monterey;392;22,6;32,6;1,9;-
2705721;Cheese, Monterey, reduced fat;313;28,2;21,6;0,7;-
2705722;Cheese, Mozzarella, NFS;296;23,7;20,4;4,44;-
2705723;Cheese, Mozzarella, part skim;296;23,7;20,4;4,44;-
2705724;Cheese, Mozzarella, reduced sodium;280;27,5;17,1;3,1;-
2705725;Cheese, Mozzarella, nonfat or fat free;141;31,7;-;3,5;1,8
2705726;Cheese, Muenster;368;23,4;30;1,12;-
2705727;Cheese, Muenster, reduced fat;271;24,7;17,6;3,5;-
2705728;Cheese, Parmesan, dry grated;412;29,9;28,8;8,36;-
2705729;Cheese, Parmesan, dry grated, reduced fat;395;34,8;16,5;26,2;-
2705730;Cheese, Parmesan, hard;412;29,9;28,8;8,36;-
2705731;Cheese, Parmesan, dry grated, fat free;370;40;5;40;-
2705732;Cheese, Port du Salut;356;24,9;27,4;2,22;-
2705733;Cheese, Provolone;357;23,4;28,1;2,45;-
2705734;Cheese, provolone, reduced fat;274;24,7;17,6;3,5;-
2705735;Cheese, Swiss;393;27;31;1,44;-
2705736;Cheese, Swiss, reduced sodium;374;28,4;27,4;3,4;-
2705737;Cheese, Swiss, reduced fat;179;28,4;5,1;3,4;-
2705738;Cheese, Swiss, nonfat or fat free;127;28,4;-;3,4;-
2705739;Cheese, Cheddar, reduced sodium;398;24,4;32,6;1,91;-
2705740;Cheese, paneer;299;15,9;15,5;22,5;-
2705741;Cheese, Mexican blend;362;21,9;29,3;2,4;-
2705742;Cheese, Mexican blend, reduced fat;282;24,7;19,4;3,41;-
2705743;Queso Anejo, aged Mexican cheese;373;21,4;30;4,63;-
2705744;Queso Asadero;297;22,1;22,1;2,4;-
2705745;Queso Fresco;298;18,9;23,4;2,96;-
2705746;Queso cotija;351;23,8;27,2;2,72;-
2705747;Cheese, cottage, NFS;82;11;2,3;4,31;-
2705748;Cheese, cottage, creamed, large or small curd;103;11,6;4,22;4,6;-
2705749;Cottage cheese, farmer's;148;11;9,73;4,33;-
2705750;Cheese, Ricotta;148;9,6;9,46;6;-
2705751;Cheese, cottage, with fruit;74;9,41;1,96;4,94;0,2
2705752;Cheese, cottage, with vegetables;79;9,78;1,98;5,63;0,7
2705753;Cheese, cottage, dry curd;72;10,3;0,29;6,66;-
2705754;Cheese, cottage, salted, dry curd;71;10,2;0,29;6,59;-
2705755;Puerto Rican white cheese;298;18,9;23,4;2,96;-
2705756;Cheese, cottage, low fat;82;11;2,3;4,31;-
2705757;Cheese, cottage, lowfat, with fruit;85;7,3;1,57;10,3;0,3
2705758;Cheese, cottage, lowfat, low sodium;72;12,4;1;2,7;-
2705759;Cheese, cottage, lowfat, lactose reduced;82;11;2,3;4,31;-
2705760;Cream cheese, regular, plain;343;5,79;33,5;4,56;-
2705761;Cream cheese, regular, flavored;275;8,23;20,6;14,1;-
2705762;Cream cheese, light;264;9,09;22,7;5,59;-
2705763;Cheese, American and Swiss blends;340;16,8;27,2;7,16;-
2705764;Cheese, American;340;16,8;27,2;7,16;-
2705765;Cheese, American, reduced fat;240;17,6;14,1;10,6;-
2705766;Cheese, American, nonfat or fat free;126;21;-;10,5;-
2705767;Cheese, American, reduced sodium;376;22,2;31,2;1,6;-
2705768;Cheese spread, American or Cheddar cheese base, reduced fat;176;13,4;8,88;10,7;-
2705769;Cream cheese, fat free;105;15,7;1;7,66;-
2705770;Cheese, processed cheese food;307;16,1;23,1;8,85;-
2705771;Cheese, processed, with vegetables;356;14,1;31,7;3,48;0,1
2705772;Cheese,  with wine;307;16,1;23,1;8,85;-
2705773;Cheese spread, American or Cheddar cheese base;290;16,4;21,2;8,73;-
2705774;Cheese spread, Swiss cheese base;290;16,4;21,2;8,73;-
2705775;Cheese spread, cream cheese;295;7,1;28,6;3,5;-
2705776;Cheese spread, pressurized can;290;16,4;21,2;8,73;-
2705777;Imitation cheese;390;25;32;1;-
2705778;Cheese, cottage cheese, with gelatin dessert;83;6,82;2,27;9,03;-
2705779;Cheese, cottage cheese, with gelatin dessert and fruit;75;5,32;1,74;9,91;0,4
2705780;Cheese, cottage cheese, with gelatin dessert and vegetables;85;8,03;2,8;7,11;0,2
2705781;Cheese ball;441;17,9;38,9;4,84;1,2
2705782;Artichoke dip;331;3,86;32,7;5,78;0,9
2705783;Spinach and artichoke dip;329;4,21;32,8;5,07;1,2
2705784;Seafood dip;337;6,18;32,8;4,2;0,2
2705785;Cheese dip with chili pepper;143;3,14;9,51;11,1;0,7
2705786;Cheese dip;163;3,14;13,3;7,86;0,3
2705787;Topping from cheese pizza;230;16,9;14,7;7,62;1
2705788;Topping from vegetable pizza;247;15,6;15,6;12,2;1,9
2705789;Topping from meat pizza;321;19,2;24,5;5,65;0,7
2705790;Topping from meat and vegetable pizza;299;17,6;22;7,66;1
2705791;Cheese fondue;276;19,3;21,2;1,95;-
2705792;Cheese souffle;207;9,43;16;6,38;0,1
2705793;Welsh rarebit;165;7,5;12,3;6,32;0,1
2705794;Cheese sandwich, NFS;297;12,5;13,3;31,9;1,4
2705795;Cheese sandwich, American cheese, on white bread;297;12,5;13,3;31,9;1,4
2705796;Cheese sandwich, American cheese, on wheat bread;295;13,6;13,5;29,7;3,2
2705797;Cheese sandwich, cheddar cheese, on white bread;325;15,1;16,1;30;1,4
2705798;Cheese sandwich, cheddar cheese, on wheat bread;323;16,3;16,3;27,7;3,2
2705799;Cheese sandwich, reduced fat cheese, on white bread;256;12,8;7,92;33,3;1,4
2705800;Cheese sandwich, reduced fat cheese, on wheat bread;254;14;8,14;31,1;3,2
2705801;Grilled cheese sandwich, NFS;343;11;20,8;28,1;1,2
2705802;Grilled cheese sandwich, American cheese, on white bread;343;11;20,8;28,1;1,2
2705803;Grilled cheese sandwich, American cheese, on wheat bread;341;12;21;26,1;2,8
2705804;Grilled cheese sandwich, cheddar cheese, on white bread;368;13,4;23,3;26,4;1,2
2705805;Grilled cheese sandwich, cheddar cheese, on wheat bread;366;14,4;23,5;24,4;2,8
2705806;Grilled cheese sandwich, reduced fat cheese, on white bread;307;11,3;16;29,3;1,2
2705807;Grilled cheese sandwich, reduced fat cheese, on wheat bread;305;12,3;16,2;27,4;2,8
2705808;Cheese sauce;163;3,14;13,3;7,86;0,3
2705809;Alfredo sauce;150;2,12;15;1,77;-
2705810;Alfredo sauce with added vegetables;122;2,07;11,5;2,65;0,4
2705811;Alfredo sauce with meat;171;6,52;15,3;1,44;-
2705812;Alfredo sauce with meat and added vegetables;148;6,47;12,5;2,15;0,3
2705813;Alfredo sauce with poultry;156;6,87;13,6;1,44;-
2705814;Alfredo sauce with poultry and added vegetables;133;6,83;10,8;2,15;0,3
2705815;Alfredo sauce with seafood;145;5,91;12,5;1,99;-
2705816;Alfredo sauce with seafood and added vegetables;122;5,87;9,66;2,7;0,3
2705817;Mozzarella sticks, breaded, baked, or fried;325;14,8;18,3;25,1;2
2705818;Mozzarella cheese, tomato, and basil, with oil and vinegar dressing;139;7,17;10,9;3,86;0,8
2705819;Meat, NFS;215;27,1;11,3;-;-
2705820;Meat, ground, NFS;262;25,6;17;-;-
2705821;Baby Toddler meat, NFS;112;12,6;5,99;1,25;-
2705822;Beef, NFS;231;27,1;13;-;-
2705823;Steak, NS as to type of meat, NS as to fat eaten;230;27;13;-;-
2705824;Beef, steak, NFS;229;27;12,9;-;-
2705825;Beef, steak, chuck;225;26;13,4;0,21;-
2705826;Beef, steak, cube;187;28,8;7,1;-;-
2705827;Beef, steak, flank;243;29,1;14,1;-;-
2705828;Beef, steak, ribeye, NS as to fat eaten;260;25;17,7;-;-
2705829;Beef, steak, ribeye, lean and fat eaten;289;23,5;21,6;-;-
2705830;Beef, steak, ribeye, lean only eaten;230;26,5;13,8;-;-
2705831;Beef, steak, round;166;29,7;4,25;-;-
2705832;Beef, steak, sirloin, NS as to fat eaten;239;27,1;14;-;-
2705833;Beef, steak, sirloin, lean and fat eaten;262;26,2;16,6;-;-
2705834;Beef, steak, sirloin, lean only eaten;216;28;11,3;-;-
2705835;Beef, steak, strip, NS as to fat eaten;239;27,1;14;-;-
2705836;Beef, steak, strip, lean and fat eaten;262;26,2;16,6;-;-
2705837;Beef, steak, strip, lean only eaten;216;28;11,3;-;-
2705838;Beef, steak, T-bone, NS as to fat eaten;252;26,2;15,6;-;-
2705839;Beef, steak, T-bone,  lean and fat eaten;274;25,2;18,4;-;-
2705840;Beef, steak, T-bone, lean only eaten;230;27,1;12,7;-;-
2705841;Beef, steak, tenderloin;196;30,5;8,25;-;-
2705842;Beef, steak, country fried;306;19,9;21;7,94;0,3
2705843;Beef, oxtails;257;25,9;16,5;-;-
2705844;Beef, neck bones;257;25,9;16,5;-;-
2705845;Beef, shortribs;253;18,2;14,1;12,1;0,3
2705846;Beef, cow head;257;25,9;16,5;-;-
2705847;Beef, roast;206;29,1;9,72;-;-
2705848;Beef, pot roast;251;28,4;15,4;-;-
2705849;Beef, stew meat;251;28,4;15,4;-;-
2705850;Beef, corned;251;18,2;19;0,47;-
2705851;Beef, brisket;231;29,4;12;-;-
2705852;Beef, sandwich steak;326;18,3;27,6;-;-
2705853;Beef, ground, raw;213;18,4;14,9;-;-
2705854;Beef, ground;261;25,6;16,8;-;-
2705855;Beef, ground, patty;272;25,4;18,2;-;-
2705856;Beef, bacon, cooked;449;31,3;34,4;1,4;-
2705857;Beef, bacon, reduced sodium, cooked;541;37;41,8;1,43;-
2705858;Beef, dried, chipped, uncooked;153;31,1;1,94;2,76;-
2705859;Beef, dried, chipped, cooked in fat;225;28,1;11,3;2,5;-
2705860;Beef jerky;410;33,2;25,6;11;1,8
2705861;Baby Toddler beef;81;12;2,52;2,43;-
2705862;Pork, NFS;192;27,1;8,67;-;-
2705863;Pork, ground;299;26,9;21,2;-;-
2705864;Pork, carnitas;271;24,6;18,3;-;-
2705865;Pork jerky;412;35;24,7;9,73;-
2705866;Pork, chop, NS as to fat eaten;183;27,5;7,55;-;-
2705867;Pork, chop, lean and fat eaten;195;27;9,17;0,01;-
2705868;Pork, chop, lean only eaten;171;28;5,94;-;-
2705869;Pork, chop, coated, NS as to fat eaten;219;25,5;9,18;7,2;0,4
2705870;Pork, chop, coated, lean and fat eaten;229;25,1;10,6;7,16;0,4
2705871;Pork, chop, coated, lean only eaten;208;26;7,74;7,16;0,4
2705872;Pork, chop, stuffed;190;18,4;9,04;7,82;1
2705873;Pork, steak, NS as to fat eaten;247;25,9;15,1;-;-
2705874;Pork, steak, lean and fat eaten;264;25,2;17,4;0,01;-
2705875;Pork, steak, lean only eaten;230;26,7;12,8;-;-
2705876;Pork, steak, coated;275;24,2;15,8;7,2;0,4
2705877;Pork, tenderloin;134;24,6;3,38;0,09;-
2705878;Ham;117;19;3,87;1,58;-
2705879;Ham, prosciutto;195;27,8;8,32;0,3;-
2705880;Ham, canned;167;20,9;8,43;0,49;-
2705881;Ham, ground;167;20,9;8,43;0,49;-
2705882;Pork, roast;181;26,6;7,49;-;-
2705883;Pork, roll;329;13,1;28,4;4,49;-
2705884;Canadian bacon, cooked;146;28,3;2,78;1,8;-
2705885;Bacon, NS as to type of meat, cooked;484;37,4;35,8;1,9;-
2705886;Bacon, NS as to type of meat, reduced sodium, cooked;253;13,3;20;4,8;-
2705887;Pork bacon, NS as to fresh, smoked or cured, cooked;484;37,4;35,8;1,9;-
2705888;Pork bacon, NS as to fresh, smoked or cured, reduced sodium, cooked;541;37;41,8;1,43;-
2705889;Pork bacon, smoked or cured, cooked;468;33,9;35,1;1,7;-
2705890;Bacon or side pork, fresh, cooked;468;33,9;35,1;1,7;-
2705891;Pork bacon, smoked or cured, reduced sodium, cooked;541;37;41,8;1,43;-
2705892;Fat back, cooked;750;2,68;81,9;-;-
2705893;Ribs, NFS;254;16,5;15;12,1;0,3
2705894;Pork, ribs;254;16,2;15,1;12,1;0,3
2705895;Pork, cracklings;569;45;41,7;-;-
2705896;Pork, ears;236;26,2;13,8;-;-
2705897;Pork, bones;236;26,2;13,8;-;-
2705898;Pork, pig's feet;236;21,8;15,9;-;-
2705899;Pork, pig's feet, pickled;140;11,6;10;0,01;-
2705900;Pork, ham hocks;268;14,6;22,8;1,09;-
2705901;Pork, belly;404;26,6;32,2;-;-
2705902;Pork skin rinds;544;61,3;31,3;-;-
2705903;Baby Toddler ham;97;11,3;3,8;3,7;-
2705904;Baby Toddler meat stick;188;13,7;14,2;1,4;0,2
2705905;Lamb, NS as to cut;292;24,3;20,8;-;-
2705906;Lamb, chop;264;27,4;16,3;-;-
2705907;Lamb, ground;281;24,6;19,5;-;-
2705908;Goat;142;26,9;3,01;-;-
2705909;Veal, chop;158;29,5;4,4;0,07;-
2705910;Veal, ground;213;25,6;11,7;1,5;-
2705911;Mock chicken legs;242;21,5;13,6;8,04;0,3
2705912;Rabbit;204;30,1;8,34;-;-
2705913;Venison, NFS;167;28,1;5,26;-;-
2705914;Venison, steak;149;30;2,36;-;-
2705915;Venison/deer jerky;398;32,2;22,4;14,7;-
2705916;Venison sausage;312;20,2;25,1;-;-
2705917;Moose;133;29;0,96;-;-
2705918;Bear;257;32,2;13,3;-;-
2705919;Caribou;166;29,5;4,38;-;-
2705920;Bison;178;25,2;8,55;-;-
2705921;Groundhog;159;28,1;4,34;-;-
2705922;Opossum;219;30;10,1;-;-
2705923;Squirrel;172;30,5;4,65;-;-
2705924;Beaver;210;34,6;6,9;-;-
2705925;Raccoon;253;29;14,4;-;-
2705926;Armadillo;159;28,1;4,34;-;-
2705927;Wild pig;159;28,1;4,34;-;-
2705928;Ostrich;174;25,9;7,01;-;-
2705929;Chicken, NS as to part and cooking method, NS as to skin eaten;164;26,8;6,36;-;-
2705930;Chicken, NS as to part and cooking method, skin eaten;196;25,1;10,6;0,1;-
2705931;Chicken, NS as to part and cooking method, skin not eaten;164;26,8;6,36;-;-
2705932;Chicken, NS as to part, baked, broiled, or roasted, NS as to skin eaten;165;27,3;5,32;-;-
2705933;Chicken, NS as to part, baked, broiled, or roasted, skin eaten;203;24,7;10,8;-;-
2705934;Chicken, NS as to part, baked, broiled, or roasted, skin not eaten;165;27,3;5,32;-;-
2705935;Chicken, NS as to part, rotisserie, NS as to skin eaten;164;26,8;6,36;-;-
2705936;Chicken, NS as to part, rotisserie, skin eaten;196;25,1;10,6;0,1;-
2705937;Chicken, NS as to part, rotisserie, skin not eaten;164;26,8;6,36;-;-
2705938;Chicken, NS as to part, stewed, NS as to skin eaten;156;26;5,38;-;-
2705939;Chicken, NS as to part, stewed, skin eaten;196;23,6;10,9;-;-
2705940;Chicken, NS as to part, stewed, skin not eaten;156;26;5,38;-;-
2705941;Chicken, NS as to part, grilled without sauce, NS as to skin eaten;179;26,7;7,2;-;-
2705942;Chicken, NS as to part, grilled without sauce, skin eaten;217;24,2;12,6;-;-
2705943;Chicken, NS as to part, grilled without sauce, skin not eaten;179;26,7;7,2;-;-
2705944;Chicken, NS as to part, grilled with sauce, NS as to skin eaten;180;22;6,36;7,31;0,2
2705945;Chicken, NS as to part, grilled with sauce, skin eaten;211;19,9;10,7;7,31;0,2
2705946;Chicken, NS as to part, grilled with sauce, skin not eaten;180;22;6,36;7,31;0,2
2705947;Chicken, NS as to part, sauteed, skin eaten;217;24,2;12,6;-;-
2705948;Chicken, NS as to part, sauteed, skin not eaten;179;26,7;7,2;-;-
2705949;Chicken, NS as to part, fried, coated, skin / coating eaten;251;21,8;15;7,14;0,2
2705950;Chicken, NS as to part, fried, coated, skin / coating not eaten;164;26,2;6,58;0,07;-
2705951;Chicken, NS as to part, baked, coated, skin / coating eaten;251;21,8;15;7,14;0,2
2705952;Chicken, NS as to part, baked, coated, skin / coating not eaten;164;26,2;6,58;0,07;-
2705953;Chicken breast, NS as to cooking method, skin eaten;175;26,4;7,67;0,09;-
2705954;Chicken breast, NS as to cooking method, skin not eaten;144;28;3,57;-;-
2705955;Chicken breast, baked, broiled, or roasted, skin eaten, from raw;192;26,2;8,8;-;-
2705956;Chicken breast, baked, broiled, or roasted, skin not eaten, from raw;161;30,2;3,52;-;-
2705957;Chicken breast, baked or broiled, skin eaten, from pre-cooked;175;26,4;7,67;0,09;-
2705958;Chicken breast, baked or broiled, skin not eaten, from pre-cooked;144;28;3,57;-;-
2705959;Chicken breast, baked or broiled, skin eaten, from fast food / restaurant;206;25,7;10,6;-;-
2705960;Chicken breast, baked or broiled, skin not eaten, from fast food / restaurant;176;29,6;5,44;-;-
2705961;Chicken breast, baked, broiled, or roasted with marinade, skin eaten, from raw;204;25,3;10,4;0,31;-
2705962;Chicken breast, baked, broiled, or roasted with marinade, skin not eaten, from raw;175;29,1;5,38;0,31;-
2705963;Chicken breast, rotisserie, skin eaten;175;26,4;7,67;0,09;-
2705964;Chicken breast, rotisserie, skin not eaten;144;28;3,57;-;-
2705965;Chicken breast, stewed, skin eaten;181;24,7;8,28;-;-
2705966;Chicken breast, stewed, skin not eaten;149;28;3,26;-;-
2705967;Chicken breast, grilled without sauce, skin eaten;206;25,7;10,6;-;-
2705968;Chicken breast, grilled without sauce, skin not eaten;176;29,6;5,45;-;-
2705969;Chicken breast, grilled with sauce, skin eaten;202;21,2;9,15;7,34;0,2
2705970;Chicken breast, grilled with sauce, skin not eaten;178;24,3;4,93;7,34;0,2
2705971;Chicken breast, sauteed, skin eaten;206;25,7;10,6;-;-
2705972;Chicken breast, sauteed, skin not eaten;176;29,6;5,45;-;-
2705973;Chicken breast, fried, coated, skin / coating eaten, from raw;243;21,5;14,1;6,01;0,2
2705974;Chicken breast, fried, coated, skin / coating not eaten, from raw;176;29,6;5,45;-;-
2705975;Chicken breast, fried, coated, prepared skinless, coating eaten, from raw;219;24,6;9,99;6,01;0,2
2705976;Chicken breast, fried, coated, skin / coating eaten, from pre-cooked;250;20,6;14,8;7,21;0,3
2705977;Chicken breast, fried, coated, skin / coating not eaten, from pre-cooked;176;29,6;5,45;-;-
2705978;Chicken breast, fried, coated, skin / coating eaten, from fast food / restaurant;273;19,3;17;10,7;0,3
2705979;Chicken breast, fried, coated, skin / coating not eaten, from fast food / restaurant;213;22,8;10,8;6,01;0,2
2705980;Chicken breast, baked, coated, skin / coating eaten;207;23,8;9,9;4,01;0,2
2705981;Chicken breast, baked, coated, skin / coating not eaten;176;29,6;5,45;-;-
2705982;Chicken leg, drumstick and thigh, NS as to cooking method, skin eaten;218;23,8;13,6;0,12;-
2705983;Chicken leg, drumstick and thigh, NS as to cooking method, skin not eaten;185;25,5;9,15;-;-
2705984;Chicken leg, drumstick and thigh, baked or broiled, skin eaten;214;23,2;12,8;-;-
2705985;Chicken leg, drumstick and thigh, baked or broiled, skin not eaten;168;24,4;7,13;-;-
2705986;Chicken leg, drumstick and thigh, rotisserie, skin eaten;218;23,8;13,6;0,12;-
2705987;Chicken leg, drumstick and thigh, rotisserie, skin not eaten;185;25,5;9,15;-;-
2705988;Chicken leg, drumstick and thigh, stewed, skin eaten;211;22,4;13,4;-;-
2705989;Chicken leg, drumstick and thigh, stewed, skin not eaten;164;24,1;7,5;-;-
2705990;Chicken leg, drumstick and thigh, grilled without sauce, skin eaten;228;22,6;14,5;-;-
2705991;Chicken leg, drumstick and thigh, grilled without sauce, skin not eaten;183;23,9;8,96;-;-
2705992;Chicken leg, drumstick and thigh, grilled with sauce, skin eaten;220;18,6;12,3;7,28;0,2
2705993;Chicken leg, drumstick and thigh, grilled with sauce, skin not eaten;183;19,6;7,79;7,28;0,2
2705994;Chicken leg, drumstick and thigh, sauteed, skin eaten;228;22,6;14,5;-;-
2705995;Chicken leg, drumstick and thigh, sauteed, skin not eaten;183;23,9;8,96;-;-
2705996;Chicken leg, drumstick and thigh, fried, coated, skin / coating eaten;260;19;17,2;5,98;0,2
2705997;Chicken leg, drumstick and thigh, fried, coated, skin / coating not eaten;183;23,9;8,98;-;-
2705998;Chicken leg, drumstick and thigh, baked, coated, skin / coating eaten;226;21;13,4;3,98;0,2
2705999;Chicken leg, drumstick and thigh, baked, coated, skin / coating not eaten;183;23,9;8,96;-;-
2706000;Chicken drumstick, NS as to cooking method, skin eaten;206;25,6;11,5;0,12;-
2706001;Chicken drumstick, NS as to cooking method, skin not eaten;172;27,7;6,76;-;-
2706002;Chicken drumstick, baked, broiled, or roasted, skin eaten, from raw;190;23,2;10,1;-;-
2706003;Chicken drumstick, baked, broiled, or roasted, skin not eaten, from raw;154;24,1;5,67;-;-
2706004;Chicken drumstick, baked or broiled, skin eaten, from pre-cooked;206;25,6;11,5;0,12;-
2706005;Chicken drumstick, baked or broiled, skin not eaten, from pre-cooked;172;27,7;6,76;-;-
2706006;Chicken drumstick, baked or broiled, skin eaten, from fast food / restaurant;203;22,7;11,8;-;-
2706007;Chicken drumstick, baked or broiled, skin not eaten, from fast food / restaurant;168;23,5;7,51;-;-
2706008;Chicken drumstick, rotisserie, skin eaten;206;25,6;11,5;0,12;-
2706009;Chicken drumstick, rotisserie, skin not eaten;172;27,7;6,76;-;-
2706010;Chicken drumstick, grilled without sauce, skin eaten;204;22,7;11,8;-;-
2706011;Chicken drumstick, grilled without sauce, skin not eaten;169;23,6;7,53;-;-
2706012;Chicken drumstick, grilled with sauce, skin eaten;200;18,7;10,2;7,28;0,2
2706013;Chicken drumstick, grilled with sauce, skin not eaten;172;19,4;6,62;7,28;0,2
2706014;Chicken drumstick, stewed, skin eaten;186;22,5;10,6;-;-
2706015;Chicken drumstick, stewed, skin not eaten;148;23,7;5,9;-;-
2706016;Chicken drumstick, sauteed, skin eaten;204;22,7;11,8;-;-
2706017;Chicken drumstick, sauteed, skin not eaten;169;23,6;7,53;-;-
2706018;Chicken drumstick, fried, coated, skin / coating eaten, from raw;241;19,1;15,1;5,98;0,2
2706019;Chicken drumstick, fried, coated, skin / coating not eaten, from raw;169;23,6;7,54;-;-
2706020;Chicken drumstick, fried, coated, prepared skinless, coating eaten, from raw;212;19,7;11,6;5,96;0,2
2706021;Chicken drumstick, fried, coated, skin / coating eaten, from pre-cooked;247;18,3;15,7;7,15;0,3
2706022;Chicken drumstick, fried, coated, skin / coating not eaten, from pre-cooked;169;23,6;7,53;-;-
2706023;Chicken drumstick, fried, coated, skin / coating eaten, from fast food / restaurant;288;17,8;18,8;12,1;0,6
2706024;Chicken drumstick, fried, coated, skin / coating not eaten, from fast food / restaurant;213;21,8;11,2;6,12;0,2
2706025;Chicken drumstick, baked, coated, skin / coating eaten;205;21;11;3,98;0,2
2706026;Chicken drumstick, baked, coated, skin / coating not eaten;169;23,6;7,53;-;-
2706027;Chicken thigh, NS as to cooking method, skin eaten;226;22,5;15,1;0,12;-
2706028;Chicken thigh, NS as to cooking method, skin not eaten;193;24,1;10,7;-;-
2706029;Chicken thigh, baked, broiled, or roasted, skin eaten, from raw;231;23,1;14,6;-;-
2706030;Chicken thigh, baked, broiled, or roasted, skin not eaten, from raw;178;24,6;8,1;-;-
2706031;Chicken thigh, baked or broiled, skin eaten, from pre-cooked;226;22,5;15,1;0,12;-
2706032;Chicken thigh, baked or broiled, skin not eaten, from pre-cooked;193;24,1;10,7;-;-
2706033;Chicken thigh, baked or broiled, skin eaten, from fast food / restaurant;243;22,6;16,2;-;-
2706034;Chicken thigh, baked or broiled, skin not eaten, from fast food / restaurant;192;24;9,89;-;-
2706035;Chicken thigh, rotisserie, skin eaten;226;22,5;15,1;0,12;-
2706036;Chicken thigh, rotisserie, skin not eaten;193;24,1;10,7;-;-
2706037;Chicken thigh, stewed, skin eaten;227;22,4;15,3;-;-
2706038;Chicken thigh, stewed, skin not eaten;175;24,4;8,56;-;-
2706039;Chicken thigh, grilled without sauce, skin eaten;243;22,6;16,3;-;-
2706040;Chicken thigh, grilled without sauce, skin not eaten;192;24,1;9,91;-;-
2706041;Chicken thigh, grilled with sauce, skin eaten;233;18,6;13,8;7,28;0,2
2706042;Chicken thigh, grilled with sauce, skin not eaten;191;19,8;8,56;7,28;0,2
2706043;Chicken thigh, sauteed, skin eaten;243;22,6;16,3;-;-
2706044;Chicken thigh, sauteed, skin not eaten;192;24,1;9,91;-;-
2706045;Chicken thigh, fried, coated, skin / coating eaten, from raw;273;19;18,6;5,98;0,2
2706046;Chicken thigh, fried, coated, skin / coating not eaten, from raw;192;24,1;9,93;-;-
2706047;Chicken thigh, fried, coated, prepared skinless, coating eaten, from raw;231;20,1;13,5;5,96;0,2
2706048;Chicken thigh, fried, coated, skin / coating eaten, from pre-cooked;277;18,2;19;7,15;0,3
2706049;Chicken thigh, fried, coated, skin / coating not eaten, from pre-cooked;192;24,1;9,91;-;-
2706050;Chicken thigh, fried, coated, skin / coating eaten, from fast food;294;16,3;19,7;13;0,3
2706051;Chicken thigh, fried, coated, skin / coating not eaten, from fast food;218;19,4;12,8;6,31;0,2
2706052;Chicken thigh, fried, coated, skin / coating eaten, from restaurant;294;16,3;19,7;13;0,3
2706053;Chicken thigh, fried, coated, skin / coating not eaten, from restaurant;218;19,4;12,8;6,31;0,2
2706054;Chicken thigh, baked, coated, skin / coating eaten;240;21;15;3,98;0,2
2706055;Chicken thigh, baked, coated, skin / coating not eaten;192;24,1;9,91;-;-
2706056;Chicken wing, NS as to cooking method;257;23,4;18;0,6;-
2706057;Chicken wing, baked, broiled, or roasted, from raw;252;23,6;16,7;-;-
2706058;Chicken wing, baked or broiled, from pre-cooked;257;23,4;18;0,6;-
2706059;Chicken wing, baked or broiled, from fast food / restaurant;264;23,1;18,4;-;-
2706060;Chicken wing, rotisserie;257;23,4;18;0,6;-
2706061;Chicken wing, stewed;247;22,6;16,7;-;-
2706062;Chicken wing, grilled without sauce;265;23,1;18,4;-;-
2706063;Chicken wing, grilled with sauce;250;19;15,5;7,28;0,2
2706064;Chicken wing, sauteed;265;23,1;18,4;-;-
2706065;Chicken wing, fried, coated, from raw;289;19,4;20,2;5,96;0,2
2706066;Chicken wing, fried, coated, from pre-cooked;294;18,6;20,6;7,15;0,3
2706067;Chicken wing, fried, coated, from fast food;323;17,8;21,3;15;0,3
2706068;Chicken wing, fried, coated, from restaurant;323;17,8;21,3;15;0,3
2706069;Chicken wing, baked, coated;260;21,4;16,9;3,98;0,2
2706070;Chicken "wings" with hot sauce, from fast food / restaurant;272;16,8;20,2;6,18;0,1
2706071;Chicken "wings" with other sauces or seasoning, from fast food / restaurant;276;17;17,4;13,1;0,2
2706072;Chicken "wings", plain, from fast food / restaurant;323;17,8;21,3;15;0,3
2706073;Chicken "wings" with hot sauce, from precooked;254;17,6;19,5;2,5;-
2706074;Chicken "wings" with other sauces or seasoning, from precooked;258;17,7;16,7;9,42;0,2
2706075;Chicken "wings", plain, from precooked;294;18,6;20,6;7,15;0,3
2706076;Chicken "wings" with hot sauce, from other sources;267;17;20;5,08;0,1
2706077;Chicken "wings" with other sauces or seasoning, from other sources;271;17,2;17,2;12;0,2
2706078;Chicken "wings", plain, from other sources;314;18;21,1;12,6;0,3
2706079;Chicken "wings", boneless, with hot sauce, from fast food / restaurant;282;12,4;16,9;20;0,9
2706080;Chicken "wings", boneless, with hot sauce, from other sources;232;11,4;11,8;20;1,5
2706081;Chicken, back;298;25,7;20,8;-;-
2706082;Chicken, neck or ribs;245;19,4;18;-;-
2706083;Chicken, tail;454;20,4;40,7;-;-
2706084;Chicken skin;450;20,2;40,3;-;-
2706085;Chicken feet;215;19,4;14,6;0,2;-
2706086;Chicken, canned, meat only;185;25,3;8,1;0,9;-
2706087;Chicken, chicken roll, roasted;164;26,7;6,33;-;-
2706088;Chicken patty, breaded;287;14,8;19,6;12,8;0,3
2706089;Chicken fillet, breaded;240;14,6;13,6;14,9;1,7
2706090;Chicken fillet, grilled;151;22,3;5,81;2,36;-
2706091;Chicken, ground;201;27,1;10,3;-;-
2706092;Chicken nuggets, NFS;307;15,9;20,4;14,9;0,9
2706093;Chicken nuggets, from fast food;307;15,9;20,4;14,9;0,9
2706094;Chicken nuggets, from restaurant;307;15,9;20,4;14,9;0,9
2706095;Chicken nuggets, from school lunch;270;15,7;12,9;22,9;2,2
2706096;Chicken nuggets, from frozen;298;13,4;19,2;17,9;1,8
2706097;Chicken nuggets, from other sources;304;15,2;20;15,8;1,2
2706098;Chicken tenders or strips, NFS;271;19,2;14;17,2;1,2
2706099;Chicken tenders or strips, breaded, from fast food;271;19,2;14;17,2;1,2
2706100;Chicken tenders or strips, breaded, from restaurant;283;18,8;15,6;16,9;1,2
2706101;Chicken tenders or strips, breaded, from school lunch;270;15,7;12,9;22,9;2,2
2706102;Chicken tenders or strips, breaded, from frozen;240;14,6;13,6;14,9;1,7
2706103;Chicken tenders or strips, breaded, from other sources;262;17,8;13,8;16,5;1,4
2706104;Turkey, NFS;139;28,8;2,06;-;-
2706105;Turkey, light meat, skin not eaten;139;28,8;2,06;-;-
2706106;Turkey, light meat, skin eaten;169;28,3;5,55;0,03;-
2706107;Turkey, light meat, breaded, baked or fried, skin not eaten;173;27,3;3,69;6,46;0,4
2706108;Turkey, light meat, breaded, baked or fried, skin eaten;200;26,8;6,84;6,48;0,4
2706109;Turkey, light meat, roasted, skin not eaten;139;28,8;2,06;-;-
2706110;Turkey, light meat, roasted, skin eaten;169;28,3;5,55;0,03;-
2706111;Turkey, dark meat, roasted, skin not eaten;167;26,9;5,98;-;-
2706112;Turkey, dark meat, roasted, skin eaten;202;26,5;10,2;0,05;-
2706113;Turkey, light and dark meat, roasted, skin not eaten;151;28;3,76;-;-
2706114;Turkey, light and dark meat, roasted, skin eaten;183;27,5;7,54;0,04;-
2706115;Turkey, light or dark meat, fried, coated, skin not eaten;165;27,2;5,06;1,42;-
2706116;Turkey, light or dark meat, fried, coated, skin eaten;192;26,2;8,51;1,42;-
2706117;Turkey, light or dark meat, stewed, skin not eaten;158;31,2;2,66;0,19;-
2706118;Turkey light or dark meat, stewed, skin eaten;204;30,2;8,52;0,14;-
2706119;Turkey, light or dark meat, smoked, skin eaten;208;28,1;9,7;-;-
2706120;Turkey, light or dark meat, smoked, skin not eaten;162;29,3;5;-;-
2706121;Turkey, drumstick, cooked, skin not eaten;144;28,5;3,38;-;-
2706122;Turkey, drumstick, cooked, skin eaten;206;27,6;9,74;-;-
2706123;Turkey, drumstick, roasted, skin not eaten;144;28,5;3,38;-;-
2706124;Turkey, drumstick, roasted, skin eaten;203;26,9;10,1;-;-
2706125;Turkey, thigh, cooked, skin eaten;182;24,4;9,26;0,27;-
2706126;Turkey, thigh, cooked, skin not eaten;161;26,9;5,98;-;-
2706127;Turkey, neck;161;22,3;7,3;-;-
2706128;Turkey, wing, cooked, skin not eaten;139;28,8;2,06;-;-
2706129;Turkey, wing, cooked, skin eaten;202;26,9;9,97;-;-
2706130;Turkey, tail;294;22,2;22,8;-;-
2706131;Turkey, back;203;25,6;11,3;-;-
2706132;Turkey, canned;185;25,3;8,1;0,9;-
2706133;Turkey, ground;211;26,9;11,5;-;-
2706134;Turkey, nuggets;236;22,2;8,66;17,1;1,1
2706135;Turkey bacon, cooked;368;29,5;25,9;4,24;-
2706136;Turkey bacon, reduced sodium, cooked;253;13,3;20;4,8;-
2706137;Duck, cooked, skin eaten;336;18,9;28,2;-;-
2706138;Duck, cooked, skin not eaten;200;23,4;11,2;-;-
2706139;Duck, roasted, skin eaten;336;18,9;28,2;-;-
2706140;Duck, roasted, skin not eaten;200;23,4;11,2;-;-
2706141;Duck, Peking;154;5,32;11,8;6,47;0,3
2706142;Goose, wild, roasted;304;25,1;21,8;-;-
2706143;Cornish game hen, cooked, skin eaten;257;22,1;18,1;-;-
2706144;Cornish game hen, cooked, skin not eaten;133;23,1;3,84;-;-
2706145;Cornish game hen, roasted, skin eaten;257;22,1;18,1;-;-
2706146;Cornish game hen, roasted, skin not eaten;133;23,1;3,84;-;-
2706147;Dove, cooked, NS as to cooking method;212;23,8;13;-;-
2706148;Dove, fried;223;23,1;13,8;1,46;-
2706149;Quail, cooked;226;25;14;-;-
2706150;Pheasant, cooked;238;32,3;12;-;-
2706151;Baby Toddler chicken;130;13,7;7,9;0,1;-
2706152;Baby Toddler turkey;111;11,5;6,2;1,4;-
2706153;Liver, beef;174;26,3;4,64;5,12;-
2706154;Liver, chicken;189;20;8,69;6,48;0,2
2706155;Liver, paste or pate;201;13,4;13,1;6,55;-
2706156;Heart;164;28,2;4,69;0,15;-
2706157;Kidney;157;27;4,61;-;-
2706158;Sweetbreads;124;22,5;3,08;-;-
2706159;Brains;150;11,6;10,4;1,47;-
2706160;Tongue;282;19,1;22,1;-;-
2706161;Tongue pot roast, Puerto Rican style;317;21;25;0,32;0,1
2706162;Tripe;89;12,6;3,85;-;-
2706163;Chitterlings;231;12,4;20,2;-;-
2706164;Hog maws;250;26,5;16;-;-
2706165;Gizzard;153;30,2;2,66;-;-
2706166;Hot dog, NFS;310;11,7;28;2,89;-
2706167;Hot dog, beef;310;11,7;28;2,89;-
2706168;Hot dog, meat and poultry;277;9,72;24,2;5,02;-
2706169;Hot dog, reduced fat;216;13,8;15,7;5,1;-
2706170;Hot dog, turkey;223;12,2;17,3;3,81;-
2706171;Beef sausage;341;13,3;28,7;3,37;-
2706172;Beef sausage with cheese;341;13,6;28,5;3,75;-
2706173;Blood sausage;379;14,6;34,5;1,29;-
2706174;Bratwurst;333;13,7;29,2;2,85;-
2706175;Bratwurst, with cheese;334;14;29;3,28;-
2706176;Bologna;281;10,3;23,8;6,31;-
2706177;Bologna, reduced fat;204;11,8;14,8;5,2;-
2706178;Bologna, reduced sodium;281;10,3;23,8;6,31;-
2706179;Chorizo;341;19,3;28,1;2,63;-
2706180;Head cheese;157;13,8;10,9;-;-
2706181;Knockwurst;307;11,1;27,7;3,2;-
2706182;Mortadella;311;16,4;25,4;3,05;-
2706183;Pastrami, NFS;147;21,8;5,82;0,36;-
2706184;Pastrami, made from any kind of meat, reduced fat;115;18,6;3,69;0,64;-
2706185;Pepperoni, NFS;504;19,2;46,3;1,18;-
2706186;Pepperoni, reduced fat;378;21,1;31,6;0,72;-
2706187;Pepperoni, reduced sodium;504;19,2;46,3;1,18;-
2706188;Polish sausage;337;12,4;29,7;5,03;-
2706189;Italian sausage;317;18,2;26,2;2,15;-
2706190;Sausage, NFS;325;18,5;27,2;1,42;-
2706191;Pork sausage;325;18,5;27,2;1,42;-
2706192;Pork sausage, reduced fat;267;20,9;20,3;0,15;-
2706193;Pork sausage, reduced sodium;233;19,9;11,1;13,2;-
2706194;Pork and beef sausage;333;15,9;28;2,4;-
2706195;Salami, NFS;378;21,1;31,6;0,72;-
2706196;Salami, made from any type of meat, reduced fat;172;19,2;9,21;1,55;0,1
2706197;Salami, made from any type of meat, reduced sodium;378;21,1;31,6;0,72;-
2706198;Scrapple, cooked;227;8,57;14,8;15;0,3
2706199;Thuringer;362;17,4;30,4;3,33;-
2706200;Turkey or chicken sausage;193;19,6;12,2;1,09;-
2706201;Turkey or chicken sausage, reduced sodium;230;20;10,7;13,3;-
2706202;Turkey or chicken and pork sausage;307;22,7;23;0,7;-
2706203;Vienna sausage, canned;230;10,5;19,4;2,6;-
2706204;Pickled sausage;314;18,1;26;2,13;-
2706205;Luncheon meat, NFS;101;16,7;3,73;0,27;-
2706206;Ham, prepackaged or deli, luncheon meat;101;16,7;3,73;0,27;-
2706207;Ham, prepackaged or deli, luncheon meat, reduced sodium;101;16,7;3,73;0,27;-
2706208;Chicken, prepackaged or deli, luncheon meat;98;17,4;1,86;2,92;-
2706209;Chicken, prepackaged or deli, luncheon meat, reduced sodium;98;17,4;1,86;2,92;-
2706210;Ham luncheon meat, loaf type;117;18;4,39;1,57;-
2706211;Spam;315;13,4;26,6;4,6;-
2706212;Spam, reduced sodium;293;12,5;25,1;3,4;-
2706213;Liverwurst;327;14,5;28,5;3,1;-
2706214;Luncheon meat, loaf type;225;11,2;16;8,46;1,5
2706215;Turkey, prepackaged or deli, luncheon meat;106;14,8;3,77;2,2;-
2706216;Turkey, prepackaged or deli, luncheon meat, reduced sodium;106;14,8;3,77;2,2;-
2706217;Turkey ham, prepackaged or deli, luncheon meat;106;14,8;3,77;2,2;-
2706218;Beef, prepackaged or deli, luncheon meat;115;18,6;3,69;0,64;-
2706219;Beef, prepackaged or deli, luncheon meat, reduced sodium;115;18,6;3,69;0,64;-
2706220;Meat spread or potted meat, NFS;235;7,66;17,3;11,9;0,2
2706221;Chicken salad spread;200;11,6;13,5;7,41;-
2706222;Ham salad spread;216;8,68;15,5;10,6;-
2706223;Fish, raw;94;17,2;2,34;-;-
2706224;Fish, NFS;238;19,3;14,5;6,64;0,3
2706225;Fish, NS as to type, baked or broiled;208;23;12,4;0,01;-
2706226;Fish, NS as to type, baked or broiled, coated;223;20,7;11,7;7,79;0,3
2706227;Fish, NS as to type, fried;269;16;17,2;11,7;0,5
2706228;Fish, NS as to type, steamed;171;23,4;8,11;-;-
2706229;Fish, canned;156;23,2;6,3;-;-
2706230;Fish, smoked;116;25,2;0,96;-;-
2706231;Fish, stick;277;11;16,2;21,7;1,5
2706232;Fish, anchovy;210;28,9;9,71;-;-
2706233;Fish, carp;213;20;10,7;7,79;0,3
2706234;Fish, catfish, NFS;255;13,5;16,7;11,7;0,5
2706235;Fish, catfish, baked or broiled;189;18,9;11,9;0,01;-
2706236;Fish, catfish, grilled;171;19,3;9,8;-;-
2706237;Fish, catfish, baked or broiled, coated;205;17,2;11,1;7,79;0,3
2706238;Fish, catfish, fried;255;13,5;16,7;11,7;0,5
2706239;Fish, catfish, steamed;150;19,2;7,5;-;-
2706240;Fish, cod, NFS;217;13,5;12,5;11,7;0,5
2706241;Fish, cod, baked or broiled;126;19;5,04;0,01;-
2706242;Fish, cod, grilled;108;19,4;2,79;-;-
2706243;Fish, cod, baked or broiled, coated;152;17,3;5,28;7,79;0,3
2706244;Fish, cod, fried;217;13,5;12,5;11,7;0,5
2706245;Fish, cod, steamed;87;19,3;0,52;-;-
2706246;Fish, croaker;189;19,9;8,17;7,79;0,3
2706247;Fish, eel;273;20,6;17,1;7,79;0,3
2706248;Fish, flounder, NFS;128;15,4;6,93;0,01;-
2706249;Fish, flounder, baked or broiled;128;15,4;6,93;0,01;-
2706250;Fish, flounder, grilled;109;15,7;4,72;-;-
2706251;Fish, flounder, baked or broiled, coated;153;14,3;6,87;7,79;0,3
2706252;Fish, flounder, fried;217;11,4;13,6;11,7;0,5
2706253;Fish, flounder, steamed;88;15,7;2,44;-;-
2706254;Fish, haddock, NFS;217;14,3;12,5;11,7;0,5
2706255;Fish, haddock, baked or broiled;126;20,3;5,1;0,01;-
2706256;Fish, haddock, grilled;108;20,7;2,84;-;-
2706257;Fish, haddock, baked or broiled, coated;152;18,4;5,32;7,79;0,3
2706258;Fish, haddock, fried;217;14,3;12,5;11,7;0,5
2706259;Fish, haddock, steamed;87;20,6;0,57;-;-
2706260;Fish, halibut;175;20,7;6,24;7,79;0,3
2706261;Fish, herring;245;20,1;14,3;7,79;0,3
2706262;Fish, pickled;262;14,2;18;9,64;-
2706263;Fish, mackerel, NFS;237;24,9;14,3;0,01;-
2706264;Fish, mackerel, baked or broiled;237;24,9;14,3;0,01;-
2706265;Fish, mackerel, grilled;221;25,4;12,3;-;-
2706266;Fish, mackerel, baked or broiled, coated;245;22,3;13,1;7,79;0,3
2706267;Fish, mackerel, fried;284;17,2;18,2;11,7;0,5
2706268;Fish, mackerel, canned;156;23,2;6,3;-;-
2706269;Fish, mullet;202;21,6;8,82;7,79;0,3
2706270;Fish, perch, NFS;224;13,6;13,3;11,7;0,5
2706271;Fish, perch, baked or broiled;139;19;6,45;0,01;-
2706272;Fish, perch, grilled;121;19,4;4,22;-;-
2706273;Fish, perch, baked or broiled, coated;163;17,3;6,46;7,79;0,3
2706274;Fish, perch, fried;224;13,6;13,3;11,7;0,5
2706275;Fish, perch, steamed;115;24,5;1,16;-;-
2706276;Fish, pike;172;21,5;5,58;7,79;0,3
2706277;Fish, pompano, NFS;244;23;16,3;0,01;-
2706278;Fish, pompano, baked or broiled;244;23;16,3;0,01;-
2706279;Fish, pompano, grilled;228;23,4;14,3;-;-
2706280;Fish, pompano, baked or broiled, coated;252;20,6;14,8;7,79;0,3
2706281;Fish, pompano, fried;289;16;19,4;11,7;0,5
2706282;Fish, pompano, steamed;207;23,4;12;-;-
2706283;Fish, snapper;185;22,8;6,26;7,79;0,3
2706284;Fish, salmon, raw;188;20,4;11,2;-;-
2706285;Fish, salmon, NFS;274;25,4;18,4;0,01;-
2706286;Fish, salmon, baked or broiled;274;25,4;18,4;0,01;-
2706287;Fish, salmon, grilled;259;25,9;16,5;-;-
2706288;Fish, salmon, baked or broiled, coated;277;22,7;16,6;7,79;0,3
2706289;Fish, salmon, fried;307;17,4;20,7;11,7;0,5
2706290;Fish, salmon, steamed;237;25,8;14,1;-;-
2706291;Fish, salmon, canned;136;24,6;4,21;-;-
2706292;Fish, salmon, smoked;117;18,3;4,32;-;-
2706293;Fish, sardines, canned;208;24,6;11,4;-;-
2706294;Fish, bass, NFS;161;22,9;7,02;0,01;-
2706295;Fish, bass, baked or broiled;161;22,9;7,02;0,01;-
2706296;Fish, bass, grilled;143;23,4;4,8;-;-
2706297;Fish, bass, baked or broiled, coated;182;20,6;6,95;7,79;0,3
2706298;Fish, bass, fried;238;15,9;13,7;11,7;0,5
2706299;Fish, bass, steamed;123;23,3;2,53;-;-
2706300;Fish, shark;216;23,3;9,58;7,79;0,3
2706301;Fish, swordfish;231;21,9;11,8;7,79;0,3
2706302;Fish, trout, NFS;271;17,1;16,9;11,7;0,5
2706303;Fish, trout, baked or broiled;216;24,8;12,2;0,01;-
2706304;Fish, trout, grilled;199;25,3;10,1;-;-
2706305;Fish, trout, baked or broiled, coated;228;22,2;11,3;7,79;0,3
2706306;Fish, trout, fried;271;17,1;16,9;11,7;0,5
2706307;Fish, trout, steamed;178;25,2;7,81;-;-
2706308;Fish, tuna, raw;109;24,4;0,49;-;-
2706309;Fish, tuna, NFS;85;19;0,94;0,08;-
2706310;Fish, tuna, cooked;176;30,3;5,14;0,01;-
2706311;Fish, tuna, canned;85;19;0,94;0,08;-
2706312;Fish, whiting, NFS;233;15,8;13,2;11,7;0,5
2706313;Fish, whiting, baked or broiled;153;22,8;6,16;0,01;-
2706314;Fish, whiting, grilled;134;23,2;3,93;-;-
2706315;Fish, whiting, baked or broiled, coated;174;20,5;6,22;7,79;0,3
2706316;Fish, whiting, fried;233;15,8;13,2;11,7;0,5
2706317;Fish, whiting, steamed;114;23,1;1,66;-;-
2706318;Fish, tilapia, NFS;160;25;6,65;0,01;-
2706319;Fish, tilapia, baked or broiled;160;25;6,65;0,01;-
2706320;Fish, tilapia, grilled;142;25,5;4,42;-;-
2706321;Fish, tilapia, baked or broiled, coated;180;22,3;6,63;7,79;0,3
2706322;Fish, tilapia, fried;237;17,2;13,5;11,7;0,5
2706323;Fish, tilapia, steamed;121;25,4;2,15;-;-
2706324;Fish, white, mixed species, NFS;143;22;5,85;0,01;-
2706325;Fish, white, mixed species, baked or broiled;143;22;5,85;0,01;-
2706326;Fish, white, mixed species, baked or broiled, coated;166;19,8;5,95;7,79;0,3
2706327;Fish, white, mixed species, fried;227;15,3;13;11,7;0,5
2706328;Fish, white, mixed species, steamed;104;22,3;1,33;-;-
2706329;Fish, white, mixed species, grilled;125;22,4;3,6;-;-
2706330;Frog legs;220;14,4;12,4;11,7;0,5
2706331;Octopus;226;13,2;13;13,4;0,5
2706332;Caviar;264;24,6;17,9;4;-
2706333;Calamari, cooked;155;19,4;6,25;3,83;-
2706334;Calamari, fried;234;13,8;13,2;14,1;0,5
2706335;Turtle;157;24,6;5,8;-;-
2706336;Shellfish, NFS;146;15,5;6,67;4,9;0,2
2706337;Abalone;177;21,2;6,12;7,46;-
2706338;Clams, raw;86;14,7;0,96;3,57;-
2706339;Clams, NFS;143;16,1;5,2;6,74;0,1
2706340;Clams, baked or broiled;148;18,2;5,73;4,44;-
2706341;Clams, fried;230;13,1;12,9;14,4;0,5
2706342;Clams, steamed or boiled;109;18,6;1,22;4,52;-
2706343;Clams, canned;108;18,3;1,2;4,46;-
2706344;Crab;83;17,9;0,74;-;-
2706345;Crab, canned;83;17,9;0,74;-;-
2706346;Crab, soft shell;227;15,5;12,7;11,7;0,5
2706347;Crayfish, fried;223;14,1;12,9;11,7;0,5
2706348;Crayfish, cooked;97;20,2;1,2;-;-
2706349;Lobster;97;20,9;0,95;-;-
2706350;Mussels;109;15,1;2,84;4,67;-
2706351;Oysters, raw;51;5,71;1,71;2,72;-
2706352;Oysters, baked or broiled;104;7,11;6,66;3,39;-
2706353;Oysters, steamed;65;7,23;2,16;3,44;-
2706354;Oysters, fried;203;6,26;13,5;13,8;0,5
2706355;Oysters, canned;74;7,67;2,68;4,25;-
2706356;Scallops, baked or broiled;126;15;5,14;3,96;-
2706357;Scallops, grilled;108;15,3;2,89;4,04;-
2706358;Scallops, steamed or boiled;87;15,2;0,62;4,02;-
2706359;Scallops, fried;217;11,1;12,5;14,1;0,5
2706360;Shrimp, NFS;146;15,5;6,67;4,9;0,2
2706361;Shrimp, baked or broiled;129;16,9;5,79;1,14;-
2706362;Shrimp, grilled;110;17,3;3,55;1,16;-
2706363;Shrimp, steamed or boiled;90;17,2;1,28;1,15;-
2706364;Shrimp, fried;218;12,3;12,9;12,4;0,5
2706365;Shrimp, baked or broiled, coated;154;15,6;5,91;8,74;0,3
2706366;Shrimp, dried;250;51;3,4;-;-
2706367;Shrimp, canned;100;20,4;1,36;-;-
2706368;Escargot;158;20;6,91;2,48;-
2706369;Barbecue meat, NFS;226;18,1;11,2;12,2;0,3
2706370;Beef with tomato-based sauce;149;21,7;6,36;1,58;0,4
2706371;Beef burgundy;148;18,5;6;4,19;0,8
2706372;Guisada, beef;115;10,8;6,62;2,52;0,5
2706373;Chili, NFS;118;9,8;4,33;10,2;3
2706374;Chili with meat, from restaurant;160;12;9,35;6,68;1,9
2706375;Chili with meat and beans;118;9,8;4,33;10,2;3
2706376;Chili with meat, canned;106;8,5;3,38;10,8;3,2
2706377;Chili with meat;139;13,3;8,22;2,41;0,5
2706378;Sloppy joe, no bun;140;12,1;7,63;5,48;0,7
2706379;Beef with gravy;156;21,6;7,05;1,58;-
2706380;Salisbury steak with gravy;149;6,98;10,5;6,78;1
2706381;Beef with cream or white sauce;185;22,5;9,31;2,75;-
2706382;Beef stroganoff;150;10,1;9,33;6,21;0,7
2706383;Creamed chipped or dried beef;133;7,65;8,05;7,57;0,1
2706384;Swedish meatballs with cream or white sauce;170;12,5;10,3;6,29;0,2
2706385;Beef with mushroom sauce;163;22;7,54;1,83;0,1
2706386;Beef with soy-based sauce;187;15,9;12,4;3,35;0,5
2706387;Steak teriyaki;198;28,9;8,25;1,94;-
2706388;Beef curry;113;7,57;6,57;6,53;1,4
2706389;Beef curry with rice;119;5,61;4,05;15,1;1
2706390;Barbecue beef, with sauce;228;19,8;10,8;12,2;0,3
2706391;Barbecue beef, no sauce;252;28;15,2;-;-
2706392;Beef with sweet and sour sauce;211;9,29;12,8;14,2;0,6
2706393;Stewed seasoned ground beef, Mexican style;169;14,3;11,4;1,28;0,2
2706394;Steak tartare;216;17,4;15,6;0,34;0,2
2706395;Meatballs, Puerto Rican style;225;14,3;15,3;6,9;0,8
2706396;Stewed seasoned ground beef, Puerto Rican style;278;13,8;22,8;3,83;0,9
2706397;Stewed dried beef, Puerto Rican style;258;17,7;19,1;3,91;0,8
2706398;Ham or pork with gravy;160;20,2;7,49;1,58;-
2706399;Barbecue pork, with sauce;226;17,6;11,3;12,2;0,3
2706400;Barbecue pork, no sauce;249;24,8;15,9;-;-
2706401;Sweet and sour pork;260;8,88;13,6;25,5;1
2706402;Ham stroganoff;131;7,62;8,85;5,19;0,7
2706403;Ham or pork with mushroom sauce;167;20,6;7,98;1,84;0,1
2706404;Ham or pork with tomato-based sauce;153;20,3;6,8;1,59;0,4
2706405;Sausage with tomato-based sauce;234;13,3;19,1;2,58;0,4
2706406;Sausage gravy;180;6,78;13,6;7,65;0,1
2706407;Guisada, pork;118;10,3;7,09;2,52;0,5
2706408;Pork or ham with soy-based sauce;190;14,9;12,7;3,35;0,5
2706409;Chili hot dog, no bun;202;10;15;7,09;1,7
2706410;Frankfurters or hot dogs with tomato-based sauce;223;8,52;19,6;3,6;0,4
2706411;Pork with chili and tomatoes;95;11,6;3,99;2,68;0,9
2706412;Stewed pork, Puerto Rican style;200;17,9;12,7;2,75;0,6
2706413;Lamb or mutton with gravy;219;17,3;15,4;1,58;-
2706414;Stewed goat, Puerto Rican style;265;22,3;18,1;1,98;0,5
2706415;Veal scallopini;241;18,7;17,5;1,47;0,4
2706416;Veal Marsala;175;17,8;8,54;6,74;0,5
2706417;Veal parmigiana;204;15,3;11,9;8,33;0,8
2706418;Veal cordon bleu;219;23,7;9,69;9,34;0,6
2706419;Venison or deer with tomato-based sauce;140;25,6;2,84;1,59;0,4
2706420;Venison or deer with gravy;147;25,5;3,53;1,58;-
2706421;Chicken or turkey cacciatore;174;13,2;10,6;6,92;1,1
2706422;Spaghetti sauce with poultry;75;6,29;2,62;6,54;1,5
2706423;Spaghetti sauce with poultry and added vegetables;71;6,39;2,39;6,05;1,4
2706424;Stewed chicken with tomato-based sauce, Mexican style;120;12;7,06;2,48;0,4
2706425;Chili with chicken and beans;99;10,2;2,08;10,2;3
2706426;Chili with chicken;100;14,1;3,71;2,41;0,5
2706427;Chili, white;95;9,92;1,91;9,68;2,4
2706428;Chicken with gravy;129;18,9;5,21;1,58;-
2706429;Chicken or turkey fricassee;121;10,7;7,16;3,54;0,1
2706430;Turkey with gravy;125;20,5;3,46;1,58;-
2706431;Chicken or turkey with cream sauce;157;19,8;7,48;2,75;-
2706432;Chicken or turkey with mushroom sauce;136;19,3;5,7;1,84;0,1
2706433;Chicken or turkey with teriyaki;163;25,7;5,96;1,62;-
2706434;Barbecue chicken;167;19;4,64;12,2;0,3
2706435;Sweet and sour chicken or turkey;250;10,1;12,6;23,9;1
2706436;Sweet and sour chicken or turkey, without vegetables;250;10,1;12,6;23,9;1
2706437;Chicken curry;107;6,48;6,48;6,54;1,4
2706438;Chicken curry with rice;116;4,96;4;15,1;1
2706439;Chicken with mole sauce;137;19;5,58;3,22;0,3
2706440;Chicken or turkey with cheese sauce;173;21,8;8,9;1,64;-
2706441;Chicken or turkey cordon bleu;210;22,6;9,17;9,29;0,6
2706442;Chicken or turkey parmigiana;174;16,2;8,34;8,3;0,8
2706443;Orange chicken;262;14,5;12,7;22,5;0,8
2706444;Sesame chicken;293;14,3;14,2;26,9;0,7
2706445;Chicken kiev;280;21,3;19,2;5,45;0,1
2706446;Stuffed chicken, drumstick or breast, Puerto Rican style;236;28,4;10,5;6,51;0,3
2706447;Fish with cream or white sauce, not tuna or lobster;116;17;3,64;2,75;-
2706448;Fish timbale or mousse;149;10,1;11;1,96;-
2706449;Shrimp cocktail;99;13,2;1,22;7,92;0,4
2706450;Tuna with cream or white sauce;102;14,4;3,71;2,81;-
2706451;Seafood thermidor;251;10,6;21,2;4,66;0,1
2706452;Seafood sauce;203;8,53;17,4;2,51;0,1
2706453;Spaghetti sauce with seafood;64;5,33;1,48;7,09;1,5
2706454;Spaghetti sauce with seafood and added vegetables;60;5,43;1,25;6,6;1,4
2706455;Shrimp with lobster sauce;151;16,8;7,85;2,16;-
2706456;Sweet and sour shrimp;172;5,92;9,22;16,2;0,6
2706457;Fish sauce;35;5,06;0,01;3,64;-
2706458;Shrimp scampi;192;15,4;13;2,27;0,2
2706459;Fish with tomato-based sauce;80;16,3;0,69;1,59;0,4
2706460;Fish curry;93;4,94;5,42;6,65;1,4
2706461;Fish curry with rice;107;4,03;3,36;15,2;1
2706462;Shrimp teriyaki;120;21,6;1,56;3,34;-
2706463;Ceviche;63;10,5;0,76;3,58;0,5
2706464;Crabs in tomato-based sauce, Puerto Rican style;144;12,5;8,9;2,92;0,6
2706465;Shrimp in garlic sauce, Puerto Rican style;281;11,6;25;2,45;0,2
2706466;Stew, fish;46;7,63;0,42;2,75;0,5
2706467;Meatballs, NS as to type of meat, with sauce;186;18;12;0,15;-
2706468;Meat loaf, Puerto Rican style;325;19,8;22;10,7;0,6
2706469;Meat with tomato-based sauce;149;21,7;6,36;1,58;0,4
2706470;Spaghetti sauce with meat;90;5,94;4,36;6,54;1,5
2706471;Spaghetti sauce with meat and added vegetables;86;6,03;4,13;6,05;1,4
2706472;Stewed, seasoned, ground beef and pork, Mexican style;139;16,7;6,98;1,45;0,2
2706473;Meat with gravy, NS as to type of meat,;156;21,6;7,05;1,58;-
2706474;Beef and potatoes, no sauce;133;7,92;4,93;14,5;1,3
2706475;Beef and potatoes with cream sauce, white sauce or mushroom sauce;100;8,04;3,79;8,66;0,7
2706476;Beef, roast, hash;140;13,2;5,1;10,7;1
2706477;Corned beef hash;164;8,73;10,2;9,27;1,1
2706478;Beef and potatoes with cheese sauce;126;8,15;5,6;11,1;0,9
2706479;Stewed, seasoned, ground beef with potatoes, Mexican style;137;10,4;7,88;5,6;0,8
2706480;Beef and noodles, no sauce;189;11,4;8,41;16,2;0,8
2706481;Beef and macaroni with cheese sauce;137;9,12;5,42;12,3;0,5
2706482;Beef and noodles with tomato-based sauce;115;8,74;3,93;10,7;0,4
2706483;Chili with macaroni;126;8,99;3,65;14,4;2,8
2706484;Beef and noodles with gravy;139;7,7;5,07;15,4;0,7
2706485;Beef and noodles with cream or white sauce;140;7,86;5,33;15;0,6
2706486;Beef stroganoff with noodles;129;7,76;6,8;8,99;0,7
2706487;Beef and noodles with mushroom sauce;136;7,54;5,14;15;0,8
2706488;Beef and noodles with soy-based sauce;173;13,2;10;7,54;0,6
2706489;Beef and rice, no sauce;146;7,27;5;17,2;0,2
2706490;Biryani with meat;145;8,5;6,79;12,2;1
2706491;Beef and rice with tomato-based sauce;136;6,39;5,15;15,9;0,7
2706492;Porcupine balls with tomato-based sauce;153;10,4;6,21;13,4;0,6
2706493;Beef and rice with gravy;137;6,28;5,12;16;0,2
2706494;Beef and rice with cream sauce;139;6,7;5,24;15,9;0,2
2706495;Beef and rice with mushroom sauce;135;6,25;5,18;15,5;0,4
2706496;Porcupine balls with mushroom sauce;157;10,3;7,76;10,7;0,5
2706497;Beef and rice with soy-based sauce;178;13,6;10,3;7,96;0,5
2706498;Beef and rice with cheese sauce;142;8,08;5,35;14,7;0,4
2706499;Meat loaf made with beef;199;17,5;10,7;7,2;0,4
2706500;Meat loaf made with beef, with tomato-based sauce;159;13,8;8,35;6,77;0,7
2706501;Beef wellington;368;19,2;27,4;10,2;0,4
2706502;Corned beef patty;164;8,73;10,2;9,27;1,1
2706503;Beef stew with potatoes, Puerto Rican style;220;14,6;14,8;6,53;1
2706504;Meat loaf made with ham;179;20,6;7,52;6,16;0,3
2706505;Ham and noodles with cream or white sauce;139;6,81;5,44;15,3;0,6
2706506;Ham and rice with mushroom sauce;136;5,37;5,19;16,3;0,4
2706507;Ham or pork with stuffing;143;6,26;8,27;10,4;0,4
2706508;Ham croquette;273;18;20,7;2,6;0,2
2706509;Pork and rice with tomato-based sauce;140;6,42;5;16,8;0,7
2706510;Sausage and rice with tomato-based sauce;134;4,63;5,49;16,4;0,7
2706511;Sausage and rice with mushroom sauce;142;4,86;6,02;16,8;0,4
2706512;Sausage and rice with cheese sauce;151;6,32;7,61;13,9;0,2
2706513;Sausage and noodles with cream or white sauce;153;5,91;7,8;14,8;0,6
2706514;Ham and noodles, no sauce;144;7,15;5,54;15,9;0,8
2706515;Ham or pork and rice, no sauce;143;6,73;4,99;16,8;0,2
2706516;Ham or pork and potatoes with gravy;126;5,4;6,33;11,7;0,9
2706517;Ham or pork and potatoes with cheese sauce;127;7,86;5,69;11,1;0,9
2706518;Stewed pig's feet, Puerto Rican style;136;9,99;8,7;4,13;0,5
2706519;Stew, pork;109;8,35;5,42;6,29;1,3
2706520;Stew, pork, with pasta;133;9,35;5,58;10,8;1,1
2706521;Lamb or mutton loaf;192;14;11,6;7,44;0,3
2706522;Lamb or mutton and potatoes with gravy;129;5,13;6,46;12,5;1
2706523;Lamb or mutton and potatoes with tomato-based sauce;126;5,26;6,22;12,5;1,5
2706524;Lamb or mutton and noodles with gravy;141;6,8;5,48;15,6;0,7
2706525;Meat loaf made with venison/deer;166;19;6,73;6,31;0,4
2706526;Venison or deer and noodles with cream or white sauce;141;8,37;5,37;14,5;0,6
2706527;Chicken or turkey hash;110;9,57;4,1;8,27;1,3
2706528;Chicken or turkey and potatoes with gravy;122;7,47;6,35;9,04;0,9
2706529;Chicken or turkey and noodles, no sauce;148;7,73;6,14;15,5;0,7
2706530;Chicken or turkey and noodles with gravy;140;6,99;5,67;15,2;0,7
2706531;Chicken or turkey and noodles with mushroom sauce;136;6,92;5,46;14,9;0,8
2706532;Chicken or turkey and noodles with cream or white sauce;140;7,39;5,51;15,2;0,6
2706533;Chicken or turkey and noodles with cheese sauce;146;8,95;6,16;13,6;0,6
2706534;Chicken or turkey tetrazzini;119;12;4,79;6,96;0,5
2706535;Chicken or turkey and noodles with tomato-based sauce;137;7,12;5,44;15,2;1,1
2706536;Chicken or turkey and noodles with soy-based sauce;157;11,6;9,02;7,6;0,6
2706537;Chicken or turkey and rice, no sauce;149;6,46;5,84;17;0,2
2706538;Biryani with chicken;104;7,15;2,38;13,6;1,1
2706539;Chicken or turkey and rice with cream sauce;136;8,13;5,86;12,8;0,5
2706540;Chicken or turkey and rice with mushroom sauce;135;5,67;5,48;15,4;0,4
2706541;Chicken or turkey and rice with tomato-based sauce;142;5,72;6,18;15,7;0,6
2706542;Chicken or turkey and rice with soy-based sauce;162;12;9,21;8,01;0,5
2706543;Chicken or turkey with dumplings;144;15,7;5,55;8,04;0,3
2706544;Chicken or turkey with stuffing;172;20;4,88;11,7;0,5
2706545;Chicken or turkey cake, patty, or croquette;262;20,8;18,8;2,59;0,2
2706546;Chicken or turkey souffle;171;11,7;11,3;5,59;0,1
2706547;Meat loaf made with chicken or turkey;172;18,8;7,27;8,08;0,6
2706548;Meat loaf made with chicken or turkey, with tomato-based sauce;145;15,5;6,2;7,29;0,8
2706549;Crab, cake;214;14,4;15;4,48;0,3
2706550;Fish, cake or patty;212;13,6;12,6;10,4;1,2
2706551;Gefilte fish;82;10,4;0,41;8,74;0,4
2706552;Fish, salmon cake or patty;285;16,1;22,1;4,46;0,3
2706553;Shrimp and noodles, no sauce;146;7,3;5,5;16,4;0,8
2706554;Shrimp and noodles with gravy;131;6,02;5,18;14,7;0,6
2706555;Shrimp and noodles with mushroom sauce;133;6,31;5,24;15;0,8
2706556;Shrimp and noodles with cream or white sauce;143;7,14;5,32;16,2;0,7
2706557;Shrimp and noodles with soy-based sauce;141;10,2;7,25;8,17;0,6
2706558;Shrimp and noodles with cheese sauce;136;8,18;5,37;13,4;0,6
2706559;Shrimp and noodles with tomato sauce;134;6,46;5,22;15,4;1,1
2706560;Tuna cake or patty;206;15,3;14,9;2,65;0,2
2706561;Clam cake or patty;246;19;15,4;6,79;0,2
2706562;Flounder with crab stuffing;136;15,1;5,52;5,73;0,3
2706563;Lobster with bread stuffing, baked;177;15;8,26;9,83;0,5
2706564;Clams Casino;162;11,8;7,9;10,3;1
2706565;Shrimp, cake or patty;218;13,9;15,3;5,26;0,3
2706566;Shrimp with crab stuffing;174;16,4;9,01;6,16;0,3
2706567;Shrimp toast;222;8,46;15,4;12;0,8
2706568;Imitation crab meat;95;7,62;0,46;15;0,5
2706569;Seafood souffle;153;9,94;9,98;5,56;0,1
2706570;Tuna noodle casserole with cream or white sauce;168;10,1;7,3;15,4;0,7
2706571;Tuna noodle casserole with mushroom sauce;139;9,02;5,18;13,9;0,8
2706572;Tuna and rice with mushroom sauce;128;4,57;5,17;15,4;0,4
2706573;Fish and rice with tomato-based sauce;135;5,41;5,12;16,5;0,7
2706574;Fish and rice with cream sauce;133;5,54;4,98;15,8;0,2
2706575;Fish and rice with mushroom sauce;135;5,34;5,16;16,1;0,4
2706576;Fish and noodles with mushroom sauce;131;6,3;5,11;14,8;0,8
2706577;Shellfish and noodles with tomato-based sauce;135;6,58;5,04;15,7;1,1
2706578;Stewed salmon, Puerto Rican style;146;12;7,02;8,47;1,3
2706579;Meat loaf, NS as to type of meat;202;17,5;11;7,2;0,4
2706580;Meatballs, with breading, NS as to type of meat, with gravy;143;12,2;7,51;6,28;0,4
2706581;Meat loaf made with beef and pork;196;17,3;10,5;7,18;0,4
2706582;Meat loaf made with beef, veal and pork;196;17,3;10,5;7,18;0,4
2706583;Meat loaf made with beef and pork, with tomato-based sauce;157;13,6;8,18;6,75;0,7
2706584;Hash, NS as to type of meat;164;8,73;10,2;9,27;1,1
2706585;Vienna sausages stewed with potatoes, Puerto Rican style;219;5,08;16,4;13,1;1,7
2706586;Stewed, seasoned, ground beef and pork with potatoes, Mexican style;143;12,8;8,02;4,16;0,6
2706587;Beef, potatoes, and vegetables including carrots, broccoli, and/or dark-green leafy; no sauce;126;6,93;5,15;13,5;1,8
2706588;Beef, potatoes, and vegetables, excluding carrots, broccoli, and dark-green leafy; no sauce;131;6,97;5,1;15;1,7
2706589;Corned beef, potatoes, and vegetables including carrots, broccoli, and/or dark-green leafy; no sauce;127;4,76;6;13,7;1,8
2706590;Corned beef, potatoes, and vegetables excluding carrots, broccoli, and dark-green leafy; no sauce;127;4,84;5,38;15,4;1,7
2706591;Stew, beef, canned;100;5;5,96;6,54;1,1
2706592;Stew, beef;107;8,76;5,07;6,29;1,3
2706593;Stew, beef, with pasta;132;9,76;5,23;10,8;1,1
2706594;Shepherd's pie;123;7,64;6,3;8,72;1,5
2706595;Beef, potatoes, and vegetables including carrots, broccoli, and/or dark-green leafy; gravy;129;5,23;7,16;11,2;1,4
2706596;Beef, potatoes, and vegetables excluding carrots, broccoli, and dark-green leafy; gravy;126;5,3;6,34;12,4;1,3
2706597;Beef, potatoes, and vegetables including carrots, broccoli, and/or dark-green leafy; cream sauce, white sauce, or mushroom sauce;127;5,28;7,06;11,1;1,4
2706598;Beef, potatoes, and vegetables excluding carrots, broccoli, and dark-green leafy; cream sauce, white sauce, or mushroom sauce;128;5,33;6,69;12,2;1,3
2706599;Beef, potatoes, and vegetables including carrots, broccoli, and/or dark-green leafy; tomato-based sauce;126;5,33;6,96;11,1;1,7
2706600;Beef, potatoes, and vegetables excluding carrots, broccoli, and dark-green leafy; tomato-based sauce;126;5,39;6,56;12,3;1,6
2706601;Beef, potatoes, and vegetables including carrots, broccoli, and/or dark-green leafy; cheese sauce;127;8,14;5,43;11,8;1,4
2706602;Beef, potatoes, and vegetables excluding carrots, broccoli, and dark-green leafy; cheese sauce;131;8,17;5,43;13;1,3
2706603;Beef, potatoes, and vegetables including carrots, broccoli, and/or dark-green leafy; soy-based sauce;149;11,8;8,82;5,96;1,1
2706604;Beef, potatoes, and vegetables excluding carrots, broccoli, and dark-green leafy; soy-based sauce;148;11,8;8,81;5,8;1
2706605;Beef, noodles, and vegetables including carrots, broccoli, and/or dark-green leafy; no sauce;148;8,71;5,19;16,7;1,5
2706606;Beef, noodles, and vegetables excluding carrots, broccoli, and dark-green leafy; no sauce;151;8,78;4,91;18,3;1,4
2706607;Beef chow mein or chop suey with noodles;129;10,8;4,89;11,2;1,5
2706608;Beef, noodles, and vegetables including carrots, broccoli, and/or dark-green leafy; soy-based sauce;139;10,3;7,58;7,6;1,2
2706609;Beef, noodles, and vegetables excluding carrots, broccoli, and dark-green leafy; soy-based sauce;139;10,4;7,64;7,44;1
2706610;Beef, noodles, and vegetables including carrots, broccoli, and/or dark-green leafy; tomato-based sauce;126;6,74;5,06;13,7;1,5
2706611;Beef, noodles, and vegetables excluding carrots, broccoli, and dark-green leafy; tomato-based sauce;130;6,77;5,07;14,9;1,4
2706612;Beef, noodles, and vegetables including carrots, broccoli, and/or dark-green leafy; mushroom sauce;125;6,6;5,06;13,6;1,2
2706613;Beef, noodles, and vegetables excluding carrots, broccoli, and dark-green leafy; mushroom sauce;129;6,63;5,03;14,6;1,1
2706614;Beef, noodles, and vegetables including carrots, broccoli, and/or dark-green leafy; gravy;127;6,65;5,04;13,8;1,1
2706615;Beef, noodles, and vegetables excluding carrots, broccoli, and dark-green leafy; gravy;131;6,68;5,05;14,9;1
2706616;Beef, rice, and vegetables including carrots, broccoli, and/or dark-green leafy; no sauce;149;7,54;4,86;18,4;1
2706617;Beef, rice, and vegetables excluding carrots, broccoli, and dark-green leafy; no sauce;149;7,62;4,29;20;0,9
2706618;Beef, rice, and vegetables including carrots, broccoli, and/or dark-green leafy; tomato-based sauce;131;5,85;5,4;14,9;1,1
2706619;Beef, rice, and vegetables excluding carrots, broccoli, and/or dark-green leafy; tomato-based sauce;132;5,91;4,99;16,1;1
2706620;Stuffed cabbage rolls with beef and rice;114;8,3;5,06;8,83;1,3
2706621;Stuffed grape leaves with beef and rice;228;8,15;17;11,3;3,1
2706622;Beef, rice, and vegetables including carrots, broccoli, and/or dark-green leafy; mushroom sauce;130;5,78;5,23;14,7;0,9
2706623;Beef, rice, and vegetables excluding carrots, broccoli, and dark-green leafy; mushroom sauce;133;5,81;5,23;15,7;0,8
2706624;Beef, rice, and vegetables including carrots, broccoli, and/or dark-green leafy; cheese sauce;147;8,58;5,51;15,5;0,8
2706625;Beef, rice, and vegetables excluding carrots, broccoli, and dark-green leafy; cheese sauce;143;8,18;5,24;15,8;0,7
2706626;Beef, rice, and vegetables including carrots, broccoli, and/or dark-green leafy; gravy;131;5,77;5,18;15;0,8
2706627;Beef, rice, and vegetables excluding carrots, broccoli, and dark-green leafy; gravy;135;5,8;5,18;16,1;0,7
2706628;Beef, rice, and vegetables including carrots, broccoli, and/or dark-green leafy; soy-based sauce;143;10,6;7,7;7,9;1,1
2706629;Beef, rice, and vegetables excluding carrots, broccoli, and dark-green leafy; soy-based sauce;145;10,9;7,96;7,75;0,9
2706630;Pot pie, beef;271;8,92;15,4;24;2
2706631;Beef, dumplings, and vegetables including carrots, broccoli, and/or dark-green leafy; gravy;127;6,15;6,36;11,7;0,9
2706632;Beef, dumplings, and vegetables excluding carrots, broccoli, and dark-green leafy; gravy;130;6,19;6,16;12,8;0,8
2706633;Stuffed green pepper, Puerto Rican style;152;8,89;5,84;15,6;1,7
2706634;Ham or pork, noodles and vegetables excluding carrots, broccoli, and dark-green leafy; no sauce;151;8,42;4,91;18,3;1,4
2706635;Ham or pork, noodles, and vegetables including carrots, broccoli, and/or dark-green leafy; no sauce;148;8,35;5,19;16,7;1,5
2706636;Ham or pork, noodles and vegetables excluding carrots, broccoli, and dark-green leafy; cheese sauce;155;9,18;6,42;15,3;1,1
2706637;Pork, potatoes, and vegetables including carrots, broccoli, and/or dark-green leafy; no sauce;128;6,55;5,43;13,4;1,8
2706638;Ham or pork, noodles, and vegetables including carrots, broccoli, and/or dark-green leafy; tomato-based sauce;125;6,48;5,02;13,8;1,5
2706639;Sausage, noodles, and vegetables excluding carrots, broccoli, and dark-green leafy; tomato-based sauce;131;5,26;5,69;15,3;1,4
2706640;Sausage, noodles, and vegetables including carrots, broccoli, and/or dark-green leafy; tomato-based sauce;127;5,22;5,69;14,2;1,5
2706641;Pork, potatoes, and vegetables including carrots, broccoli, and/or dark-green leafy; tomato-based sauce;128;5,03;7,06;11,2;1,7
2706642;Pork, potatoes, and vegetables excluding carrots, broccoli, and dark-green leafy; tomato-based sauce;127;5,12;6,64;12,3;1,6
2706643;Sausage, potatoes, and vegetables including carrots, broccoli, and/or dark-green leafy; gravy;128;3,73;7,53;11,6;1,4
2706644;Sausage, potatoes, and vegetables excluding carrots, broccoli, and dark-green leafy; gravy;128;3,78;7,12;12,8;1,3
2706645;Pork, potatoes, and vegetables including carrots, broccoli, and/or dark-green leafy; gravy;126;4,98;6,84;11,2;1,4
2706646;Pork, potatoes, and vegetables excluding carrots, broccoli, and dark-green leafy; gravy;126;5,03;6,43;12,4;1,3
2706647;Pork, potatoes, and vegetables excluding carrots, broccoli, and dark-green leafy; no sauce;133;6,59;5,44;14,9;1,7
2706648;Pork chow mein or chop suey with noodles;143;10,4;6,38;11,2;1,5
2706649;Pork, rice, and vegetables including carrots, broccoli, and/or dark-green leafy; soy-based sauce;144;9,96;7,89;7,9;1,1
2706650;Pork, rice, and vegetables excluding carrots, broccoli, and dark-green leafy; soy-based sauce;147;10,2;8,15;7,75;0,9
2706651;Pork, rice, and vegetables including carrots, broccoli, and/or dark-green leafy; tomato-based sauce;129;5,61;5,07;15;1,1
2706652;Pork, rice, and vegetables excluding carrots, broccoli, and dark-green leafy; tomato-based sauce;133;5,64;5,07;16,1;1
2706653;Ham, potatoes, and vegetables excluding carrots, broccoli, and dark-green leafy; no sauce;126;5,56;5,06;15;1,7
2706654;Ham, potatoes, and vegetables including carrots, broccoli, and/or dark-green leafy; no sauce;128;5,47;5,9;13,4;1,8
2706655;Sweet and sour pork with rice;187;9,81;8,83;16,5;0,6
2706656;Lamb or mutton, rice, and vegetables excluding carrots, broccoli, and dark-green leafy; gravy;136;5,05;5,51;16,3;0,7
2706657;Lamb or mutton, rice, and vegetables including carrots, broccoli, and/or dark-green leafy; tomato-based sauce;130;5,13;5,31;15,2;1,1
2706658;Lamb or mutton, rice, and vegetables  including carrots, broccoli, and/or dark-green leafy; gravy;133;5,02;5,5;15,2;0,8
2706659;Stuffed grape leaves with lamb and rice;271;8,17;21,5;11,9;3,3
2706660;Stew, lamb;117;8,19;6,39;6,29;1,3
2706661;Stewed rabbit, Puerto Rican style,;214;17,1;12,7;6,83;1
2706662;Venison or deer, potatoes, and vegetables including carrots, broccoli, and/or dark-green leafy; gravy;127;5,95;6,5;11,2;1,4
2706663;Venison or deer, potatoes, and vegetables excluding carrots, broccoli, and dark-green leafy; gravy;127;6,01;6,1;12,3;1,3
2706664;Venison or deer, noodles, and vegetables including carrots, broccoli, and/or dark-green leafy; tomato-based sauce;130;7,43;5,11;13,6;1,5
2706665;Venison or deer, noodles, and vegetables excluding carrots, broccoli, and dark-green leafy; tomato-based sauce;134;7,47;5,11;14,8;1,4
2706666;Chicken or turkey, potatoes, corn, and cheese, with gravy;123;4,51;6,11;13,3;1,1
2706667;Chicken or turkey, potatoes, and vegetables including carrots, broccoli, and/or dark-green leafy; no sauce;129;6,16;5,97;13,3;1,8
2706668;Chicken or turkey, potatoes, and vegetables excluding carrots, broccoli, and dark-green leafy; no sauce;132;6,21;5,7;14,8;1,7
2706669;Chicken or turkey, potatoes, and vegetables including carrots, broccoli, and/or dark-green leafy; gravy;123;4,72;6,82;11,2;1,4
2706670;Chicken or turkey, potatoes, and vegetables excluding carrots, broccoli, and dark-green leafy; gravy;127;4,75;6,82;12,3;1,3
2706671;Chicken or turkey, potatoes, and vegetables including carrots, broccoli, and/or dark-green leafy; cream sauce, white sauce, or mushroom sauce;126;4,79;7,12;11,1;1,4
2706672;Chicken or turkey, potatoes, and vegetables excluding carrots, broccoli, and dark-green leafy; cream sauce, white sauce, or mushroom sauce;126;4,84;6,75;12,1;1,3
2706673;Chicken or turkey, potatoes, and vegetables including carrots, broccoli, and/or dark-green leafy; cheese sauce;129;7,54;5,93;11,7;1,4
2706674;Chicken or turkey, potatoes, and vegetables excluding carrots, broccoli, and dark-green leafy; cheese sauce;133;7,57;5,93;12,9;1,3
2706675;Chicken or turkey, potatoes, and vegetables including carrots, broccoli, and/or dark-green leafy; tomato-based sauce;124;4,81;7,02;11,1;1,7
2706676;Chicken or turkey, potatoes, and vegetables excluding carrots, broccoli, and dark-green leafy; tomato-based sauce;128;4,84;7,03;12,2;1,6
2706677;Stew, chicken, with pasta;108;10,2;2,49;10,8;1,1
2706678;Stew, chicken;84;9,24;2,34;6,29;1,3
2706679;Chicken or turkey, noodles, and vegetables including carrots, broccoli, and/or dark-green leafy; no sauce;147;7,95;5,46;16,6;1,5
2706680;Chicken or turkey, noodles, and vegetables excluding carrots, broccoli, and dark-green leafy; no sauce;151;8;5,41;18,1;1,4
2706681;Chicken or turkey, noodles, and vegetables including carrots, broccoli, and/or dark-green leafy; gravy;129;6,08;5,62;13,7;1,1
2706682;Chicken or turkey, noodles, and vegetables excluding carrots, broccoli, and dark-green leafy; gravy;130;6,13;5,2;14,9;1
2706683;Chicken or turkey, noodles, and vegetables including carrots, broccoli, and/or dark-green leafy; cream sauce, white sauce, or mushroom sauce;128;6,06;5,64;13,5;1,2
2706684;Chicken or turkey, noodles, and vegetables excluding carrots, broccoli, and/or dark-green leafy; cream sauce, white sauce, or mushroom sauce;132;6,09;5,64;14,5;1,1
2706685;Chicken or turkey, noodles, and vegetables including carrots, broccoli, and/or dark-green leafy; tomato-based sauce;130;6,16;5,84;13,6;1,5
2706686;Chicken or turkey, noodles, and vegetables excluding carrots, broccoli, and dark-green leafy; tomato-based sauce;134;6,19;5,84;14,7;1,4
2706687;Chicken or turkey chow mein or chop suey with noodles;131;9,91;5,43;11,2;1,5
2706688;Chicken or turkey, noodles, and vegetables including carrots, broccoli, and/or dark-green leafy; cheese sauce;145;8,9;5,97;14,2;1,1
2706689;Chicken or turkey, noodles, and vegetables excluding carrots, broccoli, and dark-green leafy; cheese sauce;149;8,93;5,97;15,3;1,1
2706690;Chicken or turkey, rice, and vegetables including carrots, broccoli, and/or dark-green leafy; no sauce;150;6,78;5,47;18,2;1
2706691;Chicken or turkey, rice, and vegetables excluding carrots, broccoli, and dark-green leafy; no sauce;151;6,85;4,96;19,8;0,9
2706692;Chicken or turkey, rice, and vegetables including carrots, broccoli, and/or dark-green leafy; gravy;132;5,21;5,66;14,9;0,8
2706693;Chicken or turkey, rice, and vegetables excluding carrots, broccoli, and dark-green leafy; gravy;135;5,25;5,46;16;0,7
2706694;Chicken or turkey, rice, corn, and cheese, with gravy;149;5,62;7,85;14,4;0,7
2706695;Chicken or turkey, rice, and vegetables including carrots, broccoli, and/or dark-green leafy; soy-based sauce;131;9,36;6,92;7,95;1,1
2706696;Chicken or turkey, rice, and vegetables excluding carrots, broccoli, and dark-green leafy; soy-based sauce;133;9,64;7,15;7,79;0,9
2706697;Chicken or turkey, rice, and vegetables including carrots, broccoli, and/or dark-green leafy; cream sauce, white sauce, or mushroom sauce;131;5,26;5,68;14,6;0,8
2706698;Chicken or turkey, rice, and vegetables excluding carrots, broccoli, and dark-green leafy; cream sauce, white sauce, or mushroom sauce;131;5,31;5,29;15,7;0,8
2706699;Chicken or turkey, rice, and vegetables including carrots, broccoli, and/or dark-green leafy; cheese sauce;142;8,05;5,15;15,5;0,8
2706700;Chicken or turkey, rice, and vegetables excluding carrots, broccoli, and dark-green leafy; cheese sauce;146;8,09;5,16;16,7;0,7
2706701;Chicken or turkey, rice, and vegetables including carrots, broccoli, and/or dark-green leafy; tomato-based sauce;130;5,32;5,47;14,8;1,1
2706702;Chicken or turkey, rice, and vegetables excluding carrots, broccoli, and dark-green leafy; tomato-based sauce;133;5,35;5,48;15,9;1
2706703;Pot pie, chicken;255;9,24;13,5;24;2
2706704;Chicken or turkey, stuffing, and vegetables including carrots, broccoli, and/or dark-green leafy; no sauce;159;7,12;8,74;13,3;1,3
2706705;Chicken or turkey,stuffing, and vegetables excluding carrots, broccoli, and dark green leafy; no sauce;165;7,17;8,75;14,8;1,2
2706706;Chicken or turkey, stuffing, and vegetables including carrots, broccoli, and/or dark-green leafy; gravy;131;5,46;7,18;11,3;1
2706707;Chicken or turkey, stuffing, and vegetables excluding carrots, broccoli, and dark-green leafy; gravy;128;5,22;6,82;11,8;0,8
2706708;Chicken or turkey, dumplings, and vegetables including carrots, broccoli, and/or dark green leafy; gravy;127;5,59;6,64;11,6;0,9
2706709;Chicken or turkey, dumplings, and vegetables excluding carrots, broccoli, and dark green leafy; gravy;128;5,65;6,22;12,8;0,8
2706710;Chicken fricassee, Puerto Rican style;172;12,1;10,6;7,17;1,2
2706711;Paella with seafood;143;8,03;4,76;16,4;0,7
2706712;Shrimp chow mein or chop suey with noodles;117;9,05;4,03;11,4;1,5
2706713;Shrimp creole, with rice;123;10,1;3,64;11,9;0,8
2706714;Tuna noodle casserole with vegetables, cream or white sauce;149;8,99;6,22;14,2;0,9
2706715;Fish, noodles, and vegetables including carrots, broccoli, and/or dark green leafy; cheese sauce;137;8,35;5,22;14,2;1,1
2706716;Fish, noodles, and vegetables excluding carrots, broccoli, and dark-green leafy; cheese sauce;141;8,39;5,22;15,3;1,1
2706717;Soup, bouillabaisse;67;8,25;3,05;1,59;0,3
2706718;Tuna noodle casserole with vegetables and mushroom sauce;124;8,11;4,46;13;1
2706719;Codfish with starchy vegetables, Puerto Rican style;135;3,53;5,43;18,5;2,7
2706720;Biscayne codfish, Puerto Rican style;190;9,2;12,2;11,1;1,9
2706721;Stew, NFS;99;8,93;4,11;6,29;1,3
2706722;Chow mein or chop suey, NS as to type of meat, with noodles;131;9,91;5,43;11,2;1,5
2706723;Paella, NFS;169;9,53;7,17;15,8;0,6
2706724;Chow mein or chop suey, various types of meat, with noodles;134;10,4;5,57;11,2;1,5
2706725;Stewed tripe, with potatoes, Puerto Rican style;109;8,56;4,05;9,49;1,6
2706726;Gumbo with rice;89;8,16;3,43;6,55;0,9
2706727;Jambalaya with meat and rice;161;13,8;7,97;8,65;0,7
2706728;Beef and vegetables including carrots, broccoli, and/or dark-green leafy; no potatoes, no sauce;116;11,4;6,73;3;1,4
2706729;Beef and vegetables excluding carrots, broccoli, and dark-green leafy; no potatoes, no sauce;121;10;7,09;5,16;1,1
2706730;Beef shish kabob with vegetables, excluding potatoes;122;14,8;4,88;5,06;0,8
2706731;Beef with vegetables including carrots, broccoli, and/or dark-green leafy; no potatoes, tomato-based sauce;110;8,24;6,99;4,48;1,7
2706732;Swiss steak;115;15,5;4,42;3,67;0,9
2706733;Beef rolls, stuffed with vegetables or meat mixture, tomato-based sauce;195;20,6;9,08;6,61;0,7
2706734;Beef with vegetables excluding carrots, broccoli, and dark-green leafy; no potatoes, tomato-based sauce;115;7,67;7,18;5,96;1,4
2706735;Beef with vegetables including carrots, broccoli, and/or dark-green leafy; no potatoes, mushroom sauce;115;7,8;7,16;5,24;1,1
2706736;Beef with vegetables excluding carrots, broccoli, and dark-green leafy; no potatoes, mushroom sauce;121;7,85;7,16;6,97;1
2706737;Beef and vegetables including carrots, broccoli, and/or dark-green leafy; no potatoes, soy-based sauce;144;11,7;8,81;4,65;1,2
2706738;Beef and broccoli;160;10,4;10,6;5,09;1,3
2706739;Beef, tofu, and vegetables including carrots, broccoli, and/or dark-green leafy; no potatoes, soy-based sauce;115;7,3;7,68;4,75;1,2
2706740;Szechuan beef;105;7,08;5,3;7,29;1,5
2706741;Hunan beef;105;7,08;5,3;7,29;1,5
2706742;Beef chow mein or chop suey, no noodles;82;10,8;2,61;3,85;0,8
2706743;Kung Pao beef;216;17,9;14,4;4,55;1
2706744;Beef and vegetables excluding carrots, broccoli, and dark-green leafy; no potatoes, soy-based sauce;147;12,1;9,15;4,34;1
2706745;Beef, tofu, and vegetables excluding carrots, broccoli,  and dark-green leafy; no potatoes, soy-based sauce;117;7,52;7,96;4,45;1
2706746;Beef and vegetables, Hawaiian style;93;4,79;2,24;14,2;1,8
2706747;Pepper steak;145;11,9;9,12;4,34;0,7
2706748;Beef, ground, with egg and onion;228;21,9;14,5;1,05;0,1
2706749;Beef salad;261;17,8;19,3;2,9;0,4
2706750;Beef taco filling: beef, cheese, tomato, taco sauce;181;13;11,3;6,37;0,9
2706751;Stir fried beef and vegetables in soy sauce;102;10,7;4,81;4,44;1
2706752;Beef and vegetables including carrots, broccoli, and/or dark-green leafy; no potatoes, gravy;115;8,06;7,34;4,5;1
2706753;Beef and vegetables excluding carrots, broccoli, and dark-green leafy; no potatoes, gravy;122;8,11;7,34;6,47;0,9
2706754;Beef steak with onions, Puerto Rican style;321;20,9;24,1;3,89;0,7
2706755;Cabbage with ham hocks;75;7,75;2,58;4,9;1,7
2706756;Ham or pork salad;230;13,3;18,1;2,83;0,4
2706757;Frankfurters or hot dogs and sauerkraut;198;7,56;17,3;3,42;1,1
2706758;Pork and vegetables including carrots, broccoli, and/or dark-green leafy; no potatoes, no sauce;123;11,2;7,27;3,14;1,5
2706759;Greens with ham or pork;47;4,91;1,41;4,68;3,6
2706760;Pork, tofu, and vegetables including carrots, broccoli, and/or dark-green leafy; no potatoes, soy-base sauce;116;7;7,77;4,75;1,2
2706761;Pork and vegetables, Hawaiian style;89;7,43;3,64;6,97;1,9
2706762;Pork and watercress with soy-based sauce;190;14,9;12,7;3,35;0,5
2706763;Kung Pao pork;219;16,9;14,8;4,55;1
2706764;Moo Shu pork, without Chinese pancake;153;10,4;10,7;4,01;0,9
2706765;Pork and onions with soy-based sauce;149;11,1;9,14;5,43;0,8
2706766;Pork hash;186;12,9;13,7;1,96;0,5
2706767;Ham and vegetables including carrots broccoli, and/or dark- green leafy; no potatoes, no sauce;115;7,45;8,28;2,59;1,2
2706768;Ham and vegetables excluding carrots, broccoli, and dark-green leafy; no potatoes, no sauce;120;7,56;7,83;5,12;1,1
2706769;Pork and vegetables excluding carrots, broccoli, and dark-green leafy; no potatoes, no sauce;124;10,1;7,03;5,52;1,2
2706770;Pork, tofu, and vegetables, excluding carrots, broccoli, and dark-green leafy; no potatoes, soy-based sauce;118;7,21;8,05;4,45;1
2706771;Pork chow mein or chop suey, no noodles;98;10,3;4,3;3,85;0,8
2706772;Pork and vegetables including carrots, broccoli, and/or dark-green leafy; no potatoes, tomato-based sauce;111;7,76;7,13;4,48;1,7
2706773;Pork and vegetables excluding  carrots, broccoli, and dark-green leafy; no potatoes, tomato-based sauce;118;7,81;7,14;6,44;1,5
2706774;Sausage and vegetables including  carrots, broccoli, and/or dark-green leafy; no potatoes, tomato-based sauce;113;5,56;8,34;4,94;1,7
2706775;Sausage and vegetables, excluding carrots, broccoli, and dark-green leafy; no potatoes, tomato-based sauce;120;5,62;8,34;6,94;1,6
2706776;Sausage and peppers, no sauce;247;14;19,9;3,26;0,3
2706777;Pork and vegetables including carrots, broccoli, and/or dark-green leafy; no potatoes, soy-based sauce;145;11;9,03;4,65;1,2
2706778;Pork and vegetables excluding carrots, broccoli, and dark- green leafy; no potatoes, soy-based sauce;149;11,4;9,37;4,34;1
2706779;Pork shish kabob with vegetables, excluding potatoes;124;13,9;5,17;5,06;0,8
2706780;Lamb shish kabob with vegetables, excluding potatoes;162;12;10,3;5,06;0,8
2706781;Chicken or turkey and vegetables including carrots, broccoli, and/or dark-green leafy; no potatoes, no sauce;118;9,66;7,78;2,88;1,4
2706782;Chicken or turkey and vegetables excluding carrots, broccoli, and dark-green leafy; no potatoes, no sauce;123;8,72;7,96;5,08;1,1
2706783;Chicken or turkey shish kabob with vegetables, excluding potatoes;104;13;3,69;5,06;0,8
2706784;Chicken or turkey creole, without rice;103;13,8;4,22;2,99;1,1
2706785;Chicken or turkey and vegetables including carrots, broccoli, and/or dark-green leafy; no potatoes, gravy;112;7,1;7,44;4,47;1
2706786;Chicken or turkey and vegetables excluding carrots, broccoli, and dark-green leafy; no potatoes, gravy;119;7,16;7,45;6,43;0,9
2706787;Chicken or turkey a la king with vegetables including carrots, broccoli, and/or dark-green leafy; no potatoes, cream, white, or soup-based sauce;187;9,41;13,8;6,76;0,6
2706788;Chicken or turkey a la king with vegetables excluding carrorts, broccoli, and dark-green leafy; no potatoes, cream, white, or soup-based sauce;181;9,57;13,3;6,31;0,5
2706789;Chicken or turkey divan;140;15,5;7,26;4,01;1,3
2706790;Chicken or turkey and vegetables including carrots, broccoli, and/or dark-green leafy; no potatoes, soy-based sauce;95;8,18;4,56;5,38;0,9
2706791;Chicken or turkey and vegetables excluding carrots, broccoli, and dark-green leafy; no potatoes, soy-based sauce;133;10,7;8,22;4,39;1
2706792;Chicken or turkey and vegetables including carrots, broccoli, and/or dark-green leafy; no potatoes, tomato-based sauce;113;7,23;7,8;4,42;1,6
2706793;Chicken or turkey and vegetables excluding carrots, broccoli, and dark-green leafy; no potatoes, tomato-based sauce;120;7,28;7,81;6,35;1,5
2706794;General Tso chicken;295;12,9;16,4;24;0,9
2706795;Moo Goo Gai Pan;69;7,11;2,44;4,87;1,4
2706796;Kung pao chicken;129;9,76;6,98;6,87;1,5
2706797;Almond chicken;195;15,7;13,2;4,46;1,2
2706798;Chicken or turkey chow mein or chop suey, no noodles;83;9,78;3,23;3,84;0,8
2706799;Chicken or turkey salad, made with mayonnaise;235;13,9;18,8;2,88;0,4
2706800;Chicken or turkey salad with nuts and/or fruits;235;12,5;17,9;6,11;1
2706801;Chicken or turkey salad with egg;228;13,8;18,1;2,73;0,4
2706802;Chicken or turkey salad, made with light mayonnaise;146;13,6;8,15;4,76;0,4
2706803;Chicken or turkey salad, made with mayonnaise-type salad dressing;148;13,7;7,95;5,95;0,4
2706804;Chicken or turkey salad, made with light mayonnaise-type salad dressing;146;13,6;8,15;4,76;0,4
2706805;Chicken or turkey salad, made with creamy dressing;188;13,8;13,1;4,02;0,4
2706806;Chicken or turkey salad, made with light creamy dressing;128;13,8;6,36;4,28;0,4
2706807;Chicken or turkey salad, made with Italian dressing;146;13,6;7,84;5,37;0,4
2706808;Chicken or turkey salad, made with light Italian dressing;116;13,6;4,71;4,93;0,4
2706809;Chicken or turkey salad, made with any type of fat free dressing;111;13,3;3,81;6,28;0,9
2706810;Chicken or turkey garden salad, chicken and/or turkey, tomato and/or carrots, other vegetables, no dressing;64;10,1;1,33;3,04;1
2706811;Chicken or turkey garden salad, chicken and/or turkey, other vegetables excluding tomato and carrots, no dressing;66;10,8;1,41;2,62;0,8
2706812;Chicken or turkey garden salad with bacon and cheese, chicken and/or turkey, bacon, cheese, lettuce and/or greens, tomato and/or carrots, other vegetables, no dressing;106;11;5,61;3;0,9
2706813;Chicken or turkey, breaded, fried, garden salad with bacon and cheese, chicken and/or turkey, bacon, cheese, lettuce and/or greens, tomato and/or carrots, other vegetables, no dressing;122;6,78;7,72;6,36;1,2
2706814;Chicken or turkey garden salad with cheese, chicken and/or turkey, cheese, lettuce and/or greens, tomato and/or carrots, other vegetables, no dressing;93;10,3;4,52;3,02;0,9
2706815;Chicken or turkey, breaded, fried, garden salad with cheese, chicken and/or turkey, cheese, lettuce and/or greens, tomato and/or carrots, other vegetables, no dressing;123;6,5;7,9;6,47;1,3
2706816;Asian chicken or turkey garden salad, chicken and/or turkey, lettuce, fruit, nuts, no dressing;130;11,4;5,46;9,5;1,9
2706817;Asian chicken or turkey garden salad with crispy noodles, chicken and/or turkey, lettuce, fruit, nuts, crispy noodles, no dressing;116;10,2;5,26;8,11;1,8
2706818;Chicken or turkey caesar garden salad, chicken and/or turkey, lettuce, tomato, cheese, no dressing;63;8,52;1,94;2,99;1
2706819;Chicken or turkey, breaded, fried, caesar garden salad, chicken and/or turkey, lettuce, tomatoes, cheese, no dressing;115;6,31;6,85;7,08;1,2
2706820;Chicken or turkey and vegetables including carrots, broccoli, and/or dark-green leafy; no potatoes, cheese sauce;119;9,83;7,24;3,88;0,9
2706821;Chicken or turkey and vegetables excluding carrots, broccoli, and dark-green leafy; no potatoes, cheese sauce;124;9,87;7,24;5,54;0,7
2706822;Chicken or turkey fricassee, with sauce, no potatoes, potatoes reported separately, Puerto Rican style;183;14;13,1;2,54;0,7
2706823;Chicken or turkey fricassee, no sauce, no potatoes, Puerto Rican style;200;25,2;11;-;-
2706824;Crab salad;188;9,4;15,9;1,27;0,4
2706825;Lobster salad;187;10,3;15,4;1,22;0,4
2706826;Salmon salad;213;10,8;17,4;2,73;0,4
2706827;Shrimp chow mein or chop suey, no noodles;69;8,8;1,69;4,27;0,8
2706828;Tuna salad, made with mayonnaise;194;10,1;15,8;2,89;0,4
2706829;Tuna salad, made with light mayonnaise;106;9,78;5,4;4,75;0,4
2706830;Tuna salad, made with mayonnaise-type salad dressing;108;9,88;5,19;5,92;0,4
2706831;Tuna salad, made with light mayonnaise-type salad dressing;106;9,78;5,4;4,75;0,4
2706832;Tuna salad, made with creamy dressing;148;9,98;10,3;4,02;0,4
2706833;Tuna salad, made with light creamy dressing;78;9,82;1,16;7,38;0,4
2706834;Tuna salad, made with Italian dressing;106;9,83;5,08;5,35;0,4
2706835;Tuna salad, made with light Italian dressing;76;9,78;2;4,91;0,4
2706836;Tuna salad, made with any type of fat free dressing;72;9,6;1,15;6,25;0,8
2706837;Shrimp salad;196;10,7;16,2;1,27;0,4
2706838;Seafood salad;190;10,1;15,8;1,25;0,4
2706839;Tuna salad with cheese;214;11,3;17,6;2,85;0,4
2706840;Tuna salad with egg;190;10,3;15,4;2,74;0,4
2706841;Shrimp garden salad, shrimp, lettuce, eggs, tomato and/or carrots, other vegetables, no dressing;65;8,28;2,04;2,77;0,8
2706842;Shrimp garden salad, shrimp, lettuce, eggs, vegetables excluding tomato and carrots, no dressing;67;8,8;2,14;2,39;0,7
2706843;Crab salad made with imitation crab;197;4,07;16,3;8,66;0,6
2706844;Fish, tofu, and vegetables, tempura;177;4,01;16;4,53;1,1
2706845;Seafood garden salad with seafood, lettuce, vegetables excluding tomato and carrots, no dressing;47;7,66;0,5;2,62;0,8
2706846;Seafood garden salad with seafood, lettuce, tomato and/or carrots, other vegetables, no dressing;47;7,12;0,49;3,04;1
2706847;Seafood garden salad with seafood, lettuce, eggs, vegetables excluding tomato and carrots, no dressing;64;8,41;2,05;2,39;0,7
2706848;Seafood garden salad with seafood, lettuce, eggs, tomato and/or carrots, other vegetables, no dressing;62;7,91;1,95;2,77;0,8
2706849;Oysters Rockefeller;134;7,64;7,53;9,38;1,9
2706850;Lomi salmon;60;7,55;1,86;3,31;1
2706851;Shrimp and vegetables including carrots, broccoli, and/or dark-green leafy; no potatoes, no sauce;118;9,35;7,25;3,8;1,6
2706852;Shrimp and vegetables excluding carrots, broccoli, and dark-green leafy; no potatoes, no sauce;124;9,25;6,87;6,78;1,3
2706853;Shrimp and vegetables including carrots, broccoli, and/or dark-green leafy; no potatoes, soy-based sauce;116;9,16;6,4;5,15;1,2
2706854;Shrimp and vegetables excluding carrots, broccoli, and dark-green leafy; no potatoes, soy-based sauce;118;9,47;6,64;4,86;1
2706855;Shrimp shish kabob with vegetables, excluding potatoes;83;11,2;1,59;5,74;0,8
2706856;Shrimp creole, no rice;124;14,3;5,16;4,51;1
2706857;Kung Pao shrimp;173;13,9;10,7;5,32;1
2706858;Tuna casserole with vegetables and mushroom sauce, no noodles;115;9,04;5,12;8,39;0,9
2706859;Shellfish mixture and vegetables including carrots, broccoli, and/or dark-green leafy; no potatoes, soy-based sauce;120;9,41;6,38;5,89;1,2
2706860;Shellfish mixture and vegetables excluding carrots, broccoli, and dark-green leafy; no potatoes, soy-based sauce;122;9,73;6,62;5,63;1
2706861;Shellfish mixture and vegetables including carrots, broccoli, and/or dark-green leafy; no potatoes, mushroom sauce;111;6,25;6,92;5,92;1,1
2706862;Shellfish mixture and vegetables excluding carrots, broccoli, and dark-green leafy; no potatoes, mushroom sauce;117;6,3;6,93;7,63;1
2706863;Fish and vegetables including carrots, broccoli, and/or dark-green leafy; no potatoes, tomato-based sauce;106;6,28;7,26;4,39;1,6
2706864;Fish and vegetables excluding carrots, broccoli, and dark- green leafy; no potatoes, tomato-based sauce;112;6,33;7,26;6,3;1,5
2706865;Fish and vegetables including carrots, broccoli, and/or dark-green leafy; no potatoes, soy-based sauce;104;7,79;5,99;4,64;1,2
2706866;Fish and vegetables excluding  carrots, broccoli, and dark-green leafy; no potatoes, soy-based sauce;106;8,04;6,22;4,33;1
2706867;Fish shish kabob with vegetables, excluding potatoes;68;9,41;1,05;5,06;0,8
2706868;Fried fish with sauce, Puerto Rican style;155;11,8;10,3;3,42;0,8
2706869;Lobster with sauce, Puerto Rican style;154;10,8;10,6;3,94;0,9
2706870;Octopus salad, Puerto Rican style;170;9,67;12;5,56;1
2706871;Codfish salad, Puerto Rican style, Serenata;183;6,61;15,9;2,81;0,7
2706872;Chow mein or chop suey, NS as to type of meat, no noodles;83;9,78;3,23;3,84;0,8
2706873;Lau lau;140;15,2;8,32;-;-
2706874;Antipasto with ham, fish, cheese, vegetables;158;11,6;10,7;3,75;1,1
2706875;Livers, chicken, chopped, with eggs and onion;226;12,9;17,7;2,87;0,4
2706876;Liver, beef or calves, and onions;129;16,7;3,6;6,97;0,5
2706877;Stewed chitterlings, Puerto Rican style;214;8,38;18,5;3,83;0,9
2706878;Stewed gizzards, Puerto Rican style;179;20,3;8,69;4,41;1,1
2706879;Gumbo, no rice;83;8,54;3,68;4,03;0,9
2706880;Sandwich, NFS;287;12,8;12;33,8;1,9
2706881;Sandwich wrap, NFS;232;12,8;9,4;23,3;1,5
2706882;Barbecue sandwich, NFS;238;15,3;8,12;24,9;0,8
2706883;Sloppy joe sandwich, on white bun;185;11,3;6,42;20;1,1
2706884;Sloppy joe sandwich, on wheat bun;180;11,8;6,44;18,4;2,2
2706885;Barbecue beef sandwich, on white bun;245;16,5;8,5;24,9;0,8
2706886;Barbecue beef sandwich, on wheat bun;240;17;8,52;23,3;2
2706887;Cheeseburger slider, from fast food;298;16,2;14,3;25;0,9
2706888;Cheeseburger, NFS;296;17,9;16,2;18,7;0,6
2706889;Cheeseburger, from fast food, 1 small patty;299;16,4;14,8;24;0,8
2706890;Cheeseburger (Burger King);265;14;12,3;23,7;1
2706891;Whopper Jr with cheese (Burger King);235;12;12,1;19;0,9
2706892;Cheeseburger (McDonalds);270;13,5;12,9;25,5;1,9
2706893;Cheeseburger, from school cafeteria;250;18,7;8,64;23,4;2,7
2706894;Cheeseburger slider;297;18,1;16,4;17,9;0,6
2706895;Cheeseburger, on white bun, 1 small patty;298;17,6;16;19,6;0,7
2706896;Cheeseburger, on wheat bun, 1 small patty;292;18,2;16,1;17,8;2
2706897;Cheeseburger, from fast food, 1 medium patty;296;17,9;16,2;18,7;0,6
2706898;Quarter Pounder (McDonalds);256;15,7;11,6;22,1;1,1
2706899;Whopper with cheese (Burger King);268;13,7;15,8;17,7;1,1
2706900;Quarter Pounder with cheese (McDonalds);269;15,2;14,4;19,7;1,2
2706901;Cheeseburger, on white bun, 1 medium patty;296;17,9;16,2;18,7;0,6
2706902;Cheeseburger, on wheat bun, 1 medium patty;291;18,5;16,2;17;1,9
2706903;Cheeseburger, on white bun, 1 large patty;299;18,7;17,6;15,3;0,5
2706904;Cheeseburger, on wheat bun, 1 large patty;295;19,2;17,6;13,9;1,6
2706905;Double cheeseburger, on white bun, 2 small patties;296;19,3;17,9;13,3;0,5
2706906;Double cheeseburger, on wheat bun, 2 small patties;292;19,7;17,9;12,1;1,4
2706907;Double cheeseburger, on white bun, 2 medium patties;300;19,6;18,8;11,8;0,4
2706908;Double cheeseburger, on wheat bun, 2 medium patties;297;20;18,8;10,8;1,2
2706909;Cheeseburger, from fast food, 1 large patty;299;18,7;17,6;15,3;0,5
2706910;Double cheeseburger, on white bun, 2 large patties;299;20,2;19,4;9,66;0,3
2706911;Double cheeseburger, on wheat bun, 2 large patties;296;20,5;19,4;8,81;1
2706912;Double cheeseburger, from fast food, 2 small patties;297;18,1;16,6;17,7;0,6
2706913;Double cheeseburger (Burger King);278;16,3;15,7;16,9;0,7
2706914;Double cheeseburger (McDonalds);282;16,2;16,2;18;0,9
2706915;McDouble (McDonalds);282;16,2;16,2;18;0,9
2706916;Big Mac (McDonalds);261;11,9;14,1;21,5;1,4
2706917;Double cheeseburger, from fast food, 2 medium patties;300;19,6;18,8;11,8;0,4
2706918;Double cheeseburger, from fast food, 2 large patties;299;20,2;19,4;9,66;0,3
2706919;Hamburger slider, from fast food;285;15,3;11,4;29,2;1
2706920;Hamburger, NFS;288;17,5;14,4;20,7;0,7
2706921;Hamburger, from fast food, 1 small patty;285;15,5;11,7;28,3;1
2706922;Hamburger (Burger King);254;13,6;10,2;26;1,1
2706923;Whopper Jr (Burger King);216;10,7;9,58;21,1;1
2706924;Hamburger (McDonalds);263;13,3;10,2;29,6;1,8
2706925;Hamburger, from school cafeteria;243;17,8;7,36;25,7;3
2706926;Hamburger slider;288;17,8;14,7;19,7;0,7
2706927;Hamburger, on white bun, 1 small patty;287;17,1;13,8;22,2;0,8
2706928;Hamburger, on wheat bun, 1 small patty;280;17,8;13,9;20,1;2,4
2706929;Hamburger, from fast food, 1 medium patty;288;17,5;14,4;20,7;0,7
2706930;Hamburger, from fast food, 1 large patty;289;18,4;15,6;17,1;0,6
2706931;Whopper (Burger King);226;11,3;12,4;17,3;1,5
2706932;Hamburger, on white bun, 1 medium patty;288;17,5;14,4;20,7;0,7
2706933;Hamburger, on wheat bun, 1 medium patty;281;18,2;14,4;18,7;2,2
2706934;Hamburger, on white bun, 1 large patty;289;18,4;15,6;17,1;0,6
2706935;Hamburger, on wheat bun, 1 large patty;283;19;15,7;15,5;1,8
2706936;Double hamburger, on white bun, 2 small patties;289;19,2;16,6;14,3;0,5
2706937;Double hamburger, on wheat bun, 2 small patties;285;19,6;16,7;12,9;1,5
2706938;Double hamburger, on white bun, 2 medium patties;290;19,5;17,1;13;0,5
2706939;Double hamburger, on wheat bun, 2 medium patties;286;19,9;17,1;11,8;1,4
2706940;Double hamburger, on white bun, 2 large patties;290;20,2;18;10,3;0,4
2706941;Double hamburger, on wheat bun, 2 large patties;287;20,6;18,1;9,36;1,1
2706942;Double hamburger, from fast food, 2 small patties;288;17,8;14,7;19,7;0,7
2706943;Double hamburger, from fast food, 2 medium patties;290;19,5;17,1;13;0,5
2706944;Double hamburger, from fast food, 2 large patties;290;20,2;18;10,3;0,4
2706945;Meatball sandwich or sub;207;11,3;8,23;21,3;1,2
2706946;Meatloaf sandwich;217;11,8;6,15;28,7;1,3
2706947;Chiliburger, with or without cheese, on bun;232;14,8;11;17,7;1,5
2706948;Corned beef sandwich on white;259;13,6;11;25,7;1,2
2706949;Corned beef sandwich on white, with cheese;274;14,7;13,7;22,5;1
2706950;Corned beef sandwich on wheat;257;14,7;11,2;23,7;2,8
2706951;Corned beef sandwich on wheat, with cheese;273;15,6;13,9;20,9;2,4
2706952;Reuben sandwich;282;10;19,4;16,4;2,2
2706953;Roast beef sandwich on white;194;13,9;3,64;25,8;1,2
2706954;Roast beef sandwich on white, with cheese;219;14,9;7,44;22,6;1
2706955;Roast beef sandwich on wheat;192;14,9;3,84;23,8;2,8
2706956;Roast beef sandwich on wheat, with cheese;217;15,7;7,61;20,9;2,4
2706957;French dip sandwich;184;13,2;3,47;24,5;1,1
2706958;Steak sandwich or sub on white;249;17,9;8,07;25,4;1,2
2706959;Steak sandwich or sub on wheat;247;18,9;8,27;23,5;2,8
2706960;Cheese steak sandwich or sub on white;270;18,4;12;21,5;1
2706961;Cheese steak sandwich or sub on wheat;268;19,2;12,2;19,9;2,2
2706962;Gyro sandwich;184;11,2;6,76;18,8;1
2706963;Hamburger wrap sandwich, from fast food;299;16,9;16,1;20,4;1,4
2706964;Ham sandwich on white;187;12,9;3,66;25,6;1,2
2706965;Ham sandwich on white, with cheese;213;14,1;7,46;22,4;1
2706966;Ham sandwich on wheat;185;14;3,86;23,6;2,8
2706967;Ham sandwich on wheat, with cheese;212;14,9;7,62;20,8;2,4
2706968;Ham sandwich or sub, restaurant;178;13,3;3,66;22,8;1,1
2706969;Ham sandwich or sub, with cheese, restaurant;210;14,6;8,06;19,7;0,9
2706970;Ham sandwich wrap;230;13,5;9,38;22,5;1,5
2706971;Ham salad sandwich on white;242;12;13,3;18,3;1
2706972;Ham salad sandwich on wheat;241;12,6;13,4;17;2,1
2706973;Cuban sandwich;228;15,9;10,7;16,3;0,8
2706974;Barbecue rib sandwich;223;13,7;6,47;26,5;0,9
2706975;Barbecue pork sandwich, on white bun;243;15;8,83;24,9;0,8
2706976;Barbecue pork sandwich, on wheat bun;238;15,5;8,86;23,3;2
2706977;Pork sandwich;226;17,7;5,47;25,4;1,2
2706978;Pork sandwich, with cheese;246;18,1;8,99;22,3;1
2706979;Bacon, lettuce, tomato sandwich on white;231;10,9;7,54;29,7;1,7
2706980;Bacon, lettuce, tomato sandwich on wheat;229;12;7,76;27,5;3,4
2706981;Turkey sandwich on white;189;12;3,68;26,5;1,2
2706982;Turkey sandwich on white, with cheese;215;13,3;7,47;23,2;1
2706983;Turkey sandwich on wheat;187;13;3,88;24,6;2,8
2706984;Turkey sandwich on wheat, with cheese;214;14,2;7,64;21,6;2,4
2706985;Turkey sandwich or sub, restaurant;180;12,3;3,69;23,9;1,1
2706986;Turkey sandwich or sub, with cheese, restaurant;212;13,8;8,07;20,6;0,9
2706987;Turkey sandwich wrap;232;12,8;9,4;23,3;1,5
2706988;Chicken deli sandwich or sub, restaurant;176;13,7;2,66;24,3;1,1
2706989;Chicken deli sandwich or sub, with cheese, restaurant;208;14,9;7,23;20,9;0,9
2706990;Chicken salad sandwich on white;246;12,4;13,7;18,3;1
2706991;Chicken salad sandwich on wheat;245;13,1;13,8;17,1;2,1
2706992;Chicken salad sandwich wrap;269;12,9;16,6;17;1,3
2706993;Club sandwich on white;222;15,1;7,48;23,1;1
2706994;Club sandwich on white, with cheese;241;15,8;10,4;20,6;0,9
2706995;Club sandwich on wheat;220;16;7,65;21,4;2,4
2706996;Club sandwich on wheat, with cheese;239;16,6;10,5;19,1;2,1
2706997;Club sandwich or sub, restaurant;234;16;10,6;18,4;0,8
2706998;Barbecue chicken sandwich, on white bun;204;15,9;4,4;24,9;0,8
2706999;Barbecue chicken sandwich, on wheat bun;199;16,5;4,42;23,3;2
2707000;Chicken fillet sandwich, NFS;281;12,2;13,5;27,5;1,7
2707001;Chicken fillet sandwich, from school cafeteria;251;14,6;8,06;29,8;4,4
2707002;Chicken fillet biscuit, from fast food;320;10,8;19,1;26,4;2
2707003;Chicken fillet sandwich, fried, from fast food;281;12,2;13,5;27,5;1,7
2707004;Chicken fillet sandwich, fried, from fast food, with cheese;291;13,2;15,3;24,7;1,5
2707005;Chicken fillet sandwich, grilled, from fast food;226;21,5;6,18;19,4;0,7
2707006;Chicken fillet sandwich, grilled, from fast food, with cheese;243;21,4;9,05;17,6;0,6
2707007;Chicken fillet sandwich, NS as to fried or grilled, from fast food;281;12,2;13,5;27,5;1,7
2707008;Chicken fillet sandwich, fried, on white bun;269;12,4;11,7;28,1;1,7
2707009;Chicken fillet sandwich, fried, on white bun; with cheese;280;13,5;13,8;25,2;1,5
2707010;Chicken fillet sandwich, fried, on wheat bun;263;13,1;11,7;26,3;3,1
2707011;Chicken fillet sandwich, fried, on wheat bun, with cheese;275;14;13,8;23,6;2,7
2707012;Chicken fillet sandwich, grilled, on white bun;216;21,8;4,84;19,7;0,7
2707013;Chicken fillet sandwich, grilled, on white bun, with cheese;235;21,6;7,92;17,8;0,6
2707014;Chicken fillet sandwich, grilled, on wheat bun;210;22,5;4,87;17,8;2,1
2707015;Chicken fillet sandwich, grilled, on wheat bun, with cheese;230;22,2;7,94;16,2;1,8
2707016;Chicken fillet wrap sandwich, fried, from fast food;299;12,7;16,7;24,4;2
2707017;Chicken fillet wrap sandwich, grilled, from fast food;252;20,8;10,4;17,3;1,2
2707018;Turkey or chicken burger, on white bun;234;20;7,69;20,7;0,7
2707019;Turkey or chicken burger, on wheat bun;227;20,7;7,72;18,7;2,2
2707020;Fish sandwich, fried, from fast food;235;14,5;8,15;25,7;0,9
2707021;Fish sandwich, fried, from fast food, with cheese;252;15,3;11;22,8;0,8
2707022;Crab cake sandwich;231;12,7;11,2;19,4;1
2707023;Salmon cake sandwich;279;13,9;15,9;19,4;1
2707024;Fried seafood sandwich;234;11,3;9,82;24,7;1,1
2707025;Fish sandwich, from school cafeteria;209;15;4,34;27,4;3,5
2707026;Fish sandwich, NFS;252;15,3;11;22,8;0,8
2707027;Fish sandwich, fried, on white bun;236;14,5;8,16;25,7;0,9
2707028;Fish sandwich, fried, on white bun, with cheese;252;15,3;11;22,9;0,8
2707029;Fish sandwich, fried, on wheat bun;229;15,2;8,19;23,8;2,4
2707030;Fish sandwich, fried, on wheat bun, with cheese;247;15,9;11;21,2;2,1
2707031;Fish sandwich, grilled;180;16,1;3,29;21,2;0,8
2707032;Fish wrap sandwich;262;14,7;12,4;22,6;1,4
2707033;Sardine sandwich;234;17,9;7,96;21,9;1
2707034;Tuna salad sandwich on white;218;9,86;11,8;18,3;1
2707035;Tuna salad sandwich on white, with cheese;233;11;13,5;16,9;0,9
2707036;Tuna salad sandwich on wheat;217;10,5;11,9;17,1;2,1
2707037;Tuna salad sandwich on wheat, with cheese;232;11,6;13,6;15,8;1,9
2707038;Tuna salad sandwich wrap;244;10,6;14,8;17;1,3
2707039;Seafood salad sandwich;216;9,89;11,8;17,2;1
2707040;Bologna sandwich on white;274;9,87;13,3;28,5;1,2
2707041;Bologna sandwich on white, with cheese;287;11,5;15,6;24,9;1
2707042;Bologna sandwich on wheat;272;10,9;13,5;26,5;2,8
2707043;Bologna sandwich on wheat, with cheese;285;12,3;15,8;23,2;2,4
2707044;Corn dog;250;8,57;12;27;1
2707045;Pig in a blanket;310;11,4;20,8;19,2;0,7
2707046;Salami sandwich on white;321;15;17,1;25,8;1,2
2707047;Salami sandwich on white, with cheese;326;15,9;18,9;22,6;1
2707048;Salami sandwich on wheat;319;16,1;17,3;23,8;2,8
2707049;Salami sandwich on wheat, with cheese;325;16,7;19;21;2,4
2707050;Italian sandwich on white;309;15,7;18,8;18,9;0,8
2707051;Italian sandwich on wheat;308;16,4;18,9;17,5;2
2707052;Italian sandwich or sub, restaurant;313;16,2;20;16,4;0,7
2707053;Italian sausage sandwich on white;300;14,4;16,3;23,5;0,8
2707054;Italian sausage sandwich on wheat;293;15,2;16,3;21,4;2,4
2707055;Spam sandwich;266;10;12,8;27,6;1,1
2707056;Hot dog sandwich, NFS, on white bun;296;10,8;17,4;23,7;0,8
2707057;Hot dog sandwich, NFS, on wheat bun;290;11,6;17,4;21,6;2,4
2707058;Hot dog sandwich, NFS, on white bread;295;10,9;19,6;18,9;0,8
2707059;Hot dog sandwich, NFS, on wheat bread;294;11,6;19,7;17,6;1,9
2707060;Hot dog sandwich, beef, on white bun;296;10,8;17,4;23,7;0,8
2707061;Hot dog sandwich, beef, on wheat bun;290;11,6;17,4;21,6;2,4
2707062;Hot dog sandwich, beef, on white bread;295;10,9;19,6;18,9;0,8
2707063;Hot dog sandwich, beef, on wheat bread;294;11,6;19,7;17,6;1,9
2707064;Hot dog sandwich, meat and poultry, on white bun;278;9,74;15,2;24,9;0,8
2707065;Hot dog sandwich, meat and poultry, on wheat bun;271;10,5;15,3;22,8;2,4
2707066;Hot dog sandwich, meat and poultry, on white bread;274;9,62;17,1;20,2;0,8
2707067;Hot dog sandwich, meat and poultry, on wheat bread;272;10,3;17,2;19;1,9
2707068;Hot dog sandwich, turkey, on white bun;248;11,1;11,4;24,2;0,8
2707069;Hot dog sandwich, turkey, on wheat bun;241;11,9;11,4;22,2;2,4
2707070;Hot dog sandwich, turkey, on white bread;238;11,3;12,6;19,5;0,8
2707071;Hot dog sandwich, turkey, on wheat bread;237;11,9;12,7;18,2;1,9
2707072;Hot dog sandwich, reduced fat, on white bun;244;12;10,5;25;0,8
2707073;Hot dog sandwich, reduced fat, on wheat bun;237;12,7;10,5;22,9;2,4
2707074;Hot dog sandwich, reduced fat, on white bread;234;12,3;11,5;20,3;0,8
2707075;Hot dog sandwich, reduced fat, on wheat bread;233;12,9;11,6;19;1,9
2707076;Hot dog sandwich, vegetarian, on bun;251;15,8;9,89;24,3;3,1
2707077;Hot dog sandwich, vegetarian, on bread;243;16,6;10,7;20,2;3,4
2707078;Chili hot dog sandwich, on white bun;223;9,94;12;18,8;1,7
2707079;Chili hot dog sandwich, on wheat bun;219;10,4;12;17,5;2,7
2707080;Chili hot dog sandwich, on white bread;215;9,89;12,7;15,4;1,8
2707081;Chili hot dog sandwich, on wheat bread;215;10,3;12,8;14,7;2,4
2707082;Multiple meat sandwich on white;190;12,9;5,62;21,7;1
2707083;Multiple meat sandwich on white, with cheese;211;13,8;8,53;19,5;0,8
2707084;Multiple meat sandwich on wheat;189;13,7;5,78;20,1;2,2
2707085;Multiple meat sandwich on wheat, with cheese;210;14,5;8,67;18,2;2
2707086;Multiple meat sandwich or sub, restaurant;183;13,2;5,76;19,2;0,8
2707087;Multiple meat sandwich or sub, with cheese, restaurant;208;14,2;9,07;17,2;0,7
2707088;Multiple meat sandwich wrap;226;13,4;10,1;19,6;1,3
2707089;Turkey and ham sandwich on white;172;13,1;3,68;21,2;1
2707090;Turkey and ham sandwich on white, with cheese;195;14;6,83;19,2;0,8
2707091;Turkey and ham sandwich on wheat;170;13,9;3,84;19,6;2,2
2707092;Turkey and ham sandwich on wheat, with cheese;194;14,8;6,97;17,8;2
2707093;Turkey and ham sandwich or sub, restaurant;163;13,5;3,69;18,6;0,8
2707094;Turkey and ham sandwich or sub, with cheese, restaurant;191;14,5;7,26;16,6;0,7
2707095;Frozen dinner, NFS;146;6,82;8,4;10,9;1,2
2707096;Beef dinner, NFS, frozen meal;146;6,82;8,4;10,9;1,2
2707097;Beef with vegetable, diet frozen meal;125;10,6;6,95;4,69;0,8
2707098;Salisbury steak dinner, NFS, frozen meal;146;6,82;8,4;10,9;1,2
2707099;Salisbury steak with gravy, potatoes, vegetable, frozen meal;146;6,82;8,4;10,9;1,2
2707100;Salisbury steak with gravy, whipped potatoes, vegetable, dessert, frozen meal;141;7,65;6,66;12,6;1
2707101;Salisbury steak with gravy, macaroni and cheese, frozen meal;202;10,4;8,51;20,4;1,3
2707102;Beef, sliced, with gravy, potatoes, vegetable, frozen meal;125;8,12;7,28;6,59;0,7
2707103;Meatballs, Swedish, in gravy, with noodles, diet frozen meal;112;9,88;3,35;10,3;0,8
2707104;Beef with spaetzle or rice, vegetable, frozen meal;118;6,92;4,37;12,2;0,6
2707105;Chicken dinner, NFS, frozen meal;124;8,48;5,18;10,7;0,9
2707106;Chicken, fried, with potatoes, vegetable, frozen meal;157;10,3;8,13;10,6;1,7
2707107;Chicken patty, or nuggets, boneless, breaded, potatoes, vegetable, frozen meal;175;10,7;8,1;16;1,4
2707108;Chicken, fried, with potatoes, vegetable, dessert, frozen meal, large meat portion;201;10,9;9,93;18;1,3
2707109;Teriyaki chicken with rice and vegetable, diet frozen meal;126;5,65;1,56;22,5;0,7
2707110;Chicken with rice and vegetable, diet frozen meal;111;9,81;3,03;11;0,8
2707111;Chicken and vegetables au gratin with rice, diet frozen entree;120;10,7;5,41;7,24;0,8
2707112;Chicken and vegetable entree with rice, diet frozen meal;171;10,4;5,57;19,6;0,7
2707113;Chicken with noodles and cheese sauce, diet frozen meal;114;10,1;2,86;11,7;0,7
2707114;Chicken and vegetable entree with noodles, diet frozen meal;85;7,58;1,89;9,78;1,6
2707115;Chicken in soy-based sauce, rice and vegetables, frozen meal;109;6,56;0,91;18,1;1
2707116;Chicken and vegetable entree with noodles and cream sauce, frozen meal;124;8,48;5,18;10,7;0,9
2707117;Turkey with vegetable, stuffing, diet frozen meal;96;9,3;1,82;10,7;1,5
2707118;Turkey with gravy, dressing, potatoes, vegetable, frozen meal;128;6,97;3,89;16,3;1,3
2707119;Fish in lemon-butter sauce with starch item, vegetable, frozen meal;101;5,46;3,78;11;1,1
2707120;Shrimp and vegetables in sauce with noodles, diet frozen meal;91;5,29;1,72;13,4;1,5
2707121;Meat loaf dinner, NFS, frozen meal;134;6,66;7,4;10,1;1,2
2707122;Meat loaf with potatoes, vegetable, frozen meal;134;6,66;7,4;10,1;1,2
2707123;Soup, meatball;52;2,65;2,17;5,53;0,9
2707124;Soup, pho, with meat;77;5,81;3,33;5,6;0,4
2707125;Soup, pho, no meat;37;1,42;0,93;5,9;0,5
2707126;Soup, pepperpot;91;3,06;5,75;6,79;0,9
2707127;Soup, beef, canned;37;1,94;1,17;4,86;0,9
2707128;Soup, sopa or caldo de res;71;5,91;3,4;4,04;0,8
2707129;Soup, pozole;43;3,38;1,23;4,59;0,9
2707130;Soup, Italian wedding;66;3,57;2,4;7,38;0,9
2707131;Soup, pork or ham;48;3,14;2,17;4,04;0,8
2707132;Soup, broth;6;0,89;0,22;0,24;-
2707133;Soup, chicken, canned;33;2,02;0,72;4,86;0,9
2707134;Soup, chicken;40;3,44;1,14;4,04;0,8
2707135;Soup, sopa or caldo de pollo;55;6,23;1,58;4,04;0,8
2707136;Soup, hot and sour;39;2,58;1,21;4,35;0,5
2707137;Soup, cream of chicken;91;4;5,42;6,79;0,9
2707138;Soup, Manhattan clam chowder;35;2,48;0,51;5,26;0,8
2707139;Soup, New England clam chowder;93;3,12;4,8;9,25;1
2707140;Soup, bisque;75;2,28;4,81;5,9;0,9
2707141;Lobster gumbo;59;6,19;1,78;4,63;0,9
2707142;Shrimp gumbo;61;6,52;1,89;4,63;0,9
2707143;Soup, fish or shrimp;30;2,58;0,47;4,04;0,8
2707144;Gravy, poultry;48;0,71;2,62;5,29;0,1
2707145;Gravy, beef;53;3,75;2,36;4,81;0,4
2707146;Gravy, beef, fat free;53;3,75;2,36;4,81;0,4
2707147;Gravy, poultry, fat free;48;0,71;2,62;5,29;0,1
2707148;Gravy, made with soy sauce;46;0,82;0,29;9,82;0,1
2707149;Gravy, NFS;53;3,75;2,36;4,81;0,4
2707150;Oyster sauce;51;1,35;0,25;10,9;0,3
2707151;Mole sauce;75;0,98;3,82;10,8;1
2707152;Egg, whole, raw;143;12,4;9,96;0,96;-
2707153;Egg, whole, cooked, NS as to cooking method;176;11,8;13,9;0,92;-
2707154;Egg, whole, boiled or poached;143;12,4;9,96;0,96;-
2707155;Egg, whole, fried, NS as to fat;185;11,6;15;0,91;-
2707156;Egg, whole, fried no added fat;143;12,4;9,93;0,96;-
2707157;Egg, whole, fried with margarine;171;11,6;13,5;0,95;-
2707158;Egg, whole, fried with oil;192;11,6;15,8;0,9;-
2707159;Egg, whole, fried with butter;182;11,6;14,6;0,9;-
2707160;Egg, whole, fried with animal fat or meat drippings;188;11,7;15,3;0,9;-
2707161;Egg, whole, fried with cooking spray;149;12,2;10,6;1,15;-
2707162;Egg, whole, fried, NS as to fat type;185;11,6;15;0,91;-
2707163;Egg, whole, fried, from fast food / restaurant;192;11,6;15,8;0,9;-
2707164;Egg, whole, baked, NS as to fat;185;11,6;15;0,91;-
2707165;Egg, whole, baked, no added fat;143;12,4;9,93;0,96;-
2707166;Egg, whole, baked, fat added;185;11,6;15;0,91;-
2707167;Egg, whole, pickled;154;12,5;10,5;1,11;-
2707168;Egg, white only, raw;52;10,7;-;2,36;-
2707169;Egg, white, cooked, NS as to fat;100;9,99;5,72;2,21;-
2707170;Egg, white, cooked, no added fat;52;10,7;-;2,35;-
2707171;Egg, white, cooked, fat added;100;9,99;5,72;2,21;-
2707172;Egg, yolk only, raw;328;16,2;28,8;1,02;-
2707173;Egg, yolk only, cooked, NS as to fat;357;15,1;32,6;0,96;-
2707174;Egg, yolk only, cooked, no added fat;327;16,2;28,7;1,02;-
2707175;Egg, yolk only, cooked, fat added;357;15,1;32,6;0,96;-
2707176;Duck egg, cooked;224;12;18,6;1,36;-
2707177;Goose egg, cooked;224;12,9;18,1;1,27;-
2707178;Quail egg, canned;158;13;11,1;0,41;-
2707179;Egg, creamed;148;7,79;10,4;5,52;0,1
2707180;Egg, Benedict;288;13,8;22,1;8,48;0,6
2707181;Egg, deviled;198;11,5;15,9;1,07;-
2707182;Egg salad, made with mayonnaise;257;10,3;23,1;1,01;-
2707183;Egg salad, made with light mayonnaise;172;9,97;13;2,82;-
2707184;Egg salad, made with mayonnaise-type salad dressing;174;10,1;12,8;3,93;-
2707185;Egg salad, made with light mayonnaise-type salad dressing;172;9,97;13;2,82;-
2707186;Egg salad, made with creamy dressing;212;10,2;17,7;2,12;-
2707187;Egg salad, made with light creamy dressing;155;10,2;11,3;2,37;-
2707188;Egg salad, made with Italian dressing;172;10;12,7;3,38;-
2707189;Egg salad, made with light Italian dressing;143;9,98;9,74;2,98;-
2707190;Egg Salad, made with any type of fat free dressing;139;9,8;8,82;4,29;0,4
2707191;Huevos rancheros;121;6,68;6,65;8,85;1,7
2707192;Egg casserole with bread, cheese, milk and meat;175;11,4;9,75;10,2;0,4
2707193;Egg foo yung, NFS;125;11,7;6,16;5,2;0,3
2707194;Chicken egg foo yung;137;12,8;7,38;4,78;0,3
2707195;Pork egg foo yung;149;13,3;8,25;4,78;0,3
2707196;Shrimp egg foo yung;125;11,7;6,16;5,2;0,3
2707197;Beef egg foo yung;147;13,8;8,08;4,78;0,3
2707198;Egg omelet or scrambled egg, NS as to fat;185;11,6;15;0,91;-
2707199;Egg omelet or scrambled egg, made with margarine;171;11,6;13,5;0,95;-
2707200;Egg omelet or scrambled egg, made with oil;192;11,6;15,8;0,9;-
2707201;Egg omelet or scrambled egg, made with butter;182;11,6;14,6;0,9;-
2707202;Egg omelet or scrambled egg, made with animal fat or meat drippings;188;11,7;15,3;0,9;-
2707203;Egg omelet or scrambled egg, made with cooking spray;149;12,2;10,6;1,15;-
2707204;Egg omelet or scrambled egg, NS as to fat type;185;11,6;15;0,91;-
2707205;Egg omelet or scrambled egg, no added fat;143;12,4;9,93;0,96;-
2707206;Egg omelet or scrambled egg, from fast food / restaurant;192;11,6;15,8;0,9;-
2707207;Egg omelet or scrambled egg, with cheese, made with margarine;194;12,6;15,4;1,45;-
2707208;Egg omelet or scrambled egg, with cheese, made with oil;212;12,6;17,4;1,4;-
2707209;Egg omelet or scrambled egg, with cheese, made with butter;203;12,7;16,3;1,41;-
2707210;Egg omelet or scrambled egg, with cheese, made with animal fat or meat drippings;209;12,8;16,9;1,4;-
2707211;Egg omelet or scrambled egg, with cheese, made with cooking spray;176;13,3;12,9;1,65;-
2707212;Egg omelet or scrambled egg, with cheese, no added fat;171;13,4;12,3;1,49;-
2707213;Egg omelet or scrambled egg, with meat, NS as to fat;193;12,7;15,4;0,99;-
2707214;Egg omelet or scrambled egg, with meat, made with margarine;181;12,7;14,1;1,03;-
2707215;Egg omelet or scrambled egg, with meat, made with oil;199;12,7;16,1;0,98;-
2707216;Egg omelet or scrambled egg, with meat, made with butter;190;12,7;15;0,99;-
2707217;Egg omelet or scrambled egg, with meat, made with animal fat or meat drippings;196;12,8;15,6;0,98;-
2707218;Egg omelet or scrambled egg, with meat, made with cooking spray;162;13,4;11,5;1,21;-
2707219;Egg omelet or scrambled egg, with meat, NS as to fat type;193;12,7;15,4;0,99;-
2707220;Egg omelet or scrambled egg, with meat, no added fat;157;13,5;11;1,04;-
2707221;Egg omelet or scrambled egg, with cheese and meat, NS as to fat;209;13,3;16,7;1,43;-
2707222;Egg omelet or scrambled egg, with cheese and meat, made with margarine;198;13,3;15,5;1,46;-
2707223;Egg omelet or scrambled egg, with cheese and meat, made with oil;215;13,3;17,4;1,42;-
2707224;Egg omelet or scrambled egg, with cheese and meat, made with butter;207;13,3;16,4;1,42;-
2707225;Egg omelet or scrambled egg, with cheese and meat, made with animal fat or meat drippings;212;13,4;17;1,42;-
2707226;Egg omelet or scrambled egg, with cheese and meat, made with cooking spray;182;13,9;13,3;1,65;-
2707227;Egg omelet or scrambled egg, with cheese and meat, NS as to fat type;209;13,3;16,7;1,43;-
2707228;Egg omelet or scrambled egg, with cheese and meat, no added fat;177;14;12,8;1,5;-
2707229;Egg omelet or scrambled egg, with tomatoes, fat added;165;10,3;13,2;1,47;0,2
2707230;Egg omelet or scrambled egg, with tomatoes, no added fat;127;10,9;8,67;1,55;0,2
2707231;Egg omelet or scrambled egg, with tomatoes, NS as to fat;165;10,3;13,2;1,47;0,2
2707232;Egg omelet or scrambled egg, with dark-green vegetables, fat added;166;10,5;13,2;1,35;0,2
2707233;Egg omelet or scrambled egg, with dark-green vegetables, no added fat;129;11,1;8,71;1,42;0,3
2707234;Egg omelet or scrambled egg, with dark-green vegetables, NS as to fat;166;10,5;13,2;1,35;0,2
2707235;Egg omelet or scrambled egg, with tomatoes and dark-green vegetables, fat added;165;10,3;13,1;1,44;0,2
2707236;Egg omelet or scrambled egg, with tomatoes and dark-green vegetables, no fat added;127;10,9;8,62;1,51;0,2
2707237;Egg omelet or scrambled egg, with tomatoes and dark-green vegetables, NS as to fat;165;10,3;13,1;1,44;0,2
2707238;Egg omelet or scrambled egg, with vegetables other than dark green and/or tomatoes, fat added;167;10,6;13,2;1,5;0,3
2707239;Egg omelet or scrambled egg, with vegetables other than dark green and/or tomatoes, no added fat;129;11,2;8,69;1,58;0,3
2707240;Egg omelet or scrambled egg, with vegetables other than dark green and/or tomatoes, NS as to fat;167;10,6;13,2;1,5;0,3
2707241;Egg omelet or scrambled egg, with cheese and tomatoes, fat added;186;11,4;14,9;1,86;0,2
2707242;Egg omelet or scrambled egg, with cheese and tomatoes, no added fat;154;12;10,9;1,95;0,2
2707243;Egg omelet or scrambled egg, with cheese and tomatoes, NS as to fat;186;11,4;14,9;1,86;0,2
2707244;Egg omelet or scrambled egg, with cheese and dark-green vegetables, fat added;187;11,6;14,9;1,75;0,2
2707245;Egg omelet or scrambled egg, with cheese and dark-green vegetables, no added fat;155;12,2;11;1,84;0,2
2707246;Egg omelet or scrambled egg, with cheese and dark-green vegetables, NS as to fat;187;11,6;14,9;1,75;0,2
2707247;Egg omelet or scrambled egg, with cheese, tomatoes, and dark-green vegetables, fat added;186;11,4;14,8;1,83;0,2
2707248;Egg omelet or scrambled egg, with cheese, tomatoes, and dark-green vegetables, no added fat;153;12;10,9;1,92;0,2
2707249;Egg omelet or scrambled egg, with cheese, tomatoes, and dark-green vegetables, NS as to fat;186;11,4;14,8;1,83;0,2
2707250;Egg omelet or scrambled egg, with cheese and vegetables other than dark green and/or tomatoes, fat added;188;11,6;14,9;1,89;0,2
2707251;Egg omelet or scrambled egg, with cheese and vegetables other than dark green and/or tomatoes, no added fat;155;12,2;11;1,98;0,2
2707252;Egg omelet or scrambled egg, with cheese and vegetables other than dark green and/or tomatoes, NS as to fat;188;11,6;14,9;1,89;0,2
2707253;Egg omelet or scrambled egg, with meat and tomatoes, fat added;172;11,1;13,5;1,48;0,2
2707254;Egg omelet or scrambled egg, with meat and tomatoes, no added fat;137;11,7;9,4;1,55;0,2
2707255;Egg omelet or scrambled egg, with meat and tomatoes, NS as to fat;172;11,1;13,5;1,48;0,2
2707256;Egg omelet or scrambled egg, with meat and dark-green vegetables, fat added;173;11,3;13,6;1,37;0,2
2707257;Egg omelet or scrambled egg, with meat and dark-green vegetables, no added fat;138;11,9;9,44;1,44;0,2
2707258;Egg omelet or scrambled egg, with meat and dark-green vegetables, NS as to fat;173;11,3;13,6;1,37;0,2
2707259;Egg omelet or scrambled egg, with meat, tomatoes, and dark-green vegetables, fat added;174;11,5;13,6;1,46;0,2
2707260;Egg omelet or scrambled egg, with meat, tomatoes, and dark-green vegetables, no added fat;141;12,1;9,68;1,52;0,2
2707261;Egg omelet or scrambled egg, with meat, tomatoes, and dark-green vegetables, NS as to fat;174;11,5;13,6;1,46;0,2
2707262;Egg omelet or scrambled egg, with meat and vegetables other than dark-green and/or tomatoes, fat added;173;11,3;13,6;1,51;0,2
2707263;Egg omelet or scrambled egg, with meat and vegetables other than dark-green and/or tomatoes, no added fat;139;12;9,42;1,58;0,2
2707264;Egg omelet or scrambled egg, with meat and vegetables other than dark-green and/or tomatoes, NS as to fat;173;11,3;13,6;1,51;0,2
2707265;Egg omelet or scrambled egg, with cheese, meat, and tomatoes, fat added;199;12,6;15,8;1,66;0,1
2707266;Egg omelet or scrambled egg, with cheese, meat, and tomatoes, no added fat;168;13,2;12;1,74;0,1
2707267;Egg omelet or scrambled egg, with cheese, meat, and tomatoes, NS as to fat;199;12,6;15,8;1,66;0,1
2707268;Egg omelet or scrambled egg, with cheese, meat, and dark-green vegetables, fat added;199;12,7;15,8;1,6;0,1
2707269;Egg omelet or scrambled egg, with cheese, meat, and dark-green vegetables, no added fat;169;13,3;12;1,68;0,1
2707270;Egg omelet or scrambled egg, with cheese, meat, and dark-green vegetables, NS as to fat;199;12,7;15,8;1,6;0,1
2707271;Egg omelet or scrambled egg, with cheese, meat, tomatoes, and dark-green vegetables, fat added;190;12,1;15;1,81;0,2
2707272;Egg omelet or scrambled egg, with cheese, meat, tomatoes, and dark-green vegetables, no added fat;160;12,6;11,4;1,89;0,2
2707273;Egg omelet or scrambled egg, with cheese, meat, tomatoes, and dark-green vegetables, NS as to fat;190;12,1;15;1,81;0,2
2707274;Egg omelet or scrambled egg, with cheese, meat, and vegetables other than dark-green and/or tomatoes, fat added;200;12,7;15,8;1,67;0,1
2707275;Egg omelet or scrambled egg, with cheese, meat, and vegetables other than dark-green and/or tomatoes, no added fat;169;13,4;12;1,75;0,1
2707276;Egg omelet or scrambled egg, with cheese, meat, and vegetables other than dark-green and/or tomatoes, NS as to fat;200;12,7;15,8;1,67;0,1
2707277;Egg omelet or scrambled egg, with potatoes and/or onions, fat added;172;10,4;13,2;2,97;0,3
2707278;Egg omelet or scrambled egg, with potatoes and/or onions, no added fat;134;11;8,65;3,14;0,3
2707279;Egg omelet or scrambled egg, with potatoes and/or onions, NS as to fat;172;10,4;13,2;2,97;0,3
2707280;Egg salad sandwich on white;260;9,98;16,6;17,1;0,8
2707281;Egg salad sandwich on wheat;259;10,6;16,8;15,8;1,8
2707282;Soup, egg drop;27;1,16;0,61;4,29;0,4
2707283;Egg white omelet, scrambled, or fried, NS as to fat;100;9,99;5,72;2,21;-
2707284;Egg white omelet, scrambled, or fried, made with margarine;86;9,98;4,24;2,25;-
2707285;Egg white omelet, scrambled, or fried, made with oil;107;9,97;6,52;2,2;-
2707286;Egg white omelet, scrambled, or fried, made with butter;97;10;5,36;2,2;-
2707287;Egg white omelet, scrambled, or fried, made with cooking spray;59;10,6;0,78;2,53;-
2707288;Egg white omelet, scrambled, or fried, NS as to fat type;100;9,99;5,72;2,21;-
2707289;Egg white omelet, scrambled, or fried, no added fat;52;10,7;-;2,35;-
2707290;Egg white, omelet, scrambled, or fried, with cheese;132;11,3;8,51;2,56;-
2707291;Egg white, omelet, scrambled, or fried, with meat;119;11,3;7,21;2,14;-
2707292;Egg white, omelet, scrambled, or fried, with vegetables;92;9,13;5,09;2,49;0,2
2707293;Egg white, omelet, scrambled, or fried, with cheese and meat;141;12;9,21;2,49;-
2707294;Egg white, omelet, scrambled, or fried, with cheese and vegetables;121;10,4;7,64;2,77;0,2
2707295;Egg white, omelet, scrambled, or fried, with meat and vegetables;104;10;6,05;2,43;0,2
2707296;Egg white, omelet, scrambled, or fried, with cheese, meat, and vegetables;135;11,5;8,72;2,6;0,1
2707297;Meringues;324;7,17;0,04;75,3;-
2707298;Egg substitute, omelet, scrambled, or fried, fat added;96;9,34;5,72;1,88;-
2707299;Egg substitute, omelet, scrambled, or fried, no added fat;48;9,97;-;1,99;-
2707300;Egg substitute, omelet, scrambled, or fried, with cheese;128;10,7;8,51;2,26;-
2707301;Egg substitute, omelet, scrambled, or fried, with meat;115;10,8;7,21;1,84;-
2707302;Egg substitute, omelet, scrambled, or fried, with vegetables;89;8,56;5,09;2,2;0,2
2707303;Egg substitute, omelet, scrambled, or fried, with cheese and meat;138;11,5;9,21;2,21;-
2707304;Egg substitute, omelet, scrambled, or fried, with cheese and vegetables;118;9,85;7,64;2,51;0,2
2707305;Egg substitute, omelet, scrambled, or fried, with meat and vegetables;101;9,48;6,05;2,15;0,2
2707306;Egg substitute, omelet, scrambled, or fried, with cheese, meat, and vegetables;132;11;8,72;2,35;0,1
2707307;Egg sandwich on white bread;228;10,5;9,05;26,1;1,2
2707308;Egg sandwich on white bread, with cheese;248;12;12;22,8;1
2707309;Egg sandwich on white bread, with meat;267;12,1;15,6;19,4;0,9
2707310;Egg sandwich on white bread, with meat and cheese;278;13,1;17,2;17,7;0,8
2707311;Egg sandwich on wheat bread;226;11,5;9,25;24,1;2,8
2707312;Egg sandwich on wheat bread, with cheese;246;12,9;12,2;21,2;2,4
2707313;Egg sandwich on wheat bread, with meat;266;12,9;15,8;18;2,1
2707314;Egg sandwich on wheat bread, with meat and cheese;277;13,8;17,3;16,5;1,8
2707315;Egg sandwich on English muffin;230;11,7;11,2;20,6;1,5
2707316;Egg sandwich on English muffin, with sausage;264;12,9;16,5;16;1,2
2707317;Egg sandwich on English muffin, with bacon;255;14,1;13,7;18,6;1,4
2707318;Egg sandwich on English muffin, with ham;222;12,2;10,7;19,3;1,4
2707319;Egg sandwich on croissant;309;11,4;19,7;21,4;1,1
2707320;Egg sandwich on croissant, with sausage;325;12,7;23;16,6;0,9
2707321;Egg sandwich on croissant, with bacon;326;13,8;21,3;19,3;1
2707322;Egg sandwich on croissant, with ham;284;12,3;17,8;18,8;1
2707323;Egg sandwich on biscuit;298;10,7;18,8;21,6;1,2
2707324;Egg sandwich on biscuit, with sausage;310;11;21,4;18,6;1
2707325;Egg sandwich on biscuit, with sausage and cheese;316;12;22,1;17;0,9
2707326;Egg sandwich on biscuit, with bacon;309;11,9;19,2;21,8;1,2
2707327;Egg sandwich on biscuit, with bacon and cheese;315;13;20,4;19,6;1,1
2707328;Egg sandwich on bagel;251;12;8,43;31,8;0,9
2707329;Egg sandwich on bagel, with sausage;274;12,8;13,1;26,2;0,8
2707330;Egg sandwich on bagel, with bacon;268;13,7;10,5;29,4;0,9
2707331;Egg sandwich on bagel, with ham;238;12,6;8,04;28,9;0,9
2707332;Egg sandwich on griddle/pancake;242;8,32;13,2;22,8;0,8
2707333;Egg sandwich on griddle/pancake, with meat;287;11,7;19,8;15,6;0,5
2707334;Egg white sandwich;166;9,41;3,62;24,1;1,8
2707335;Egg white sandwich, with cheese;196;11,1;7,45;21,2;1,5
2707336;Egg white sandwich, with meat;195;12,8;8,43;17;1,2
2707337;Bacon biscuit sandwich;382;13,7;23,2;29,3;1,6
2707338;Ham biscuit sandwich;322;11,6;18,1;28,2;1,6
2707339;Sausage biscuit sandwich;372;10,7;24,5;27,2;1,6
2707340;Sausage biscuit sandwich, with cheese;370;12,2;25,1;23,7;1,3
2707341;Sausage English muffin sandwich;300;13,5;17,2;22,8;1,7
2707342;Sausage griddle/pancake sandwich;278;10,5;18,7;17;0,6
2707343;Egg burrito;249;10,9;13,7;20,1;1,4
2707344;Egg burrito, with sausage;257;11,3;15;18,9;1,3
2707345;Egg burrito, with bacon;260;12,1;14,8;19,1;1,3
2707346;Egg burrito, with ham;242;11,3;13,2;19,1;1,3
2707347;Beans, NFS;189;8,34;7,08;23,8;8,3
2707348;Beans, from dried, NS as to type, fat added;189;8,34;7,08;23,8;8,3
2707349;Beans, from dried, NS as to type, no added fat;139;8,92;0,62;25,4;8,9
2707350;Beans, from canned, NS as to type, fat added;185;7,66;6,83;24,1;8
2707351;Beans, from canned, NS as to type, no added fat;136;7,96;0,81;25;8,3
2707352;Beans, from fast food / restaurant, NS as to type;206;8,77;9,32;22,6;5,7
2707353;White beans, NFS;188;9,04;6,83;23,3;5,9
2707354;White beans, from dried, fat added;188;9,04;6,83;23,3;5,9
2707355;White beans, from dried, no added fat;138;9,67;0,35;24,9;6,3
2707356;White beans, from canned, fat added;211;10,4;6,06;29,8;6,9
2707357;White beans, from canned, no added fat;168;10,8;0,57;30,9;7,2
2707358;White beans, from canned, reduced sodium;211;10,4;6,06;29,8;6,9
2707359;Black beans, NFS;181;8,23;7,01;22;8,1
2707360;Black beans, from dried, fat added;181;8,23;7,01;22;8,1
2707361;Black beans, from dried, no added fat;131;8,81;0,54;23,6;8,6
2707362;Black beans, from canned, fat added;178;8,54;5,92;23,4;9,8
2707363;Black beans, from canned, no added fat;134;8,87;0,43;24,3;10,1
2707364;Black beans, from canned, reduced sodium;178;8,54;5,92;23,4;9,8
2707365;Black beans, from fast food / restaurant;200;7,98;9,49;21,4;7,8
2707366;Black beans with meat;177;10,6;6,81;19,1;7
2707367;Fava beans, cooked;161;7,06;6,88;18,3;5
2707368;Lima beans, NFS;165;7,25;6,86;19,4;6,5
2707369;Lima beans, from dried;165;7,25;6,86;19,4;6,5
2707370;Pink beans, cooked;197;8,42;6,96;25,9;4,9
2707371;Pinto beans, NFS;191;8,37;7,11;24,4;8,4
2707372;Pinto beans, from dried, fat added;191;8,37;7,11;24,4;8,4
2707373;Pinto beans, from dried, no added fat;142;8,96;0,65;26,1;8,9
2707374;Pinto beans, from canned, fat added;188;7,37;7,13;24,3;7,4
2707375;Pinto beans, from canned, no added fat;137;7,66;0,93;25,3;7,7
2707376;Pinto beans, from canned, reduced sodium;188;7,38;7,14;24,4;7,4
2707377;Pinto beans, from fast food / restaurant;210;8,12;9,6;23,6;8,1
2707378;Pinto beans with meat;186;10,7;6,9;21,1;7,2
2707379;Kidney beans, NFS;177;8,06;6,97;21,2;6,9
2707380;Kidney beans, from dried, fat added;177;8,06;6,97;21,2;6,9
2707381;Kidney beans, from dried, no added fat;126;8,62;0,5;22,7;7,4
2707382;Kidney beans, from canned, fat added;186;8,37;6,82;23,8;7,7
2707383;Kidney beans, from canned, no added fat;135;8,7;0,6;24,7;8
2707384;Kidney beans, from canned, reduced sodium;186;8,37;6,82;23,8;8,5
2707385;Kidney beans, from fast food / restaurant;195;7,81;9,46;20,5;6,7
2707386;Kidney beans with meat;173;10,5;6,78;18,3;5,9
2707387;Peruvian beans, from dried;192;8,51;7,51;23,5;9,7
2707388;Soybeans, cooked;218;16,9;14,8;7,77;5,6
2707389;Mung beans, cooked;156;6,52;6,86;17,8;7,1
2707390;Baked beans;105;4,52;0,89;21,6;4,4
2707391;Baked beans, vegetarian;94;4,75;0,37;21,1;4,1
2707392;Baked beans from fast food / restaurant;116;4,38;1,35;23,3;4,3
2707393;Beans and tomatoes, no added fat;101;6,37;0,51;18,8;6,4
2707394;Beans and tomatoes, fat added;142;6,05;5,58;17,8;6,1
2707395;Black bean salad;94;3,08;3,85;12,6;3,4
2707396;Refried beans;90;4,98;2,01;13,6;3,7
2707397;Refried beans, from fast food / restaurant;177;6,7;9,48;16,3;7,8
2707398;Refried beans with meat;99;7,81;2,51;11,8;3,2
2707399;Refried beans, from canned, reduced sodium;89;4,98;2,01;13,6;3,7
2707400;Bean dip, made with refried beans;119;5,44;3,7;15,9;4,9
2707401;Layer dip;146;5,41;11,3;6,67;2,1
2707402;Hummus, plain;243;7,35;17,1;14,9;5,4
2707403;Hummus, flavored;241;7,22;17,1;14,6;5,3
2707404;Black bean sauce;168;6,28;8,45;17,4;2,6
2707405;Beans and franks;138;6,74;5,22;17,3;3,3
2707406;Pork and beans;105;4,52;0,89;21,6;4,4
2707407;Beans with meat, NS as to type;184;10,7;6,88;20,6;7,1
2707408;Falafel;514;8,28;41,2;29;4,8
2707409;Bean cake;414;5,8;21,4;49,9;3
2707410;Baked beans, reduced sodium;104;4,77;0,4;20,4;5,5
2707411;Chili, vegetarian;119;6,28;2,42;18,9;6
2707412;Blackeyed peas, NFS;166;7,18;7;19,3;6
2707413;Blackeyed peas, from dried;166;7,18;7;19,3;6
2707414;Chickpeas, NFS;211;8,23;8,91;25,5;7,1
2707415;Chickpeas, from dried, fat added;211;8,23;8,91;25,5;7,1
2707416;Chickpeas, from dried, no added fat;163;8,81;2,58;27,3;7,6
2707417;Chickpeas, from canned, fat added;197;7,88;9,35;21,6;7
2707418;Chickpeas, from canned, no added fat;146;8,19;3,24;22,4;7,3
2707419;Chickpeas, from canned, reduced sodium;197;7,89;9,37;21,6;7,1
2707420;Split peas, from dried, no added fat;117;8,29;0,39;21;8,2
2707421;Split peas, from dried, fat added;168;7,75;6,87;19,6;7,7
2707422;Wasabi peas;432;14,1;14,1;62,2;3,8
2707423;Lentils, NFS;166;8,38;6,86;18,7;7,3
2707424;Lentils, from dried, fat added;166;8,38;6,86;18,7;7,3
2707425;Lentils, from dried, no added fat;115;8,97;0,38;20;7,9
2707426;Lentils, from canned;166;8,36;6,84;18,7;7,3
2707427;Dal;145;8,6;4,31;19,2;7,5
2707428;Bean chips;448;14,6;21,6;53,1;9,7
2707429;Papad, grilled or broiled;371;25,6;3,25;59,9;18,6
2707430;Sambar, vegetable stew;86;4,33;2,71;11,8;4
2707431;Lentil curry;111;3,68;5,65;12,3;3,4
2707432;Lentil curry with rice;118;3,28;3,5;18,6;2,2
2707433;Soy nuts;469;38,6;25,4;30,2;17,7
2707434;Soy chips;385;26,5;7,35;53,2;3,5
2707435;Soybean curd;61;7,17;3,69;1,18;0,2
2707436;Edamame, cooked;140;11,5;7,58;8,63;5
2707437;Soybean curd cheese;151;12,5;8,1;6,9;-
2707438;Miso sauce;429;3,43;41;14;1,2
2707439;Miso;198;12,8;6,01;25,4;5,4
2707440;Natto;211;19,4;11;12,7;5,4
2707441;Hoisin sauce;220;3,31;3,39;44,1;2,8
2707442;Soy sauce;53;8,14;0,57;4,93;0,8
2707443;Soy sauce, reduced sodium;57;9,05;0,3;5,59;0,7
2707444;Yogurt, soy;90;4,83;2,63;12,3;0,9
2707445;Teriyaki sauce;89;5,93;0,02;15,6;0,1
2707446;Teriyaki sauce, reduced sodium;89;5,93;0,02;15,6;0,1
2707447;Worcestershire sauce;77;-;-;19,2;-
2707448;Soybean curd, deep fried;270;18,8;20,2;8,86;3,9
2707449;Soybean curd, breaded, fried;150;8,39;9,62;8,71;0,7
2707450;Vermicelli, made from soybeans;126;0,04;0,04;31,4;1,5
2707451;Textured vegetable protein, dry;366;51,1;3,33;32,9;17,5
2707452;Frozen dessert, non-dairy;159;0,87;9,27;18,2;0,1
2707453;Soup, bean;67;3,76;0,76;11,6;4
2707454;Soup, bean, canned;47;2,44;0,68;8,1;2,7
2707455;Soup, miso or tofu;24;2,21;0,85;2,3;0,6
2707456;Soup, bean, canned, reduced sodium;47;2,45;0,68;8,12;2,7
2707457;Soup, bean, with meat;84;5,88;2,35;10;3,5
2707458;Soup, split pea, with meat;80;5,57;2,42;9,1;3,3
2707459;Soup, split pea;61;3,55;0,7;10,6;3,8
2707460;Soup, lentil, canned;43;2,48;0,64;7,22;2,5
2707461;Soup, lentil, canned, reduced sodium;43;2,49;0,64;7,23;2,5
2707462;Soup, lentil;60;3,82;0,69;10,2;3,7
2707463;Soup, lentil, with meat;78;5,94;2,3;8,76;3,2
2707464;Soup, mulligatawany;48;1,68;1,67;7;1,8
2707465;Bacon strip, meatless;309;11,7;29,5;5,31;2,6
2707466;Bacon bits;476;32;25,9;28,6;10,2
2707467;Breakfast link, pattie, or slice, meatless;255;20,3;18,2;8,09;2,8
2707468;Chicken, meatless, NFS;224;23,6;12,7;3,64;3,6
2707469;Chicken, meatless, breaded, fried;234;21,3;12,8;8,51;4,3
2707470;Hot dog, vegetarian;233;19,6;13,7;7,7;3,9
2707471;Luncheon slice, meatless-beef, chicken, salami or turkey;189;17,8;11,1;4,44;1,1
2707472;Meatball, meatless;197;21;9;8;4,6
2707473;Veggie burger patty, no bun;177;15,7;6,3;14,3;4,9
2707474;Swiss steak, with gravy, meatless;180;12,7;8,09;14,1;4
2707475;Pot pie, no meat;242;5,44;12,2;28;3,5
2707476;Tofu and vegetables including carrots, broccoli, and/or dark-green leafy; no potatoes, with soy-based sauce;92;4,11;6,71;4,68;1,2
2707477;Tofu and vegetables excluding carrots, broccoli, and dark-green leafy; no potatoes, with soy-based sauce;93;4,21;6,94;4,4;0,9
2707478;Vegetarian, fillet;290;23;18;9;6,1
2707479;Vegetarian stew;33;0,67;2,15;3,12;1,1
2707480;Vegetarian stroganoff;167;7,69;10;11,8;2,6
2707481;Veggie burger, on bun;224;13;5,2;30,8;3,5
2707482;Veggie burger, on bun, with cheese;243;14;8,43;27,2;3
2707483;Falafel sandwich;265;6,22;14,8;27;2,5
2707484;Nuts, NFS;610;19,6;53,8;20,9;7,4
2707485;Almonds, NFS;598;21;52,5;21;10,9
2707486;Almonds, unroasted;626;21,4;51,1;20;10,8
2707487;Almonds, salted;601;20,1;53,4;20,2;10,5
2707488;Almonds, lightly salted;604;20,2;53,7;20,3;10,5
2707489;Almonds, unsalted;607;20,3;54;20,4;10,6
2707490;Almonds, flavored;599;20,1;53,3;20,1;10,4
2707491;Almonds, honey roasted;579;14,1;45,3;35,8;7,3
2707492;Brazil nuts;659;14,3;67,1;11,7;7,5
2707493;Cashews, NFS;574;15,3;46,4;32,7;3
2707494;Cashews, unroasted;574;15,3;46,4;32,7;3
2707495;Cashews, salted;578;14,7;47,5;31,4;2,9
2707496;Cashews, lightly salted;581;14,8;47,7;31,6;2,9
2707497;Cashews, unsalted;584;14,8;48;31,7;2,9
2707498;Cashews, honey roasted;563;10,3;41,2;43,7;2
2707499;Chestnuts;245;3,17;2,2;53;5,1
2707500;Coconut, fresh;354;3,33;33,5;15,2;9
2707501;Coconut, packaged;456;3,13;28;51,8;9,9
2707502;Hazelnuts;628;15;60,8;16,7;9,7
2707503;Macadamia nuts;716;7,79;76,1;12,8;8
2707504;Mixed nuts, NFS;610;19,6;53,8;20,9;7,4
2707505;Mixed nuts, unroasted;616;17;54,6;22,9;7,2
2707506;Mixed nuts, with peanuts, salted;610;19,6;53,8;20,9;7,4
2707507;Mixed nuts, with peanuts, lightly salted;612;19,7;54;21;7,4
2707508;Mixed nuts, with peanuts, unsalted;615;19,8;54,2;21,1;7,5
2707509;Mixed nuts, without peanuts, salted;620;16,3;55,5;22;6,9
2707510;Mixed nuts, without peanuts, unsalted;625;16,4;56;22,2;7
2707511;Mixed nuts, honey roasted;586;15,4;46,7;33,1;5,8
2707512;Peanuts, NFS;587;24,4;49,7;21,3;8,4
2707513;Peanuts, boiled;318;13,5;22;21,3;8,8
2707514;Peanuts, unroasted;567;25,8;49,2;16,1;8,5
2707515;Peanuts, roasted, salted;599;28;52,5;15,3;9,4
2707516;Peanuts, roasted, unsalted;599;28;52,5;15,3;9,4
2707517;Peanuts, dry roasted, salted;587;24,4;49,7;21,3;8,4
2707518;Peanuts, dry roasted, lightly salted;584;24,2;49,4;21,2;8,4
2707519;Peanuts, dry roasted, unsalted;587;24,4;49,7;21,3;8,4
2707520;Peanuts, honey roasted;574;20,7;45,2;30;7,1
2707521;Pecans, NFS;750;9,96;73,3;12,7;5,8
2707522;Pecans, unroasted;750;9,96;73,3;12,7;5,8
2707523;Pecans, salted;747;9,57;73,4;12,2;5,6
2707524;Pecans, unsalted;754;9,66;74,1;12,3;5,6
2707525;Pecans, honey roasted;681;6,71;59,3;30,2;3,9
2707526;Pine nuts;673;13,7;68,4;13,1;3,7
2707527;Pistachio nuts, NFS;572;21;45,8;28,3;10,3
2707528;Pistachio nuts, salted;576;20,2;47;27,2;9,9
2707529;Pistachio nuts, lightly salted;579;20,3;47,2;27,3;9,9
2707530;Pistachio nuts, unsalted;582;20,4;47,4;27,4;10
2707531;Walnuts, excluding honey roasted;730;14,6;69,7;10,9;5,2
2707532;Walnuts, honey roasted;668;9,8;56,9;29;3,5
2707533;Almond butter;641;20,7;52,7;21,1;9,6
2707534;Almond butter, lower sodium;645;20,8;53;21,2;9,7
2707535;Almond paste;458;9;27,7;47,8;4,8
2707536;Cashew butter;609;12,1;53;30,3;3
2707537;Peanut butter;598;22,2;51,4;22,3;5
2707538;Peanut butter, lower sodium;598;22,2;51,4;22,3;5
2707539;Peanut butter, lower sodium and lower sugar;624;23,5;53,1;18,3;6,4
2707540;Peanut butter, lower sugar;650;24,8;54,9;14,2;7,8
2707541;Peanut butter, reduced fat;520;25,9;34;35,6;5,2
2707542;Peanut butter, vitamin and mineral fortified;591;25,7;50,8;18,8;5,6
2707543;Peanut butter and jelly;432;11,2;25,7;46,1;3
2707544;Peanut butter and chocolate spread;498;11,7;34,5;42,8;3
2707545;Soy nut butter;613;23;50;23;10,6
2707546;Peanut sauce;257;6,31;16;22;1,8
2707547;Soup, peanut;88;3,24;5,29;8,36;1,7
2707548;Gravy, vegetarian;144;3,84;10,2;9,21;0,2
2707549;Peanut butter sandwich, NFS;382;13,9;20,2;39,8;3,2
2707550;Peanut butter sandwich, with regular peanut butter, on white bread;382;13,9;20,2;39,8;3,2
2707551;Peanut butter sandwich, with regular peanut butter, on wheat bread;380;15,2;20,5;37,4;5,3
2707552;Peanut butter sandwich, with reduced fat peanut butter, on white bread;355;15,2;14,2;44,5;3,3
2707553;Peanut butter sandwich, with reduced fat peanut butter, on wheat bread;353;16,4;14,4;42;5,3
2707554;Peanut butter and jelly sandwich, NFS;361;11,4;16,6;45,2;2,8
2707555;Peanut butter and jelly sandwich, with regular peanut butter, regular jelly, on white bread;361;11,4;16,6;45,2;2,8
2707556;Peanut butter and jelly sandwich, with regular peanut butter, regular jelly, on wheat bread;360;12,5;16,8;43,2;4,5
2707557;Peanut butter and jelly sandwich, with reduced fat peanut butter, on white bread;339;12,5;11,6;49;2,9
2707558;Peanut butter and jelly sandwich, with reduced fat peanut butter, on wheat bread;337;13,5;11,8;47;4,6
2707559;Peanut butter and jelly sandwich, with regular peanut butter, reduced sugar jelly, on white bread;341;11,4;16,6;39,4;2,9
2707560;Peanut butter and jelly sandwich, with regular peanut butter, reduced sugar jelly, on wheat bread;339;12,4;16,8;37,4;4,6
2707561;Peanut butter and jelly sandwich, frozen commercial product without crusts;361;11,4;16,6;45,2;2,8
2707562;Almond butter sandwich, on white bread;397;13,3;20,7;39,4;4,9
2707563;Almond butter sandwich, on wheat bread;395;14,6;20,9;37;6,9
2707564;Almond butter and jelly sandwich, on white bread;374;11;17;44,9;4,2
2707565;Almond butter and jelly sandwich, on wheat bread;372;12;17,2;42,9;5,8
2707566;Nutella sandwich on white bread;362;8,03;12,7;53,8;3,4
2707567;Nutella sandwich on wheat bread;359;9,32;12,9;51,3;5,4
2707568;Coconut milk, used in cooking;230;2,29;23,8;5,54;2,2
2707569;Yogurt, coconut milk;108;2,37;5,61;12,9;1,2
2707570;Yogurt, almond milk;128;3,03;7,03;13;1,5
2707571;Coconut cream, canned, sweetened;357;1,17;16,3;53,2;0,2
2707572;Coconut water, unsweetened;18;0,22;-;4,24;-
2707573;Coconut water, sweetened;37;0,21;0,02;9,07;-
2707574;Trail mix, NFS;454;10,9;26,8;51,1;6,4
2707575;Trail mix with nuts;604;20,1;53;21,1;7,9
2707576;Trail mix with nuts and fruit;454;10,9;26,8;51,1;6,4
2707577;Trail mix with chocolate;503;11,6;32,3;48,3;5,9
2707578;Trail mix with pretzels, cereal, or granola;476;13,1;27,7;50,6;6
2707579;Pumpkin seeds, NFS;574;29,8;49;14,7;6,5
2707580;Pumpkin seeds, salted;567;29,5;48,5;14,5;6,4
2707581;Pumpkin seeds, unsalted;574;29,8;49;14,7;6,5
2707582;Sunflower seeds, plain, unsalted;582;19,3;49,8;24,1;11,1
2707583;Sunflower seeds, plain, salted;575;19,1;49,2;23,8;11
2707584;Sunflower seeds, flavored;567;18,4;47,6;25,9;10,6
2707585;Sunflower seeds, NFS;582;19,3;49,8;24,1;11,1
2707586;Sesame seeds;631;20,4;61,2;11,7;11,6
2707587;Tahini;697;19,7;62,4;14,2;8,4
2707588;Flax seeds;545;18;37,3;34,4;23,1
2707589;Mixed seeds;580;22;49,6;21,7;10
2707590;Chia seeds;486;16,5;30,7;42,1;34,4
2707591;Bread, NS as to major flour;267;9,43;3,59;49,2;2,3
2707592;Bread, NS as to major flour, toasted;293;10,4;3,94;54,1;2,5
2707593;Bread, made from home recipe or purchased at a bakery, NS as to major flour;272;10,1;3,44;50,3;1,7
2707594;Bread, made from home recipe or purchased at a bakery, toasted, NS as to major flour;299;11,1;3,78;55,2;1,9
2707595;Roll, NS as to major flour;279;9,77;3,91;50,1;1,8
2707596;Roll, hard, NS as to major flour;293;9,9;4,3;52,7;2,3
2707597;Roll, bran, NS as to type of bran;263;9,6;6;44,6;3,8
2707598;Bread, white;267;9,43;3,59;49,2;2,3
2707599;Bread, white, toasted;293;10,4;3,94;54,1;2,5
2707600;Bread, white, made from home recipe or purchased at a bakery;272;10,1;3,44;50,3;1,7
2707601;Bread, white, made from home recipe or purchased at a bakery, toasted;299;11,1;3,78;55,2;1,9
2707602;Bread, white with whole wheat swirl;260;10,9;3,57;46,2;4,2
2707603;Bread, white with whole wheat swirl, toasted;301;12,4;4,12;53,4;4,7
2707604;Bread, Cuban;272;10,8;2,42;51,9;2,2
2707605;Bread, Cuban, toasted;299;11,8;2,66;57;2,4
2707606;Bread, native, water, Puerto Rican style;279;10,4;3,25;52,2;1,8
2707607;Bread, native, water, toasted, Puerto Rican style;306;11,4;3,58;57,3;2
2707608;Bread, lard, Puerto Rican style;282;7,33;3,26;56,1;2
2707609;Bread, lard, toasted, Puerto Rican style;314;8,14;3,62;62,3;2,2
2707610;Bread, French or Vienna;272;10,8;2,42;51,9;2,2
2707611;Bread, French or Vienna, toasted;299;11,8;2,66;57;2,4
2707612;Focaccia, Italian, plain;249;8,77;7,89;35,8;1,8
2707613;Bread, naan;311;11,1;7,28;50,2;5,2
2707614;Bread, Italian, Grecian, Armenian;259;9,49;2,73;48,1;2,1
2707615;Bread, Italian, Grecian, Armenian, toasted;285;10,4;3;52,9;2,3
2707616;Bread, pita;275;9,1;1,2;55,7;2,2
2707617;Bread, pita with fruit;279;8,16;1,05;59,5;2,6
2707618;Bread, cheese;408;10,4;20,8;44,8;2,1
2707619;Bread, cheese, toasted;448;11,4;22,9;49,3;2,3
2707620;Bread, cinnamon;253;7,05;5,29;44,4;3,5
2707621;Bread, cinnamon, toasted;293;10,4;3,94;54,1;2,5
2707622;Bread, cornmeal and molasses;285;7,91;3,82;55,2;1,6
2707623;Bread, cornmeal and molasses, toasted;313;8,69;4,2;60,7;1,8
2707624;Bread, egg, Challah;287;9,5;6;47,8;2,3
2707625;Bread, egg, Challah, toasted;315;10,4;6,59;52,5;2,5
2707626;Garlic bread, NFS;349;8,34;16,6;41,6;2,5
2707627;Garlic bread, from fast food / restaurant;349;8,34;16,6;41,6;2,5
2707628;Garlic bread, from frozen;350;8,36;16,6;41,7;2,5
2707629;Garlic bread, with parmesan cheese, from fast food / restaurant;351;8,76;16,8;41,1;2,4
2707630;Garlic bread, with parmesan cheese, from frozen;351;8,78;16,8;41,1;2,5
2707631;Garlic bread, with melted cheese, from fast food / restaurant;339;11,4;17,3;34,2;2
2707632;Garlic bread, with melted cheese, from frozen;343;10,4;17,1;36,9;2,2
2707633;Bread, onion;238;8,81;2,95;44,3;1,7
2707634;Bread, onion, toasted;262;9,68;3,24;48,7;1,9
2707635;Bread, reduced calorie and/or high fiber, white or NFS;207;8,7;2,5;44,3;9,7
2707636;Bread, reduced calorie and/or high fiber, white or NFS, toasted;227;9,56;2,75;48,7;10,7
2707637;Bread, reduced calorie and/or high fiber, white or NFS, with fruit and/or nuts;222;7,83;2,14;50;8,9
2707638;Bread, reduced calorie and/or high fiber, white or NFS, with fruit and/or nuts, toasted;244;8,6;2,35;54,9;9,7
2707639;Bread, white, special formula, added fiber;238;10,7;2,15;43,9;9,2
2707640;Bread, white, special formula, added fiber, toasted;262;11,7;2,36;48,2;10,1
2707641;Bread, high protein, toasted;269;13,3;2,42;48,1;3,3
2707642;Bread, potato;266;12,5;3,13;47,1;6,3
2707643;Bread, potato, toasted;292;13,7;3,44;51,7;6,9
2707644;Bread, raisin;270;8,82;3,26;52,2;2,5
2707645;Bread, raisin, toasted;297;9,69;3,58;57,4;2,8
2707646;Bread, sour dough;272;10,8;2,42;51,9;2,2
2707647;Bread, sour dough, toasted;299;11,8;2,66;57;2,4
2707648;Bread, sweet potato;241;8,64;2,87;45,4;1,7
2707649;Bread, sweet potato, toasted;265;9,5;3,15;49,9;1,9
2707650;Bread, vegetable;259;9,67;3,26;48;1,8
2707651;Bread, vegetable, toasted;284;10,6;3,58;52,7;2
2707652;Bruschetta;171;4,29;7,61;21,3;1,5
2707653;Bread, dough, fried;384;9,36;18,8;45;1,5
2707654;Roll, white, soft;279;9,77;3,91;50,1;1,8
2707655;Roll, white, hard;293;9,9;4,3;52,7;2,3
2707656;Roll, white, hot dog bun;267;9,43;3,59;49,2;2,3
2707657;Roll, white, hamburger bun;267;9,43;3,59;49,2;2,3
2707658;Roll, diet;272;10,8;2,42;51,9;2,2
2707659;Roll, egg bread;287;9,5;6;47,8;2,3
2707660;Roll, cheese;315;11,5;7,85;49,6;1,9
2707661;Roll, French or Vienna;272;10,8;2,42;51,9;2,2
2707662;Roll, garlic;309;10,8;6,44;51,9;2
2707663;Roll, white, hoagie, submarine;279;9,77;3,91;50,1;1,8
2707664;Roll, Mexican, bolillo;318;10,6;5,8;55,8;2,2
2707665;Roll, sour dough;272;10,8;2,42;51,9;2,2
2707666;Roll, sweet, no frosting;321;10;7,37;53,6;3,1
2707667;Roll, sweet, cinnamon bun, no frosting;372;6,2;16,4;50,9;2,4
2707668;Roll, sweet, cinnamon bun, frosted;452;4,45;26,6;48,6;1,2
2707669;Pan dulce, NFS;371;9,07;12,2;56,4;2,2
2707670;Pan Dulce, with fruit, no frosting;372;6,2;16,4;50,9;2,4
2707671;Roll, sweet, with fruit, frosted;379;5,23;16,4;53,6;2
2707672;Roll, sweet, with fruit, frosted, diet;452;4,45;26,6;48,6;1,2
2707673;Roll, sweet, frosted;404;5,54;20,1;50,8;2,3
2707674;Pan Dulce, no topping;367;9,42;11,6;56,4;2,3
2707675;Pan Dulce, with sugar topping;374;8,73;12,8;56,4;2,1
2707676;Pan Dulce, with raisins and icing;368;8,29;11,4;58,6;2,2
2707677;Coffee cake, yeast type;372;6,2;16,4;50,9;2,4
2707678;Croissant;406;8,2;21;45,8;2,6
2707679;Croissant, cheese;414;9,2;20,9;47;2,6
2707680;Croissant, chocolate;421;7,4;22,8;49,4;3,3
2707681;Croissant, fruit;396;7,75;19,7;47;3
2707682;Brioche;427;8,96;27,5;36,3;1,5
2707683;Bread, Spanish coffee;348;7,93;9,06;58,8;1,9
2707684;Bagel;264;10,6;1,32;52,4;1,6
2707685;Bagel, with raisins;268;9,83;1,21;55,1;1,9
2707686;Bagel, with fruit other than raisins;243;9,55;1,25;48,4;1,7
2707687;Bread stuffing;177;3,14;8,51;21,7;0,9
2707688;Bread stuffing made with egg;192;3,31;11,9;17,8;0,8
2707689;Breadsticks, NFS;342;12,2;12,8;44,4;2,4
2707690;Breadsticks, hard, NFS;412;12;9,5;68,4;3
2707691;Breadsticks, hard, reduced sodium;434;12;10,9;72,2;2,5
2707692;Breadsticks, soft, NFS;342;12,2;12,8;44,4;2,4
2707693;Breadsticks, soft, fast food / restaurant;342;12,2;12,8;44,4;2,4
2707694;Breadsticks, soft, frozen;313;11,1;9,16;46,4;2,4
2707695;Breadsticks, soft, with parmesan cheese, fast food / restaurant;344;12,5;13,2;43,8;2,3
2707696;Breadsticks, soft, stuffed or topped with melted cheese;333;14,5;14,4;36,4;1,9
2707697;Croutons;465;10,8;18,3;63,5;5
2707698;Muffin, English;227;8,87;1,69;44,2;3,5
2707699;Muffin, English, with raisins;234;8,31;1,55;47,7;3,6
2707700;Muffin, English, cheese;236;9,59;3,31;42,1;3,3
2707701;Muffin, English, with fruit other than raisins;244;9,31;1,79;47,6;3,9
2707702;Melba toast;390;12,1;3,2;76,6;6,3
2707703;Anisette toast;373;7,63;8,38;67;1,4
2707704;Pannetone;325;9,76;8,39;53,8;2,3
2707705;Zwieback toast;426;10,1;9,7;74,2;2,5
2707706;Bread, whole grain white;238;10,7;2,15;43,9;9,2
2707707;Bread, whole grain white, toasted;262;11,7;2,36;48,2;10,1
2707708;Bagel, whole grain white;250;10,2;1,53;48,9;4,1
2707709;Bread, whole wheat;254;12,3;3,55;43,1;6
2707710;Bread, whole wheat, toasted;279;13,5;3,9;47,4;6,6
2707711;Bread, whole wheat, made from home recipe or purchased at bakery;267;10,4;4,26;47;6,8
2707712;Bread, whole wheat, made from home recipe or purchased at bakery, toasted;293;11,4;4,68;51,6;7,4
2707713;Bread, chappatti or roti;299;7,85;9,2;46,1;9,7
2707714;Bread, puri;409;6,84;24,9;39,2;3,5
2707715;Bread, paratha;326;6,36;13,2;45,4;9,6
2707716;Bread, whole wheat, with raisins;290;8,63;4,14;56,4;6,5
2707717;Bread, whole wheat, with raisins, toasted;319;9,48;4,55;61,9;7,2
2707718;Bread, sprouted wheat;188;13,2;-;33,9;5,3
2707719;Bread, sprouted wheat, toasted;207;14,5;-;37,2;5,8
2707720;Bread, wheat or cracked wheat;274;10,7;4,53;47,5;4
2707721;Bread, wheat or cracked wheat, toasted;301;11,7;4,98;52,2;4,4
2707722;Bread, wheat or cracked wheat, made from home recipe or purchased at bakery;271;10,3;3,72;49,2;3,4
2707723;Bread, wheat or cracked wheat, made from home recipe or purchased at bakery, toasted;297;11,4;4,09;54,1;3,7
2707724;Bread, wheat or cracked wheat, with raisins;292;8,66;3,72;57,7;3,9
2707725;Bread, wheat or cracked wheat, with raisins, toasted;321;9,51;4,08;63,4;4,3
2707726;Bread, wheat or cracked wheat, reduced calorie and/or high fiber;207;8,91;2,55;44,9;10,7
2707727;Bread, wheat or cracked wheat, reduced calorie and/or high fiber, toasted;228;9,79;2,8;49,4;11,8
2707728;Bread, French or Vienna, whole wheat;239;8,33;1,04;49,1;4,2
2707729;Bread, French or Vienna, whole wheat, toasted;263;9,15;1,14;54;4,6
2707730;Bread, pita, whole wheat;262;9,8;1,71;55,9;6,1
2707731;Bread, pita, wheat or cracked wheat;262;9,8;1,71;55,9;6,1
2707732;Bagel, wheat;250;10,2;1,53;48,9;4,1
2707733;Bagel, whole wheat;250;10,2;1,53;48,9;4,1
2707734;Bagel, wheat, with raisins;255;9,51;1,4;51,9;4,1
2707735;Bagel, whole wheat, with raisins;255;9,51;1,4;51,9;4,1
2707736;Bagel, wheat, with fruit and nuts;263;9,52;2,77;50,8;4,4
2707737;Bagel, wheat bran;250;10,2;1,53;48,9;4,1
2707738;Muffin, English, wheat bran;223;8,7;2;44,8;4,6
2707739;Muffin, English, wheat bran, with raisins;231;8,16;1,82;48,2;4,6
2707740;Muffin, English, wheat or cracked wheat;223;8,7;2;44,8;4,6
2707741;Muffin, English, whole wheat;223;8,7;2;44,8;4,6
2707742;Muffin, English, wheat or cracked wheat, with raisins;230;8,21;1,84;47,9;4,6
2707743;Muffin, English, whole wheat, with raisins;230;8,21;1,84;47,9;4,6
2707744;Muffin, English, whole grain white;223;8,7;2;44,8;4,6
2707745;Breadsticks, hard, whole wheat;425;15,1;11;67,9;7,1
2707746;Roll, wheat or cracked wheat;273;8,6;6,3;46;3,8
2707747;Roll, wheat or cracked wheat, hot dog bun;269;11,7;3,61;47,3;4,2
2707748;Roll, wheat or cracked wheat, hamburger bun;269;11,7;3,61;47,3;4,2
2707749;Roll, whole wheat;273;8,6;6,3;46;3,8
2707750;Roll, whole wheat, hot dog bun;269;12,4;4,38;44,9;6,1
2707751;Roll, whole wheat, hamburger bun;269;12,4;4,38;44,9;6,1
2707752;Roll, whole grain white;255;9,3;3,49;46,5;2,3
2707753;Roll, whole grain white, hot dog bun;255;9,3;3,49;46,5;2,3
2707754;Roll, whole grain white, hamburger bun;255;9,3;3,49;46,5;2,3
2707755;Bread, rye;259;8,5;3,3;48,3;5,8
2707756;Bread, rye, toasted;285;9,34;3,63;53,1;6,4
2707757;Bread, marble rye and pumpernickel;259;8,5;3,3;48,3;5,8
2707758;Bread, marble rye and pumpernickel, toasted;285;9,34;3,63;53,1;6,4
2707759;Muffin, English, rye;259;8,5;3,3;48,3;5,8
2707760;Bread, pumpernickel;250;8,7;3,1;47,5;6,5
2707761;Bread, pumpernickel, toasted;275;9,56;3,41;52,2;7,1
2707762;Bagel, pumpernickel;250;10,2;1,53;48,9;4,1
2707763;Muffin, English, pumpernickel;250;8,7;3,1;47,5;6,5
2707764;Bread, black;250;8,7;3,1;47,5;6,5
2707765;Bread, black, toasted;275;9,56;3,41;52,2;7,1
2707766;Roll, rye;259;8,5;3,3;48,3;5,8
2707767;Roll, pumpernickel;250;8,7;3,1;47,5;6,5
2707768;Bread, oatmeal;269;8,4;4,4;48,5;4
2707769;Bread, oatmeal, toasted;296;9,23;4,84;53,3;4,4
2707770;Bread, oat bran;299;9,33;4,89;53,9;4,4
2707771;Bread, oat bran, toasted;296;9,23;4,84;53,3;4,4
2707772;Bagel, oat bran;250;10,2;1,53;48,9;4,1
2707773;Roll, oatmeal;269;8,4;4,4;48,5;4
2707774;Muffin, English, oat bran;269;8,4;4,4;48,5;4
2707775;Muffin, English, oat bran, with raisins;272;7,89;3,98;51,6;4
2707776;Bread, multigrain, toasted;291;14,7;4,65;47,6;8,1
2707777;Bread, multigrain;265;13,4;4,23;43,3;7,4
2707778;Bread, multigrain, with raisins;268;12,4;3,83;46,9;7,1
2707779;Bread, multigrain, with raisins, toasted;295;13,6;4,21;51,6;7,8
2707780;Bread, multigrain, reduced calorie and/or high fiber;207;8,91;2,55;44,9;10,7
2707781;Bread, multigrain, reduced calorie and/or high fiber, toasted;228;9,79;2,8;49,4;11,8
2707782;Roll, multigrain;263;9,6;6;44,6;3,8
2707783;Roll, multigrain, hot dog bun;263;9,6;6;44,6;3,8
2707784;Roll, multigrain, hamburger bun;263;9,6;6;44,6;3,8
2707785;Bagel, multigrain;250;10,2;1,53;48,9;4,1
2707786;Bagel, multigrain, with raisins;255;9,51;1,4;51,9;4,1
2707787;Muffin, English, multigrain;223;8,7;2;44,8;4,6
2707788;Bread, barley;274;10,7;4,53;47,5;4
2707789;Bread, barley, toasted;301;11,7;4,98;52,2;4,4
2707790;Bread, soy;267;16,4;3,84;42;4,4
2707791;Bread, soy, toasted;293;18;4,22;46,1;4,8
2707792;Bread, sunflower meal;306;11,2;8,23;48;2,7
2707793;Bread, sunflower meal, toasted;336;12,3;9,05;52,7;2,9
2707794;Bread, rice;248;4,31;5,24;45,8;4,3
2707795;Bread, rice, toasted;273;4,74;5,76;50,3;4,7
2707796;Injera, Ethiopian bread;93;2,55;0,68;19,4;2,8
2707797;Bread, gluten free;248;4,31;5,24;45,8;4,3
2707798;Bread, gluten free, toasted;273;4,74;5,76;50,3;4,7
2707799;Breadsticks, hard, gluten free;453;11,2;15,8;66,3;10,2
2707800;Roll, gluten free;239;3,34;2,65;50,5;5,1
2707801;Biscuit, NFS;370;7,08;18,9;42,8;2,5
2707802;Biscuit, from refrigerated dough;324;6,79;11,2;49;2,8
2707803;Biscuit, from fast food / restaurant;370;7,08;18,9;42,8;2,5
2707804;Biscuit, home recipe;350;7,03;16;44,9;1,4
2707805;Biscuit, wheat;362;7,5;18,2;43,9;4,5
2707806;Biscuit, cheese;374;8,7;20,4;38,8;2,2
2707807;Biscuit with fruit;363;6,7;17;46,5;2,7
2707808;Scone;382;6,67;18,4;48,1;1,2
2707809;Scone, with fruit;374;6,33;16,5;51,2;1,5
2707810;Cornbread, prepared from mix;330;6,59;9,58;54,5;2,3
2707811;Cornbread, made from home recipe;287;6,55;9,8;42,9;1,5
2707812;Cornbread stuffing;179;2,9;8,8;21,9;2,9
2707813;Cornbread muffin, stick, round;305;5,9;8,4;51;3,4
2707814;Cornbread muffin, stick, round, made from home recipe;307;7,02;10,5;45,9;1,6
2707815;Corn flour patty or tart, fried;218;3,98;4,64;41,2;3
2707816;Corn pone, baked;214;3,5;4,31;39,7;1,9
2707817;Corn pone, fried;254;3,34;9,78;37,8;1,8
2707818;Gordita/sope shell, plain, no filling;260;3,85;11,2;37,2;2,9
2707819;Hush puppy;296;6,16;13,2;40,2;2,9
2707820;Johnnycake;277;7,98;7,46;43,8;1,8
2707821;Spoonbread;166;6,68;7,06;18,6;0,7
2707822;Tortilla, NFS;262;6,95;5,42;47;4,9
2707823;Tortilla, corn;218;5,7;2,85;44,6;6,3
2707824;Tortilla, flour;306;8,2;7,99;49,4;3,5
2707825;Tortilla, whole wheat;310;9,76;9,76;45,9;9,8
2707826;Taco shell, corn;476;6,41;21,8;63,5;6,7
2707827;Taco shell, flour;511;8,83;29,1;53,2;3,8
2707828;Arepa Dominicana;267;5,66;14;30,5;2,4
2707829;Muffin, NFS;375;4,49;16,1;53;1,1
2707830;Muffin, fruit;375;4,49;16,1;53;1,1
2707831;Muffin, fruit, low fat;255;4,23;4,22;50;4,2
2707832;Muffin, chocolate chip;402;5,77;19;55,4;1,8
2707833;Muffin, chocolate;395;6,54;18,8;50,9;1,9
2707834;Muffin, whole wheat;372;7,8;18,4;44;3,5
2707835;Muffin, wheat;372;6,92;18;45,7;1,8
2707836;Muffin, whole grain;372;6,92;18;45,7;1,8
2707837;Muffin, wheat bran;208;6,26;5,01;38,7;2,2
2707838;Muffin, bran with fruit, lowfat;179;5,42;1,5;40;2,7
2707839;Muffin, oatmeal;370;6,43;18,9;43,9;1,5
2707840;Muffin, oat bran;270;7;7,4;48,3;4,6
2707841;Muffin, plain;374;5,93;16,2;52;0,8
2707842;Muffin, cheese;367;9,72;23;30,5;1
2707843;Muffin, pumpkin;305;4,97;12,9;43,2;1,4
2707844;Muffin, zucchini;306;5,05;13,1;42,6;0,9
2707845;Muffin, carrot;314;5,01;13,2;44,4;1,4
2707846;Popover;268;11;9,2;35,3;1,1
2707847;Bread, Boston Brown;274;10,7;4,53;47,5;4
2707848;Bread, nut;403;6,59;20,1;49,7;1,2
2707849;Bread, pumpkin;305;4,97;12,9;43,2;1,4
2707850;Bread, fruit;374;6,01;18,1;47,3;1,2
2707851;Bread, zucchini;306;5,05;13,1;42,6;0,9
2707852;Bread, Irish soda;301;6,48;8,96;51,1;2,3
2707853;Cake or cupcake, NFS;352;2,84;14,8;53,6;1
2707854;Cake, angel food;257;6,1;0,3;58,7;0,2
2707855;Cake or cupcake, apple;376;2,41;17,5;52,5;0,9
2707856;Cake or cupcake, banana;379;2,47;17,5;53,1;1
2707857;Cake or cupcake, Black Forest;228;3,49;10,7;31,3;1,7
2707858;Cake, Boston cream pie;252;2,4;8,5;42,9;1,4
2707859;Cake or cupcake, carrot;374;2,49;17,5;51,8;1,1
2707860;Cake or cupcake, coconut;368;2,5;15,7;54,5;1,3
2707861;Cheesecake, plain;399;5,29;26,5;34,8;0,5
2707862;Cheesecake, fruit;387;4,8;23,9;38,2;0,6
2707863;Cheesecake, chocolate;394;5,72;26,1;35,5;1,6
2707864;Cake or cupcake, chocolate with white icing, bakery;355;2,79;14,6;54,4;1,2
2707865;Cake or cupcake, chocolate with white icing, from mix;349;3,05;14,4;53,1;1,4
2707866;Cake or cupcake, chocolate with chocolate icing, bakery;345;3,29;15,2;52,2;1,6
2707867;Cake or cupcake, chocolate with chocolate icing, from mix;341;3,49;15;51,2;1,7
2707868;Cake or cupcake, chocolate, no icing;303;5,08;13,2;43,3;2,3
2707869;Cake or cupcake, German chocolate;360;3,7;17,6;49,9;2,4
2707870;Cake or cupcake, gluten free;410;4,87;29,4;37,9;2,4
2707871;Cake, chocolate, flourless;410;4,87;29,4;37,9;2,4
2707872;Cake, cream;286;3,84;17;30;0,4
2707873;Snack cake, chocolate;399;3,63;15,9;60,3;3,2
2707874;Snack cake, white;374;3,47;11,5;64;1
2707875;Cake, fruit cake;324;2,9;9,1;61,6;3,7
2707876;Cake or cupcake, gingerbread;276;3,64;9,16;45,3;1
2707877;Ice cream cake;283;2,95;12,7;39,3;0,5
2707878;Cake, jelly roll;285;3,14;1,52;64,5;0,8
2707879;Cake or cupcake, lemon;339;2,42;13,5;51,9;0,4
2707880;Cake or cupcake, marble;347;3,07;15,1;52,6;1,2
2707881;Cake or cupcake, peanut butter;382;6,12;19,8;47,5;2
2707882;Cake, pound;353;5;14;53,6;0,6
2707883;Cake or cupcake, pumpkin;373;2,5;17,5;51,6;1,1
2707884;Cake or cupcake, red velvet;355;2,79;14,6;54,4;1,2
2707885;Cake or cupcake, spice;410;2,66;19,4;56,4;0,9
2707886;Cake, sponge;290;5,4;2,7;61;0,5
2707887;Cake or cupcake, strawberry;326;2,22;12,9;50,2;0,5
2707888;Cake, torte;241;3,28;10,4;33,9;0,9
2707889;Cake, tres leche;270;6,39;8,67;42;0,3
2707890;Cake, pineapple, upside down;273;2,38;12,2;39,1;0,7
2707891;Cake or cupcake, white with white icing, bakery;359;2,4;14,3;55;0,4
2707892;Cake or cupcake, white with white icing, from mix;353;2,62;14,2;53,8;0,4
2707893;Cake or cupcake, white with chocolate icing, bakery;349;2,9;15;52,8;0,8
2707894;Cake or cupcake, white with chocolate icing, from mix;345;3,06;14,7;51,9;0,7
2707895;Cake or cupcake, white, no icing;310;4,36;12,8;44,4;0,6
2707896;Cake, strawberry shortcake;214;3,31;4,73;40,1;0,9
2707897;Cake or cupcake, zucchini;371;2,52;17,5;51,1;0,9
2707898;Cookie, batter or dough, raw;435;4,97;22,4;54,5;0,9
2707899;Cookie, NFS;492;5,1;24,7;65,4;2
2707900;Cookie, almond;514;5,37;26,2;63,8;1,3
2707901;Cookie, applesauce;450;6,2;18,1;68,7;2,8
2707902;Cookie, biscotti;373;7,63;8,38;67;1,4
2707903;Cookie, brownie, NS as to icing;405;4,8;16,3;63,9;2,1
2707904;Cookie, brownie, without icing;405;4,8;16,3;63,9;2,1
2707905;Cookie, brownie, with icing or filling;401;2,94;17;63,6;1,5
2707906;Cookie, brownie, reduced fat, NS as to icing;345;2,77;9,68;61,6;11,1
2707907;Cookie, butterscotch, brownie;405;4,8;16,3;63,9;2,1
2707908;Cookie, bar, with chocolate;492;5,1;24,7;65,4;2
2707909;Cookie, chocolate chip;492;5,1;24,7;65,4;2
2707910;Cookie, chocolate chip, made from home recipe or purchased at a bakery;505;5,83;29;59,2;2,5
2707911;Cookie, chocolate chip, reduced fat;451;5,97;17,9;67,5;3
2707912;Cookie, chocolate chip sandwich;425;2,94;17,6;63,5;-
2707913;Cookie, chocolate, made with rice cereal;440;3,23;19,4;63,3;1,6
2707914;Cookie, chocolate, made with oatmeal and coconut, no bake;450;6,2;18,1;68,7;2,8
2707915;Cookie, chocolate or fudge;433;6,6;14,2;72,7;3,4
2707916;Cookie, marshmallow, chocolate-covered;421;4;16,9;67,7;2
2707917;Cookie, marshmallow pie, chocolate covered;421;4;16,9;67,7;2
2707918;Cookie, chocolate, with icing or coating;507;4,5;24,2;67,9;2,3
2707919;Cookie, sugar wafer, chocolate-covered;526;3,45;27,6;66;3,4
2707920;Cookie, chocolate sandwich;464;5,21;19,1;71;2,9
2707921;Cookie, chocolate sandwich, reduced fat;436;2,94;13,2;76,2;2,9
2707922;Cookie, chocolate, sandwich, with extra filling;497;4,33;24,5;68,2;2,7
2707923;Cookie, chocolate and vanilla sandwich;464;5,21;19,1;71;2,9
2707924;Cookie, chocolate wafer;433;6,6;14,2;72,7;3,4
2707925;Cookie, graham cracker with chocolate and marshmallow;465;6,36;18,6;69;2,8
2707926;Cookie bar, with chocolate, nuts, and graham crackers;492;5,1;24,7;65,4;2
2707927;Cookie, coconut;460;3,02;22,6;61,2;5,1
2707928;Cookie, fruit-filled bar;348;3,7;7,3;70,9;4,6
2707929;Cookie, fig bar;348;3,7;7,3;70,9;4,6
2707930;Cookie, fortune;378;4,2;2,7;84;1,6
2707931;Cookie, cone shell, ice cream type, wafer or cake;417;8,1;6,9;79;3
2707932;Cookie, gingersnaps;416;5,6;9,8;76,9;2,2
2707933;Cookie, granola;464;9,8;17,6;66,7;3,1
2707934;Cookie, ladyfinger;365;10,6;9,1;59,7;1
2707935;Cookie, lemon bar;437;5,13;18,9;62,6;0,8
2707936;Cookie, macaroon;460;3,02;22,6;61,2;5,1
2707937;Cookie, marshmallow, with coconut;421;4;16,9;67,7;2
2707938;Cookie, marshmallow, with rice cereal, no bake;417;3,4;9;80,5;-
2707939;Cookie, marshmallow, with rice cereal and chocolate chips;435;4,55;18,2;63,3;-
2707940;Cookie, marshmallow and peanut butter, with oat cereal, no bake;417;3,4;9;80,5;-
2707941;Cookie, meringue;350;5,66;0,26;81,3;-
2707942;Cookie, molasses;430;5,6;12,8;73,8;1
2707943;Cookie, Lebkuchen;430;5,6;12,8;73,8;1
2707944;Cookie, multigrain, high fiber;464;9,8;17,6;66,7;3,1
2707945;Cookie, oatmeal;450;6,2;18,1;68,7;2,8
2707946;Cookie, oatmeal, with raisins;450;6,2;18,1;68,7;2,8
2707947;Cookie, oatmeal, reduced fat, NS as to raisins;365;4,02;10;64,6;16,1
2707948;Cookie, oatmeal sandwich, with creme filling;398;2,61;18,3;55,6;2,6
2707949;Cookie, oatmeal, with chocolate chips;457;5,72;20,9;67,6;3,5
2707950;Cookie, oatmeal sandwich, with peanut butter and jelly filling;398;2,61;18,3;55,6;2,6
2707951;Cookie, oatmeal, with chocolate and peanut butter, no bake;450;6,2;18,1;68,7;2,8
2707952;Cookie, peanut butter;473;8,92;23,8;58,2;2,1
2707953;Cookie, peanut butter, with chocolate;475;7,8;25,3;59,5;3
2707954;Cookie, peanut butter with rice cereal, no bake;417;3,4;9;80,5;-
2707955;Cookie, peanut butter sandwich;478;8,8;21,1;65,6;1,9
2707956;Cookie, with peanut butter filling, chocolate-coated;562;8,1;35,3;52,9;3,5
2707957;Cookie, Pfeffernusse;514;5,37;26,2;63,8;1,3
2707958;Cookie, Pizzelle;417;8,1;6,9;79;3
2707959;Cookie, pumpkin;450;6,2;18,1;68,7;2,8
2707960;Cookie, raisin;401;4,1;13,6;68;1,2
2707961;Cookie, raisin sandwich, cream-filled;398;2,61;18,3;55,6;2,6
2707962;Cookie, rum ball, no bake;514;5,37;26,2;63,8;1,3
2707963;Cookie, sandwich-type, not chocolate or vanilla;483;4,5;20;72,1;1,5
2707964;Cookie, shortbread;514;5,37;26,2;63,8;1,3
2707965;Cookie, shortbread, reduced fat;451;5,37;14;76;1,3
2707966;Cookie, shortbread, with icing or filling;515;5,05;28,3;62,6;2,1
2707967;Pocky;447;10;22,5;51,1;5
2707968;Cookie, animal;446;6,9;13,8;74,1;1,1
2707969;Cookie, animal, with frosting or icing;509;3;24,1;70,1;0,9
2707970;Cookie, butter or sugar;464;5,35;19,6;67,3;1,3
2707971;Marie biscuit;406;7,05;10,6;70,5;3,5
2707972;Cookie, butter or sugar, with fruit and/or nuts;470;6,52;21,1;65;1,6
2707973;Cookie, sugar wafer;502;3,84;23,2;70,6;1,6
2707974;Cookie, toffee bar;492;5,1;24,7;65,4;2
2707975;Cookie, vanilla sandwich;483;4,5;20;72,1;1,5
2707976;Cookie, vanilla sandwich, extra filling;497;4,33;24,5;68,2;2,7
2707977;Cookie, vanilla sandwich, reduced fat;423;4,17;10,4;78,2;2,1
2707978;Cookie, butter or sugar, with chocolate icing or filling;503;4,1;23,5;68,8;1,9
2707979;Cookie, butter or sugar, with icing or filling other than chocolate;433;3,38;14,9;72,7;0,4
2707980;Cookie, tea, Japanese;378;4,2;2,7;84;1,6
2707981;Cookie, vanilla wafer;455;4,9;16,4;72,6;1,6
2707982;Cookie, vanilla wafer, reduced fat;441;5;15,2;73,6;1,9
2707983;Cookie, vanilla with caramel, coconut, and chocolate coating;489;3,5;25,8;64,1;4,4
2707984;Cookie, rugelach;348;3,7;7,3;70,9;4,6
2707985;Cookie, chocolate chip, reduced sugar;450;3,9;16,8;73,4;1,6
2707986;Cookie, oatmeal, reduced sugar;449;4,8;18;69,9;2,9
2707987;Cookie, sandwich, reduced sugar;461;4,5;22,1;68;4,1
2707988;Cookie, sugar or plain, sugar free;523;10,3;31;50,5;3,4
2707989;Cookie, sugar wafer, sugar free;531;3,57;28,6;66,3;14,3
2707990;Cookie, peanut butter, sugar free;523;10,3;31;50,5;3,4
2707991;Cookie, gluten free;474;2,19;17,9;76;2,5
2707992;Cookies, Puerto Rican style;506;6,32;23,2;67,9;1,6
2707993;Pie, NFS;296;2,7;15,3;37,6;1,8
2707994;Tart, all types;316;3;16,1;42,6;2,6
2707995;Pie, apple;296;2,7;15,3;37,6;1,8
2707996;Pie, apple, fast food;316;3;16,1;42,6;2,6
2707997;Pie, berry;306;3,16;15,4;39,5;3,6
2707998;Pie, blueberry;300;2,82;15,5;38;2,5
2707999;Pie, cherry;311;2,95;15,3;40,9;1,9
2708000;Pie, lemon;280;2,41;16,2;31,5;0,7
2708001;Pie, key lime;322;5,78;14,9;42,2;0,3
2708002;Pie, peach;296;2,83;15,3;37,1;1,9
2708003;Pie, strawberry;289;2,88;11,6;44,2;2,2
2708004;Pie, banana cream;284;2,42;16,2;32,4;0,7
2708005;Pie, chocolate cream;291;2,75;16,7;32,5;0,7
2708006;Pie, coconut cream;297;2,55;17,8;32;1,1
2708007;Pie, custard;210;5,5;11,6;20,8;1,6
2708008;Dessert pizza;204;1,84;7,53;32,4;1,7
2708009;Pie, peanut butter cream;421;5,92;30,1;33,1;1,1
2708010;Pie, pineapple cream;274;2,36;15,6;31,2;0,7
2708011;Pie, pumpkin;249;4,76;9,78;36,3;1,7
2708012;Pie, sweet potato;269;4,96;9,75;41,1;1,3
2708013;Pie, vanilla cream;286;2,46;16,3;32,3;0,7
2708014;Pie, lemon meringue;294;4,53;11,3;43,7;1,1
2708015;Pie, pecan;449;6,02;25,2;49,5;1,9
2708016;Pie, oatmeal;396;6,14;16;56,9;2,2
2708017;Pie shell;508;6,5;28,6;56,2;3,3
2708018;Pie shell, graham cracker;501;5,1;24,8;64,3;1,9
2708019;Cobbler, apple;217;2,05;8,66;33,6;1,6
2708020;Cobbler, berry;231;2,66;8,86;36,2;4
2708021;Cobbler, cherry;237;2,37;8,69;38,1;1,8
2708022;Cobbler, peach;217;2,22;8,66;33;1,7
2708023;Crisp, apple;215;2,81;9,59;30,2;2,7
2708024;Fritter, plain;378;6,56;26,9;27,5;0,9
2708025;Fritter, fruit;403;6,3;25,6;37,3;1,2
2708026;Crisp, berry;228;3,41;9,78;32,8;5
2708027;Crisp, cherry;234;3,13;9,61;34,7;2,8
2708028;Crisp, peach;214;2,98;9,59;29,6;2,7
2708029;Cream puff, eclair, custard or cream filled, NS as to icing;280;4,2;24,4;11;0,3
2708030;Cream puff, eclair, custard or cream filled, not iced;264;4,76;21,5;12,9;0,4
2708031;Cream puff, eclair, custard or cream filled, iced;334;4,41;18,5;37,4;0,9
2708032;Cream puff, eclair, custard or cream filled, iced, reduced fat;242;3,48;7,24;41,9;1
2708033;Cream puff, no filling or icing;360;9;25,9;22,8;0,8
2708034;Sopaipilla, without syrup or honey;367;5,79;20,2;41,5;1,4
2708035;Sopaipilla with syrup or honey;361;4,38;16,2;51,7;1,1
2708036;Crepe, chocolate filled;170;4,87;6,52;22,9;0,2
2708037;Crepe, fruit filled;188;4,57;7,12;26,6;1,2
2708038;Tamale, sweet;259;2,22;12,6;35,6;2,3
2708039;Strudel, apple;281;1,96;14,1;37,2;0,8
2708040;Strudel, berry;291;2,43;14,2;39,2;2,7
2708041;Strudel, cherry;296;2,22;14,1;40,7;1
2708042;Strudel, cheese;358;5,85;19,8;39,1;0,4
2708043;Strudel, peach;281;2,09;14,1;36,7;0,9
2708044;Baklava;440;6,58;29,3;37,6;2,5
2708045;Basbousa;282;4,81;9,94;43,8;0,8
2708046;Turnover, fruit;316;3;16,1;42,6;2,6
2708047;Pastry, fruit-filled;400;4,76;19,6;54,4;4
2708048;Pastry, made with bean or lotus seed paste filling, baked;340;6,99;4,45;68,1;2,7
2708049;Pastry, made with bean paste and salted egg yolk filling, baked;339;8,59;8,61;57;2,2
2708050;Pastry, Chinese, made with rice flour;242;2,78;6;45;0,5
2708051;Pastry, cookie type, fried;397;5,97;25,7;35,5;1
2708052;Pastry, Italian, with cheese;267;7,52;10,9;35,1;0,8
2708053;Pastry, puff;558;7,4;38,5;45,7;1,5
2708054;Pastry, puff, custard or cream filled, iced or not iced;410;5,68;29,7;30,1;0,8
2708055;Cheese pastry puffs;265;9,3;19,5;13,4;0,4
2708056;Pastry, mainly flour and water, fried;434;7,75;18,1;59,2;3,7
2708057;Empanada, fruit;260;2,67;11,5;37;1,8
2708058;Breakfast pastry, NFS;371;5,4;18,5;47,8;1,9
2708059;Danish pastry, plain or spice;403;7;22,4;44,6;1,3
2708060;Danish pastry, with fruit;371;5,4;18,5;47,8;1,9
2708061;Danish pastry, with cheese;374;8;21,9;37,2;1
2708062;Doughnut, NFS;426;5,52;22,9;49,5;1,8
2708063;Doughnut, cake type, plain;434;5,31;24,9;47,1;1,7
2708064;Doughnut, chocolate;417;5,2;22,4;52;3,7
2708065;Doughnut, cake type, powdered sugar;431;4,9;23;51,1;1,6
2708066;Doughnut, cake type, with icing;431;4,25;23,2;51,2;1,4
2708067;Doughnut, cake type, chocolate icing;427;4,47;23,5;50,3;1,5
2708068;Doughnut, chocolate, with chocolate icing;413;5,42;22,7;51;3,9
2708069;Doughnut holes;426;5,52;22,9;49,5;1,8
2708070;Churros;419;6,05;22,2;48,9;2,6
2708071;Beignet;417;5,46;20,2;53,7;1,9
2708072;Doughnut, yeast type;421;6,14;22,7;47,9;2,1
2708073;Doughnut, yeast type, with chocolate icing;416;5,13;21,7;51;1,9
2708074;Doughnut, jelly;390;4,94;18,2;52,3;1,9
2708075;Doughnut, custard-filled;363;5,2;18,9;42,9;1,7
2708076;Doughnut, custard-filled, with icing;368;4,52;18,7;46,2;1,6
2708077;Breakfast tart;385;4,01;9,02;71,8;1,8
2708078;Breakfast tart, lowfat;372;3,99;5,99;76,8;1,5
2708079;Coffee cake, crumb or quick-bread type;396;6,49;18,4;51,3;1,4
2708080;Coffee cake, crumb or quick-bread type, with fruit;322;4,2;11,8;50,2;1,2
2708081;Coffee cake, crumb or quick-bread type, cheese-filled;365;6,8;17,6;45,1;1,2
2708082;Cereal or granola bar (General Mills Fiber One Chewy Bar);389;5;10;69,8;22,5
2708083;Cereal or granola bar (Kellogg's Nutri-Grain Cereal Bar);365;4,22;8,67;67,6;3
2708084;Cereal or granola bar (Kellogg's Nutri-Grain Yogurt Bar);365;4,22;8,67;67,6;3
2708085;Cereal or granola bar (Kellogg's Nutri-Grain Fruit and Nut Bar);403;9,38;10,9;66,7;7,5
2708086;Milk 'n Cereal bar;413;6,47;11;72;0,4
2708087;Cereal or granola bar (Kellogg's Special K bar);409;9,09;9,09;72,7;1,8
2708088;Cereal or granola bar (Kashi Chewy);390;16,7;7,69;63,4;7,7
2708089;Cereal or granola bar (Kashi Crunchy);429;18,6;15,7;53,3;11,4
2708090;Cereal or granola bar (KIND Fruit and Nut Bar);502;13,9;32,3;43,7;5,8
2708091;Cereal or granola bar (General Mills Nature Valley Chewy Trail Mix);415;5,71;11,4;72,3;3,8
2708092;Cereal or granola bar, with yogurt coating (General Mills Nature Valley Chewy Granola Bar);423;5,71;11,4;74,3;4,4
2708093;Cereal or granola bar (General Mills Nature Valley Sweet and Salty Granola Bar);487;9,14;22,9;61,1;2,9
2708094;Cereal or granola bar (General Mills Nature Valley Crunchy Granola Bar);471;10,1;19,8;64,4;5,3
2708095;Cereal or granola bar (Quaker Chewy Granola Bar);418;5,65;16,6;70,2;3,8
2708096;Cereal or granola bar (Quaker Chewy 90 Calorie Granola Bar);408;4,17;8,33;79,2;4,2
2708097;Cereal or granola bar (Quaker Chewy 25% Less Sugar Granola Bar);412;5,55;12,5;69,4;3,1
2708098;Cereal or granola bar (Quaker Chewy Dipps Granola Bar);480;7,52;20,4;65;3,2
2708099;Cereal or granola bar (Quaker Granola Bites);451;7,17;17,5;66,3;5,7
2708100;Snack bar, oatmeal;389;6,67;6,67;75,5;4,6
2708101;Cereal or Granola bar, NFS;471;10,1;19,8;64,4;5,3
2708102;Cereal or granola bar, lowfat, NFS;408;4,17;8,33;79,2;4,2
2708103;Cereal or granola bar, nonfat;342;5,9;0,9;77,6;7,4
2708104;Cereal or granola bar, reduced sugar, NFS;412;5,55;12,5;69,4;3,1
2708105;Cereal or granola bar, fruit and nut;502;13,9;32,3;43,7;5,8
2708106;Cereal or granola bar, peanuts , oats, sugar, wheat germ;471;10,1;19,8;64,4;5,3
2708107;Cereal or granola bar, chocolate coated, NFS;480;7,52;20,4;65;3,2
2708108;Cereal or granola bar, with coconut, chocolate coated;531;5,2;32,2;55,2;6,2
2708109;Cereal or granola bar with nuts, chocolate coated;536;9,6;31,2;54,1;3,8
2708110;Cereal or granola bar, oats, nuts, coated with non-chocolate coating;455;8,6;20;60,1;4,3
2708111;Cereal or granola bar, coated with non-chocolate coating;508;10,2;31,1;53,4;2,8
2708112;Cereal or granola bar, high fiber, coated with non-chocolate yogurt coating;389;5;10;69,8;22,5
2708113;Cereal or granola bar, with rice cereal;417;3,4;9;80,5;-
2708114;Breakfast bar, NFS;376;4,4;7,5;72,8;2,1
2708115;Breakfast bar, date, with yogurt coating;348;3,7;7,3;70,9;4,6
2708116;Breakfast bar, cereal crust with fruit filling, lowfat;376;4,4;7,5;72,8;2,1
2708117;Nutrition bar (Balance Original Bar);415;28;12;48,7;3,1
2708118;Nutrition bar (Clif Bar);346;14,7;5,88;65,4;7,4
2708119;Nutrition bar (Clif Kids Organic Zbar);416;5,55;9,72;74,7;8,3
2708120;Nutrition bar (PowerBar);363;14,2;3,11;69,6;5,7
2708121;Nutrition bar (Slim Fast Original Meal Bar);386;16,2;8,92;60,2;5,1
2708122;Nutrition bar (Snickers Marathon Protein Bar);415;25;12,5;50,5;12,5
2708123;Nutrition bar (South Beach Living Meal Bar);386;16,2;8,92;60,2;5,1
2708124;Nutrition bar (South Beach Living High Protein Bar);412;30,3;15,2;38,4;7,3
2708125;Nutrition bar (Tiger's Milk);387;16,8;14,3;56,5;2,3
2708126;Nutrition bar (Zone Perfect Classic Crunch);426;30;14;45;2
2708127;Nutrition bar or meal replacement bar, NFS;386;22,4;9,94;55,2;4,7
2708128;Baby Toddler snack, NFS;359;7,34;3,29;83,4;3,4
2708129;Baby Toddler bar;344;5,43;5,3;68,6;1,7
2708130;Baby Toddler cookie;420;9,88;11,2;69,8;3
2708131;Baby Toddler biscuit;395;11,4;2,97;80,5;1,5
2708132;Crackers, NFS;510;6,64;26,4;61,3;2,3
2708133;Graham crackers;430;6,69;10,6;77,7;3,4
2708134;Graham crackers (Teddy Grahams);430;6,69;10,6;77,7;3,4
2708135;Graham crackers, chocolate covered;500;4;25,8;66,8;2,2
2708136;Crackers, oatmeal;455;7,3;16,4;70,7;6,9
2708137;Crackers, Cuban;430;5,6;12,8;73,8;1
2708138;Graham crackers, reduced fat;386;5,71;5,71;78;5,7
2708139;Graham crackers, sandwich, with filling;483;4,5;20;72,1;1,5
2708140;Crackers, breakfast biscuit;427;7,12;15,1;71;7,3
2708141;Crackers, butter, reduced sodium;443;8,8;17,2;68,6;10,5
2708142;Crackers, matzo, reduced sodium;395;10;1,4;83,7;3
2708143;Crackers, saltine, reduced sodium;416;9,39;8,75;73,5;2,9
2708144;Crackers, wheat, reduced sodium;443;8,8;17,2;68,6;10,5
2708145;Crackers, woven wheat, reduced sodium;443;8,8;17,2;68,6;10,5
2708146;Crackers, butter, plain;510;6,64;26,4;61,3;2,3
2708147;Crackers, butter, flavored;510;6,64;26,4;61,3;2,3
2708148;Crackers, butter (Ritz);510;6,64;26,4;61,3;2,3
2708149;Crackers, butter, reduced fat;444;9,34;13,4;71,5;3,4
2708150;Crackers, cheese;489;10,9;22,7;59,4;2,3
2708151;Crackers, cheese (Cheez-It);489;10,9;22,7;59,4;2,3
2708152;Crackers, cheese (Goldfish);489;10,9;22,7;59,4;2,3
2708153;Crackers, cheese, reduced fat;418;10;11,7;68,2;3,3
2708154;Crackers, cheese, reduced sodium;503;10,1;25,3;58,2;2,4
2708155;Crackers, cheese, whole grain;412;9,62;16;57,3;6,4
2708156;Crackers, crispbread;366;7,9;1,3;82,2;16,5
2708157;Crackers, flatbread;412;9,85;8,25;75,2;10,2
2708158;Crackers, matzo;395;10;1,4;83,7;3
2708159;Crackers, milk;446;7,6;13,8;71,7;3,4
2708160;Crackers, oyster;418;9,46;8,64;74;2,8
2708161;Chips, rice;384;8,2;2,8;81,5;4,2
2708162;Rice cake;392;7,1;4,3;81,1;4,2
2708163;Crackers, rice;416;10;5;82,6;-
2708164;Crackers, rice and nuts;430;10,8;8,85;77,4;0,8
2708165;Popcorn cake;384;9,7;3,1;80,1;2,9
2708166;Rice paper;323;5,91;1,11;72,3;0,5
2708167;Crackers, saltine;418;9,46;8,64;74;2,8
2708168;Crackers, saltine, reduced fat;393;10,5;1,6;82,3;2,7
2708169;Crackers, saltine, multigrain;398;7,14;10,7;68,2;6,7
2708170;Crackers, multigrain;482;7,1;20,4;67,6;3,5
2708171;Crackers, sandwich;494;11,5;24,5;58,4;2,3
2708172;Crackers, sandwich, peanut butter filled;494;11,5;24,5;58,4;2,3
2708173;Crackers, sandwich, peanut butter filled (Ritz);482;7,5;25;57,1;2,5
2708174;Crackers, sandwich, reduced fat, peanut butter filled;437;8,33;16,7;63,5;2,8
2708175;Crackers, whole grain, sandwich, peanut butter filled;465;14,1;21,2;54,6;9,4
2708176;Crackers, sandwich, cheese filled;477;9,3;21,1;61,7;1,9
2708177;Crackers, sandwich, cheese filled (Ritz);479;7,66;25,1;56;2,5
2708178;Crackers, water;384;7,14;7,14;72,8;7,1
2708179;Crackers, wonton;521;10,3;31,7;51,9;1,9
2708180;Crackers, woven wheat;441;8,94;15,3;70,1;8,6
2708181;Crackers, woven wheat, plain (Triscuit);441;8,94;15,3;70,1;8,6
2708182;Crackers, woven wheat, flavored (Triscuit);441;8,94;15,3;70,1;8,6
2708183;Crackers, woven wheat, reduced fat;416;11,3;7,59;75,5;10,9
2708184;Crackers, wheat;441;8,94;15,3;70,1;8,6
2708185;Crackers, wheat, plain (Wheat Thins);441;8,94;15,3;70,1;8,6
2708186;Crackers, wheat, flavored (Wheat Thins);441;8,94;15,3;70,1;8,6
2708187;Crackers, wheat, reduced fat;444;9,34;13,4;71,5;3,4
2708188;Crackers, gluten free, plain;453;11,2;15,8;66,3;10,2
2708189;Crackers, gluten free, flavored;453;11,2;15,8;66,3;10,2
2708190;Baby Toddler crackers;391;12,5;0,87;83,2;-
2708191;Baby Toddler puffs, fruit;344;6,19;2,3;85,8;3,8
2708192;Baby Toddler puffs, vegetable;344;6,19;2,3;85,8;3,8
2708193;Baby Toddler crunchies;462;3,2;19,2;69,1;1,2
2708194;Baby Toddler wheels;413;10;6,41;78,9;-
2708195;Corn nuts;446;8,5;15,6;71,9;6,9
2708196;Corn chips, plain;535;6,12;33,1;56,8;4
2708197;Corn chips, flavored;543;6,11;34;56,7;4
2708198;Corn chips, plain (Fritos);539;6,17;33,4;57,3;4
2708199;Corn chips, flavored (Fritos);536;6,14;33,2;57;4
2708200;Cheese flavored corn snacks;567;5,46;36,5;54,5;0,8
2708201;Cheese flavored corn snacks, reduced fat;432;8,5;12,1;72,4;3,6
2708202;Tortilla chips, plain;472;7,1;20,7;67,8;5,4
2708203;Cheese flavored corn snacks (Cheetos);567;5,46;36,5;54,5;0,8
2708204;Tortilla chips, flavored;519;7,36;27,4;60,8;5,1
2708205;Corn chips, reduced sodium;549;6,84;33,6;56,8;3,9
2708206;Tortilla chips, nacho cheese flavor (Doritos);519;7,36;27,4;60,8;5,1
2708207;Tortilla chips, cool ranch flavor (Doritos);470;7,06;20,6;67,4;5,4
2708208;Tortilla chips, other flavors (Doritos);519;7,36;27,4;60,8;5,1
2708209;Tortilla chips, reduced fat, plain;411;10,9;5,63;79,1;5,2
2708210;Tortilla chips, reduced fat, flavored;411;10,9;5,63;79,1;5,2
2708211;Tortilla chips, low fat, unsalted;416;11;5,7;80,1;5,3
2708212;Tortilla chips, reduced sodium;489;9,35;19,8;68,1;4,5
2708213;Snack mix;504;6,87;25,8;63,1;3,1
2708214;Potato chips, restructured, multigrain;505;5,3;24,7;65,3;2,7
2708215;Pita chips;457;11,8;15,2;68,3;3,8
2708216;Popcorn, NFS;518;9,13;30,6;55;10,2
2708217;Popcorn, movie theater, with added butter;656;4,96;58,8;31,6;5,4
2708218;Popcorn, movie theater, no butter added;603;6,18;48,7;39,9;6,9
2708219;Popcorn, air-popped, no butter added;385;12,9;4,52;77,5;14,4
2708220;Popcorn, air-popped, with added butter;430;11;15,3;65,8;12,2
2708221;Popcorn, popped in oil, no butter added;498;8,96;28;57,9;10
2708222;Popcorn, popped in oil, with added butter;525;7,69;35,2;49,1;8,4
2708223;Popcorn, microwave, NFS;518;9,13;30,6;55;10,2
2708224;Popcorn, microwave, plain;518;9,13;30,6;55;10,2
2708225;Popcorn, microwave, plain, light;409;11,9;10,1;71,7;13,4
2708226;Popcorn, microwave, low sodium;496;8,93;27,9;57,6;9,9
2708227;Popcorn, microwave, butter flavored;518;9,13;30,6;55;10,2
2708228;Popcorn, microwave, flavored, light;406;11,8;10;71,2;13,3
2708229;Popcorn, microwave, cheese flavored;516;9,1;30,4;54,8;10,2
2708230;Popcorn, microwave, kettle;504;9,35;27,5;58;10,5
2708231;Popcorn, ready-to-eat, NFS;530;8,88;32,5;53,4;10
2708232;Popcorn, ready-to-eat, plain;482;10,2;23,3;61,2;11,4
2708233;Popcorn, ready-to-eat, plain, light;437;11,3;14,9;68,1;12,7
2708234;Popcorn, ready-to-eat, low sodium;486;10,3;23,4;61,7;11,5
2708235;Popcorn, ready-to-eat, butter flavored;530;8,88;32,5;53,4;10
2708236;Popcorn, ready-to-eat, cheese flavored;526;9,3;33,2;51,6;9,9
2708237;Popcorn, ready-to-eat, flavored, light;435;11,3;14,8;67,8;12,6
2708238;Popcorn, ready-to-eat, kettle;531;5,48;30,2;61;6,1
2708239;Popcorn, caramel coated;428;3,77;12,7;78,5;5,2
2708240;Popcorn, caramel coated, with nuts;397;6,35;7,74;80,1;3,8
2708241;Popcorn, chocolate coated;407;5,34;12,8;76,4;8,3
2708242;Popcorn chips, plain;438;10,2;11,2;74,2;4,9
2708243;Popcorn chips, other flavors;438;10,2;11,2;74,2;4,9
2708244;Popcorn chips, sweet flavors;455;8,75;13,5;74,6;4,2
2708245;Onion flavored rings;499;7,7;22,6;65,1;3,9
2708246;Shrimp chips;426;7,14;17,9;59,1;5,6
2708247;Pretzels, NFS;384;10;2,93;80,4;3,4
2708248;Pretzels, hard, NFS;384;10;2,93;80,4;3,4
2708249;Pretzels, hard, plain, salted;384;10;2,93;80,4;3,4
2708250;Pretzels, hard, plain, lightly salted;382;9,57;3,22;79,8;3,1
2708251;Pretzels, hard, plain, unsalted;381;9,1;3,5;79,2;2,8
2708252;Pretzels, hard, flavored;388;9,92;3,88;79,4;3,4
2708253;Pretzels, hard, multigrain;381;10,2;2,96;80,1;4,2
2708254;Pretzels, hard, plain, gluten free;389;3,52;6,67;78,6;3,3
2708255;Pretzels, hard, flavored, gluten free;393;3,48;7,58;77,7;3,3
2708256;Pretzel chips, hard, plain;375;9,8;2,86;78,4;3,3
2708257;Pretzel chips, hard, flavored;370;9,68;2,82;77,5;3,3
2708258;Pretzel chips, hard, gluten free;380;3,43;6,51;76,7;3,2
2708259;Pretzels, hard, coated, NFS;467;7,05;17,6;70,1;3,5
2708260;Pretzels, hard, chocolate coated;467;7,05;17,6;70,1;3,5
2708261;Pretzels, hard, white chocolate coated;445;5,94;14,2;74,7;1,2
2708262;Pretzels, hard, yogurt coated;438;5,94;12,2;76,6;1,1
2708263;Pretzels, hard, coated, gluten free;451;3,76;15,6;75,1;1,4
2708264;Pretzels, hard, filled, NFS;463;9,85;16,9;66,5;3,6
2708265;Pretzels, hard, cheese filled;463;9,85;16,9;66,5;3,6
2708266;Pretzels, hard, peanut butter filled;454;14;19;60,8;3,9
2708267;Pretzels, soft, NFS;345;8,01;4;69,4;1,7
2708268;Pretzels, soft, ready-to-eat, NFS;345;8,01;4;69,4;1,7
2708269;Pretzels, soft, ready-to-eat, salted, buttered;345;8,01;4;69,4;1,7
2708270;Pretzels, soft, ready-to-eat, unsalted, buttered;350;8,12;4,05;70,3;1,7
2708271;Pretzels, soft, ready-to-eat, salted, no butter;340;8,09;3,06;70,1;1,7
2708272;Pretzels, soft, ready-to-eat, unsalted, no butter;345;8,2;3,1;71;1,7
2708273;Pretzels, soft, ready-to-eat, cinnamon sugar coated;374;6,22;6,14;74;2,1
2708274;Pretzels, soft, ready-to-eat, coated or flavored;365;7,89;7,75;66;1,6
2708275;Pretzels, soft, ready-to-eat, topped with meat;349;11,5;9,93;53,4;1,3
2708276;Pretzels, soft, ready-to-eat, topped with cheese;339;10,2;5,36;62,4;1,5
2708277;Pretzels, soft, from frozen, NFS;345;8,01;4;69,4;1,7
2708278;Pretzels, soft, from frozen, salted;340;8,09;3,06;70,1;1,7
2708279;Pretzels, soft, from frozen, unsalted;345;8,2;3,1;71;1,7
2708280;Pretzels, soft, from frozen, cinnamon sugar coated;374;6,22;6,14;74;2,1
2708281;Pretzels, soft, from frozen, coated or flavored;365;7,89;7,75;66;1,6
2708282;Pretzels, soft, from frozen, topped with meat;349;11,5;9,93;53,4;1,3
2708283;Pretzels, soft, from frozen, topped with cheese;339;10,2;5,36;62,4;1,5
2708284;Pretzels, soft, filled with cheese;339;10,2;5,36;62,4;1,5
2708285;Pretzels, soft, from school lunch;339;8,55;3,16;70,7;3,7
2708286;Pretzels, soft, multigrain;337;8,49;3,13;70,3;3,6
2708287;Pretzels, soft, gluten free;297;4,03;5,74;57,3;4
2708288;Pretzels, soft, gluten free, cinnamon sugar coated;339;3,1;8,14;63,8;3,8
2708289;Pretzels, soft, gluten free, coated or flavored;326;4,1;10,4;54,2;3,7
2708290;Multigrain chips (Sun Chips);491;7,95;21,1;67,3;8,8
2708291;Snack mix, plain (Chex Mix);417;8,74;10,3;72,2;4,6
2708292;Bagel chips;451;12,3;15,1;66,4;4,1
2708293;Cracker chips;491;7,95;21,1;67,3;8,8
2708294;Pancakes, NFS;282;7,41;12,1;35,3;2,1
2708295;Pancakes, plain, frozen;233;5,23;6,83;37,8;1
2708296;Pancakes, fruit, frozen;224;4,99;6,52;36,5;1,1
2708297;Pancakes, chocolate, frozen;248;5,35;7,97;38,8;1,1
2708298;Pancakes, whole grain, frozen;232;5,54;6,75;38,6;2,3
2708299;Pancakes, plain, fast food / restaurant;307;7,16;15,5;34,1;2,1
2708300;Pancakes, fruit, fast food / restaurant;253;5,71;12,3;29,8;2,3
2708301;Pancakes, chocolate, fast food / restaurant;360;7,46;18,7;40;2,4
2708302;Pancakes, whole grain, fast food / restaurant;299;7,59;15,8;31,8;3,1
2708303;Pancakes, school;231;6,26;6,57;40,4;5,2
2708304;Pancakes, plain;282;7,41;12,1;35,3;2,1
2708305;Pancakes, plain, reduced fat;264;7,57;9,74;36,1;2,2
2708306;Pancakes, fruit;232;5,86;9,54;30,6;2,4
2708307;Pancakes, pumpkin;241;6,37;10,1;31;2,3
2708308;Pancakes, chocolate;341;7,68;15,9;41,2;2,4
2708309;Pancakes, whole grain;273;7,86;12,3;32,9;3,2
2708310;Pancakes, whole grain, reduced fat;256;8,04;9,89;33,6;3,3
2708311;Pancakes, gluten free;215;3,31;4,55;40,3;1,5
2708312;Waffle, NFS;309;7,42;9,49;48,4;2,6
2708313;Waffle, plain, frozen;309;7,42;9,49;48,4;2,6
2708314;Waffle, plain, reduced fat;292;9,72;7,35;46,8;1,5
2708315;Waffle, fruit, frozen;296;7,07;9,05;46,6;2,6
2708316;Waffle, chocolate, frozen;320;7,43;10,5;48,9;2,6
2708317;Waffle, whole grain, frozen;289;6,78;8,39;46,7;4,1
2708318;Waffle, whole grain, reduced fat;257;7,14;3,57;49,2;4,3
2708319;Waffle, whole grain, fruit, frozen;278;6,48;8,02;45,1;4
2708320;Waffle, plain, fast food / restaurant;428;8,16;26,4;38,9;2,4
2708321;Waffle, chocolate, fast food / restaurant;480;8,59;28,9;46,1;2,7
2708322;Waffle, fruit, fast food / restaurant;354;6,6;21,1;34,5;2,7
2708323;Waffle, whole grain, fast food / restaurant;421;8,64;26,9;36,2;3,5
2708324;Waffle, school;257;7,14;3,57;49,2;4,3
2708325;Waffle, plain;373;8,7;18,8;41,5;2,5
2708326;Waffle, fruit;307;6,94;14,9;36,2;2,8
2708327;Waffle, chocolate;437;9,07;22,7;48,6;2,9
2708328;Waffle, cinnamon;373;8,7;18,8;41,7;2,7
2708329;Waffle, whole grain;364;9,23;19,2;38,6;3,8
2708330;Waffle, gluten free;263;2,72;8,84;43;1,4
2708331;French toast, NFS;273;10,4;11,4;32,3;1,2
2708332;French toast, frozen;183;7,24;3,82;29,9;1,1
2708333;French toast, fast food / restaurant;310;9,84;14,3;35,7;1,3
2708334;French toast, school;162;9,15;3,8;22,6;2,9
2708335;French toast, plain;273;10,4;11,4;32,3;1,2
2708336;French toast, whole grain;271;11,3;11,6;30,4;2,7
2708337;French toast, gluten free;264;7,79;12,2;30,6;2,2
2708338;French toast sticks;278;7,52;9,18;40,6;1,3
2708339;French toast sticks, fast food / restaurant;400;7,06;20,9;48,5;1,6
2708340;French toast sticks, school;162;9,15;3,8;22,6;2,9
2708341;Crepe, NFS;224;8,85;11,3;22;0,6
2708342;Crepe, plain;224;8,85;11,3;22;0,6
2708343;Chinese pancake;207;4,05;0,38;45,4;0,7
2708344;Dumpling, no meat;125;3,45;3,37;20,5;0,7
2708345;Cake made with glutinous rice;279;2,49;6,51;53,6;0,7
2708346;Idli;128;6,36;0,35;25;5,8
2708347;Dosa, plain;210;5,7;4,05;37;1,8
2708348;Cake made with glutinous rice and dried beans;185;7,76;0,6;36,1;3,4
2708349;Funnel cake with sugar;353;7,87;16,6;43,5;1
2708350;Funnel cake with sugar and fruit;380;5,84;15,7;55,2;0,9
2708351;Pasta, vegetable, cooked;128;4,52;0,11;26,6;4,3
2708352;Noodles, cooked;137;4,51;2,06;25;1,2
2708353;Noodles, whole grain, cooked;148;5,96;1,7;29,9;3,9
2708354;Noodles, chow mein;521;10,3;31,7;51,9;1,9
2708355;Long rice noodles, made from mung beans, cooked;84;0,04;0,01;20,7;0,1
2708356;Rice noodles, cooked;107;1,78;0,2;23,9;1
2708357;Pasta, cooked;157;5,76;0,92;30,7;1,8
2708358;Pasta, whole grain, cooked;148;5,95;1,7;29,9;3,9
2708359;Pasta, gluten free;179;3,2;1;38;1,4
2708360;Cereal, cooked, NFS;64;2,21;1,09;11,4;1,7
2708361;Barley;139;2,2;2,74;27,2;3,7
2708362;Buckwheat groats;118;3,24;3,97;19;2,6
2708363;Grits, NFS;71;1,19;1,84;12,2;0,7
2708364;Grits, regular or quick, made with water, NS as to fat;71;1,19;1,84;12,2;0,7
2708365;Grits, regular or quick, made with water, no added fat;58;1,2;0,28;12,4;0,7
2708366;Grits, regular or quick, made with water, fat added;71;1,19;1,84;12,2;0,7
2708367;Grits, with cheese, NS as to fat;108;3,56;5,28;11,4;0,6
2708368;Grits, with cheese, no added fat;97;3,6;3,92;11,5;0,7
2708369;Grits, with cheese, fat added;108;3,56;5,28;11,4;0,6
2708370;Grits, instant, made with water, no added fat;65;1,38;0,4;14,8;0,8
2708371;Grits, instant, made with water, fat added;85;1,36;2,85;14,4;0,8
2708372;Grits, instant, made with water, NS as to fat;85;1,36;2,85;14,4;0,8
2708373;Cornmeal mush, NS as to fat;71;1,11;1,84;12,2;0,6
2708374;Cornmeal mush, no added fat;58;1,12;0,28;12,5;0,6
2708375;Cornmeal mush, fat added;71;1,11;1,84;12,2;0,6
2708376;Masa harina, cooked;97;2,26;0,99;20,5;1,7
2708377;Millet;118;3,5;1;23,6;1,3
2708378;Oatmeal, fast food, plain;80;2,6;2,54;11,9;1,7
2708379;Oatmeal, fast food, flavored;110;2,4;2,33;20,3;1,6
2708380;Oatmeal, NFS;76;2,18;2,63;11,2;1,7
2708381;Oatmeal, regular or quick, made with water, no added fat;64;2,21;1,09;11,4;1,7
2708382;Oatmeal, regular or quick, made with water, fat added;76;2,18;2,63;11,2;1,7
2708383;Oatmeal, regular or quick, made with milk, no added fat;116;5,56;3,25;16,2;1,7
2708384;Oatmeal, regular or quick, made with milk, fat added;128;5,48;4,75;16;1,7
2708385;Oatmeal, regular or quick, made with non-dairy milk, no added fat;95;3,35;2,71;14,4;1,8
2708386;Oatmeal, regular or quick, made with non-dairy milk, fat added;107;3,31;4,21;14,2;1,8
2708387;Oatmeal, instant, plain, made with water, no added fat;68;2,26;1,3;13,2;1,9
2708388;Oatmeal, instant, plain, made with water, fat added;88;2,2;3,72;12,7;1,8
2708389;Oatmeal, instant, plain, made with milk, no added fat;111;4,96;3,04;17,1;1,9
2708390;Oatmeal, instant, plain, made with milk, fat added;129;4,81;5,4;16,5;1,8
2708391;Oatmeal, instant, plain, made with non-dairy milk, no added fat;94;3,18;2,6;15,6;2
2708392;Oatmeal, instant, plain, made with non-dairy milk, fat added;113;3,09;4,98;15,1;1,9
2708393;Oatmeal, instant, maple flavored, no added fat;102;2,44;1,25;20,2;1,9
2708394;Oatmeal, instant, maple flavored, fat added;119;2,38;3,45;19,6;1,8
2708395;Oatmeal, instant, fruit flavored, no added fat;100;2,34;1,19;20,1;1,9
2708396;Oatmeal, instant, fruit flavored, fat added;117;2,29;3,4;19,5;1,9
2708397;Oatmeal, reduced sugar;85;2,35;1,28;16,6;1,9
2708398;Oatmeal, multigrain;56;2,12;0,46;12,2;2
2708399;Quinoa, NS as to fat;146;4,2;5,42;20,2;2,7
2708400;Quinoa, no added fat;120;4,38;1,91;21,2;2,8
2708401;Quinoa, fat added;146;4,2;5,42;20,2;2,7
2708402;Rice, cooked, NFS;129;2,67;0,28;28;0,4
2708403;Rice, white, cooked, NS as to fat;129;2,67;0,28;28;0,4
2708404;Rice, white, cooked, made with oil;151;2,6;3,12;27,2;0,4
2708405;Rice, white, cooked, made with butter;147;2,62;2,61;27,2;0,4
2708406;Rice, white, cooked, made with margarine;142;2,6;2,12;27,2;0,4
2708407;Rice, white, cooked, fat added, NS as to fat type;148;2,6;2,77;27,2;0,4
2708408;Rice, white, cooked, no added fat;129;2,67;0,28;28;0,4
2708409;Rice, brown, cooked, NS as to fat;123;2,44;1,11;25,8;1
2708410;Rice, brown, cooked, fat added, made with oil;141;2,38;3,41;25,2;1
2708411;Rice, brown, cooked, made with butter;137;2,4;3;25,2;1
2708412;Rice, brown, cooked, made with margarine;134;2,38;2,6;25,2;1
2708413;Rice, brown, cooked, fat added, NS as to fat type;138;2,38;3,12;25,2;1
2708414;Rice, brown, cooked, no added fat;123;2,43;1,11;25,8;1
2708415;Cream of rice;69;1,17;0,09;15,3;0,1
2708416;Rice, cooked, with milk;144;5,13;2,31;25;0,3
2708417;Rice, sweet, cooked with honey;139;2,52;0,26;31,1;0,4
2708418;Congee;39;0,8;0,08;8,4;0,1
2708419;Yellow rice, cooked, NS as to fat;88;1,8;0,45;19,1;0,5
2708420;Yellow rice, cooked, no added fat;88;1,8;0,45;19,1;0,5
2708421;Yellow rice, cooked, fat added;103;1,76;2,43;18,7;0,4
2708422;Rice, white, cooked, glutinous;96;2,01;0,19;21;1
2708423;Rice, wild, 100%, cooked, NS as to fat;122;3,86;3,08;20,6;1,7
2708424;Rice, wild, 100%, cooked, no added fat;100;3,97;0,34;21,2;1,8
2708425;Rice, wild, 100%, cooked, fat added;122;3,86;3,08;20,6;1,7
2708426;Rice, white and wild, cooked, no added fat;79;1,82;0,16;17,2;0,5
2708427;Rice, brown and wild, cooked, no added fat;120;2,89;0,88;24,9;1,6
2708428;Rice, white and wild, cooked, fat added;112;2,17;2,14;20,6;0,5
2708429;Rice, white and wild, cooked, NS as to fat;112;2,17;2,14;20,6;0,5
2708430;Rice, brown and wild, cooked, fat added;138;2,82;3,24;24,3;1,6
2708431;Rice, brown and wild, cooked, NS as to fat;112;2,2;2,72;19,9;0,9
2708432;Rice, white, cooked with fat, Puerto Rican style;200;2,84;6,3;31,9;0,5
2708433;Cream of wheat, NFS;65;1,44;1,8;10,4;0,5
2708434;Cream of wheat, regular or quick, made with water, no added fat;51;1,45;0,21;10,6;0,5
2708435;Cream of wheat, regular or quick, made with water, fat added;65;1,44;1,8;10,4;0,5
2708436;Cream of wheat, instant, made with water, no added fat;67;1,52;0,21;14,4;0,5
2708437;Cream of wheat, instant, made with water, fat added;82;1,5;2,09;14,1;0,5
2708438;Bulgur, no added fat;83;3,06;0,24;18,5;4,5
2708439;Bulgur, fat added;121;2,9;5,07;17,3;4,2
2708440;Bulgur, NS as to fat;83;3,06;0,24;18,5;4,5
2708441;Couscous, plain, cooked;111;3,77;0,16;23,1;1,4
2708442;Whole wheat cereal, cooked;47;1,55;0,28;10,4;1,3
2708443;Wheat cereal, chocolate flavored, cooked;49;1,79;0,47;11;1,8
2708444;Oat bran cereal, cooked;46;3,21;1,3;12,3;2,9
2708445;Cereal, ready-to-eat, NFS;379;7,74;4,01;77,7;6,6
2708446;Cereal, O's, flavored;385;8,62;5,37;76;7,6
2708447;Cereal, crunch;398;4,31;5,53;82,1;2,7
2708448;Cereal, O's, plain;374;12,4;6,17;67,9;10,5
2708449;Cereal, chocolate puffs;388;5,39;4,98;81;5
2708450;Cereal, cinnamon toast;414;5,88;9,92;75,2;5,1
2708451;Cereal, chocolate crispy;380;5,35;4,24;81,8;1,4
2708452;Cereal, corn squares;369;7,88;2,61;77,1;5,4
2708453;Cereal, corn flakes, plain;365;6,4;1,6;79,5;3,5
2708454;Cereal, corn puffs;371;7,74;2,57;77,8;7,3
2708455;Cereal, rice crispy, plain;358;6,96;1,21;79,8;0,4
2708456;Cereal, bran flakes, plain;361;9,65;2,42;75;20,5
2708457;Cereal, shredded wheat, flavored;367;9,52;1,41;78,9;10,3
2708458;Cereal, rice crispy, flavored;372;4,95;0,92;86;0,3
2708459;Cereal, fruit rings;383;5,14;3,23;82,2;5,4
2708460;Cereal, fruit crispy;384;4,28;3,89;82,9;0,3
2708461;Cereal, granola;420;9,82;13;67,4;7,4
2708462;Cereal, oat bunches;392;7,43;6,06;76,2;4,6
2708463;Cereal, corn squares, flavored;380;5,58;3,32;80,7;4,7
2708464;Cereal, O's, honey nut;385;8,62;5,37;76;7,6
2708465;Cereal, multigrain;373;11,6;3,59;74;14,6
2708466;Cereal, oat squares;379;10,4;5,22;73,3;8
2708467;Cereal, frosted oats with marshmallows;372;8,17;4,07;76,6;6,1
2708468;Cereal, O's, multigrain;373;8,54;3,76;76,2;10,9
2708469;Cereal, bran flakes, flavored;353;8,13;1,18;78,7;12,4
2708470;Cereal, rice squares;357;7,01;2,19;77,4;5,4
2708471;Cereal, K's, plain;356;19;1,58;68;3,2
2708472;Cereal, K's, flavored;363;7,33;1,15;80,9;8
2708473;Cereal, flavored puffs;380;5,66;2,16;83,8;2,2
2708474;Cereal, corn flakes, flavored;375;4,77;1,27;84,7;2,6
2708475;Cereal, O's, NFS;379;10,5;5,77;72;9,1
2708476;Cereal, wheat squares;356;10,5;1,52;75;13,5
2708477;Wheat germ;382;29,1;10,7;49,6;15,1
2708478;Cereal, plain puffs;357;9,5;1,66;77,2;8,7
2708479;Cereal, shredded wheat, plain;358;11,9;1,68;73,8;13
2708480;Cereal, wheat flakes;359;10,1;1,47;76,3;10,4
2708481;Cereal, other, NFS;381;6,88;4,44;78,5;4,8
2708482;Cereal, other, plain;370;9,41;3,89;73,7;7
2708483;Cereal, other, fruit flavored;383;4,71;3,56;82,6;2,9
2708484;Cereal, other, chocolate;384;5,37;4,61;81,4;3,2
2708485;Cereal, other, peanut butter;422;7,34;11,1;73;5
2708486;Cereal, other, honey;388;8,02;5,71;76,1;6,1
2708487;Cereal, reduced sugar;376;8,42;3,67;76,9;6,4
2708488;Wheat bran;216;15,6;4,25;64,5;42,8
2708489;Oats, raw;379;13,2;6,52;67,7;10,1
2708490;Cereal, oat bran, ready-to-eat;403;10,4;10,2;68,3;12,9
2708491;Baby Toddler cereal, barley, dry;376;13,2;6,6;69,4;6,6
2708492;Baby Toddler cereal, oatmeal, dry;394;11;6,36;73,5;7,3
2708493;Baby Toddler cereal, rice, dry;390;6,65;2,19;83,1;1,3
2708494;Baby Toddler cereal, rice with fruit, dry;388;6,51;2,17;83,4;1,7
2708495;Baby Toddler cereal, multigrain with fruit, dry;404;6,53;6,43;80,5;6,9
2708496;Baby Toddler cereal, multigrain, dry;407;6,67;6,67;80,1;6,7
2708497;Baby Toddler cereal, oatmeal with fruit, dry;392;10,6;6,13;74,2;7,4
2708498;Baby Toddler cereal, NFS;89;1,92;0,96;18,4;1,8
2708499;Baby Toddler cereal, rice, ready-to-eat;73;1,38;0,3;16,1;0,1
2708500;Baby Toddler cereal, oatmeal, ready-to-eat;76;2,54;1,3;13,8;1,9
2708501;Baby Toddler cereal, multigrain, ready-to-eat;75;1,87;0,89;15;1,1
2708502;Baby Toddler cereal, multigrain with fruit, ready-to-eat;88;1,46;0,68;19,2;1,2
2708503;Baby Toddler cereal, oatmeal with fruit, ready-to-eat;89;1,92;0,96;18,4;1,8
2708504;Baby Toddler cereal, rice with fruit, ready-to-eat;87;1,12;0,27;20;0,6
2708505;Chilaquiles;195;10,6;10,7;14,9;2,1
2708506;Frito pie;328;9,96;21;26,3;2,9
2708507;Mexican pizza;249;15,5;13,9;15,3;2,1
2708508;Taco or tostada salad with meat;179;7,45;9,32;16,5;2,9
2708509;Taco or tostada salad with chicken;167;7,83;8,02;16,3;2,8
2708510;Taco or tostada salad, meatless;163;5,28;7,36;19,3;3,7
2708511;Taco or tostada salad with meat and sour cream;181;6,91;10,4;15,1;2,5
2708512;Taco or tostada salad with chicken and sour cream;171;7,24;9,26;15;2,5
2708513;Taco or tostada salad, meatless with sour cream;167;5;8,7;17,6;3,3
2708514;Taco, NFS;246;15,3;13,6;15,6;2,2
2708515;Taco, corn tortilla, beef, cheese;249;15,5;13,9;15,3;2,1
2708516;Taco, corn tortilla, beef, with beans, cheese;212;10,6;10,6;19,1;3,2
2708517;Taco, corn tortilla, pork, cheese;251;14,8;14,5;15,3;2,1
2708518;Taco, corn tortilla, pork, with beans, cheese;214;10,3;10,9;19,1;3,2
2708519;Taco, corn tortilla, chicken, cheese;211;16,2;9,6;15,3;2,1
2708520;Taco, corn tortilla, chicken, with beans, cheese;193;11;8,44;19,1;3,2
2708521;Taco, corn tortilla, with beans, cheese;176;5,8;7,28;23;4,2
2708522;Taco, flour tortilla, beef, cheese;257;16,7;12,3;18,9;1,3
2708523;Taco, flour tortilla, beef, with beans, cheese;221;11,8;8,92;22,7;2,4
2708524;Taco, flour tortilla, pork, cheese;260;16,1;12,8;18,9;1,3
2708525;Taco, flour tortilla, pork, with beans, cheese;222;11,5;9,2;22,7;2,4
2708526;Taco, flour tortilla, chicken, cheese;220;17,5;7,91;18,9;1,3
2708527;Taco, flour tortilla, chicken, with beans, cheese;202;12,2;6,74;22,7;2,4
2708528;Taco, flour tortilla, with beans, cheese;184;6,99;5,57;26,6;3,4
2708529;Taco, fish;275;11,6;15,3;23;2,5
2708530;Taco, meat, no cheese;243;15,2;13,2;15,9;2,2
2708531;Taco, meat, with beans, no cheese;205;10,1;9,68;20;3,4
2708532;Taco, with beans, no cheese;167;5;6,18;24;4,5
2708533;Taco, cheese only;275;12,2;13,4;27,8;3,8
2708534;Burrito, NFS;219;11,1;8,54;23,9;2,5
2708535;Burrito, beef, cheese;267;13,3;10,7;28,3;2
2708536;Burrito, beef, with rice, cheese;231;10,4;8,03;28,2;1,5
2708537;Burrito, beef, with beans, cheese;219;11,1;8,54;23,9;2,5
2708538;Burrito, beef, with beans and rice, cheese;225;10,8;8,29;26;2
2708539;Burrito, pork, cheese;268;12,9;11;28,3;2
2708540;Burrito, pork, with rice, cheese;232;10,2;8,26;28,2;1,5
2708541;Burrito, pork, with beans, cheese;220;10,8;8,78;23,9;2,5
2708542;Burrito, pork, with beans and rice, cheese;226;10,5;8,52;26;2
2708543;Burrito, chicken, cheese;244;13,7;8,06;28,3;2
2708544;Burrito, chicken, with rice, cheese;215;10,8;6,2;28,2;1,5
2708545;Burrito, chicken, with beans, cheese;203;11,4;6,71;23,9;2,5
2708546;Burrito, chicken, with beans and rice, cheese;209;11,1;6,45;26;2
2708547;Burrito, with beans, no cheese;188;7,41;3,95;30,8;5,1
2708548;Burrito, with beans, cheese;196;8,1;5,16;29,5;4,9
2708549;Burrito, with beans and rice, cheese;202;6,89;4,87;32,2;3,2
2708550;Burrito, meat, no cheese;262;12,8;9,75;29,6;2,1
2708551;Burrito, meat, with rice, no cheese;224;9,84;6,91;29,6;1,6
2708552;Burrito, meat, with beans, no cheese;211;10,6;7,45;25;2,6
2708553;Burrito, meat, with beans and rice, no cheese;218;10,2;7,18;27,3;2,1
2708554;Burrito, cheese only;328;13,7;16,5;30,6;2,1
2708555;Burrito bowl, NFS;145;13;5,44;10,6;1
2708556;Burrito bowl, beef or pork;213;20;14,2;0,27;-
2708557;Burrito bowl, beef or pork, with rice;181;11,9;8,05;14,2;0,2
2708558;Burrito bowl, beef or pork, with beans;161;13,1;8,91;6,94;1,8
2708559;Burrito bowl, beef or pork, with beans and rice;171;12,5;8,48;10,6;1
2708560;Burrito bowl, chicken;161;21;8,11;0,27;-
2708561;Burrito bowl, chicken, with rice;155;12,5;5;14,2;0,2
2708562;Burrito bowl, chicken, with beans;135;13,6;5,87;6,94;1,8
2708563;Burrito bowl, chicken, with beans and rice;145;13;5,44;10,6;1
2708564;Burrito bowl, with beans;129;8,04;3,42;17,3;5,7
2708565;Enchilada, NFS;178;10;9,02;14,6;2,3
2708566;Enchilada, beef;191;9,76;10,5;14,6;2,3
2708567;Enchilada, pork;192;9,54;10,7;14,6;2,3
2708568;Enchilada, chicken;178;10;9,02;14,6;2,3
2708569;Enchilada, no meat;165;6,37;8,2;17,3;3,1
2708570;Tamale, NFS;174;7,38;9,04;15,8;2,4
2708571;Tamale, beef;174;7,38;9,04;15,8;2,4
2708572;Tamale, pork;174;7,38;9,04;15,8;2,4
2708573;Tamale, chicken;174;7,38;9,04;15,8;2,4
2708574;Tamale, no meat;186;3,48;7,21;26,7;3,2
2708575;Tamale casserole with meat;174;7,38;9,04;15,8;2,4
2708576;Nachos, NFS;265;7,6;15,8;23,8;1,7
2708577;Nachos, cheese only;266;4,46;15,7;27,8;2
2708578;Nachos, beef or pork;265;10,7;16;19,9;1,4
2708579;Nachos, beef or pork, with beans;220;9,28;12,4;18,3;2
2708580;Nachos, chicken;242;11,2;13,3;19,9;1,4
2708581;Nachos, chicken, with beans;203;9,62;10,5;18,3;2
2708582;Nachos, with beans;210;4,62;11,4;23,3;2,5
2708583;Gordita, cheese only;324;10,6;21,6;22,4;1,7
2708584;Gordita, with beans;207;5,83;11,8;20,2;2,9
2708585;Gordita, meat;296;17;19,4;13,1;1
2708586;Gordita, meat, with beans;252;11,4;15,6;16,6;2
2708587;Chimichanga, meat;324;12,1;18,8;25,8;1,8
2708588;Chimichanga, with beans;260;7,36;13,8;26,8;4,4
2708589;Chimichanga, chicken;304;12,5;16,4;25,8;1,8
2708590;Quesadilla, NFS;316;13,4;16,2;28,6;2
2708591;Quesadilla, cheese only;316;13,4;16,2;28,6;2
2708592;Quesadilla, beef or pork;305;14,1;15,1;27,3;1,9
2708593;Quesadilla, chicken;287;14,4;13;27,3;1,9
2708594;Quesadilla, with vegetables;253;8,14;11,3;29,2;2,2
2708595;Quesadilla, beef or pork, with vegetables;279;11,1;13,2;28,2;2,1
2708596;Quesadilla, chicken, with vegetables;270;11,3;12,1;28,2;2,1
2708597;Quesadilla, egg;249;10,9;13,7;20,1;1,4
2708598;Quesadilla, egg, with meat;249;11,4;13,9;19,1;1,3
2708599;Taquito, cheese only;309;11,2;15,3;32,2;3,3
2708600;Taquito, beef or pork;287;12,2;12,5;31,6;3,3
2708601;Taquito, chicken;269;12,5;10,4;31,6;3,3
2708602;Taquito, egg;281;9,9;13,6;29,2;2
2708603;Fajita, NFS;219;11,7;11;18;1,5
2708604;Fajita, chicken;206;11,3;9,8;18;1,5
2708605;Fajita, beef or pork;231;12,1;12,2;18;1,5
2708606;Fajita, shrimp;189;8,33;8,92;18,4;1,5
2708607;Fajita, vegetable;166;3,22;7,84;20,4;2
2708608;Pupusa, cheese only;256;11,7;13,2;22,4;2,9
2708609;Pupusa, with beans;229;5,59;9,01;31,5;5,8
2708610;Pupusa, meat;232;11,5;10,4;23;2,6
2708611;Pupusa, meat, with beans;230;8,55;9,72;27,3;4,2
2708612;Pizza, cheese, from frozen, thin crust;263;11,9;11,1;28,8;3
2708613;Pizza, cheese, from frozen, thick crust;268;10,4;12,3;29;2,2
2708614;Pizza, cheese, from restaurant or fast food, NS as to type of crust;266;11,4;9,69;33,3;2,3
2708615;Pizza, cheese, from restaurant or fast food, thin crust;266;11,4;9,69;33,3;2,3
2708616;Pizza, cheese, from restaurant or fast food, medium crust;266;11,4;9,69;33,3;2,3
2708617;Pizza, cheese, from restaurant or fast food, thick crust;271;10,8;10,5;33,2;2,2
2708618;Pizza, cheese, stuffed crust;274;12,2;11,6;30;1,7
2708619;Pizza, cheese, from school lunch, medium crust;250;13,7;8,59;29,7;3,4
2708620;Pizza, cheese, from school lunch, thin crust;247;12,7;7,91;31,3;4
2708621;Pizza, cheese, from school lunch, thick crust;254;14,6;9,27;28,1;2,9
2708622;Pizza, extra cheese, thin crust;268;12,1;10,3;31,7;2,2
2708623;Pizza, extra cheese, thick crust;272;11,4;11;31,8;2,1
2708624;Pizza, cheese, with vegetables, from frozen, thin crust;240;9,24;10,8;26,5;2,1
2708625;Pizza, cheese with vegetables, from frozen, thick crust;253;9,76;11,5;27,7;2,1
2708626;Pizza, cheese, with vegetables, from restaurant or fast food, thin crust;234;9,96;8,37;29,9;2,2
2708627;Pizza, cheese, with vegetables, from restaurant or fast food, medium crust;242;10,3;8,69;30,7;2,2
2708628;Pizza, cheese, with vegetables, from restaurant or fast food, thick crust;245;9,74;9,39;30,4;2,1
2708629;Pizza with cheese and extra vegetables, thin crust;208;8,68;7,8;26;2,1
2708630;Pizza with cheese and extra vegetables, medium crust;221;9,29;8,22;27,6;2,1
2708631;Pizza with cheese and extra vegetables, thick crust;240;9,51;9,46;29,4;2,1
2708632;Pizza, cheese, with fruit, thin crust;230;9,51;8,06;30;2,1
2708633;Pizza, cheese, with fruit, medium crust;239;9,96;8,45;30,8;2,1
2708634;Pizza, cheese, with fruit, thick crust;246;9,57;9,3;30,9;2
2708635;Pizza with pepperoni, from frozen, thin crust;274;12,2;12,7;27,5;2,9
2708636;Pizza with pepperoni, from frozen, medium crust;275;11,5;13,1;27,8;2,5
2708637;Pizza with pepperoni, from frozen, thick crust;276;10,7;13,4;28,1;2,1
2708638;Pizza with pepperoni, from restaurant or fast food, NS as to type of crust;282;11,7;11,9;32;2,3
2708639;Pizza with pepperoni, from restaurant or fast food, thin crust;282;11,7;11,9;32;2,3
2708640;Pizza with pepperoni, from restaurant or fast food,  medium crust;282;11,7;11,9;32;2,3
2708641;Pizza with pepperoni, from restaurant or fast food, thick crust;287;11,5;12,6;31,8;2,2
2708642;Pizza with pepperoni, stuffed crust;296;12,9;15;27,2;1,5
2708643;Pizza with pepperoni, from school lunch, thin crust;254;12,8;8,62;31,2;4,3
2708644;Pizza, with pepperoni, from school lunch, medium crust;256;13,6;9,22;29,8;4,3
2708645;Pizza with pepperoni, from school lunch, thick crust;259;14,4;9,82;28,3;4,3
2708646;Pizza with meat other than pepperoni, from frozen, thin crust;267;12,3;12,1;27;2,8
2708647;Pizza with meat other than pepperoni, from frozen, medium crust;269;11,6;12,5;27,3;2,4
2708648;Pizza with meat other than pepperoni, from frozen, thick crust;270;10,8;13;27,7;2,1
2708649;Pizza with meat other than pepperoni, from restaurant or fast food, NS as to type of crust;280;11,5;12,4;30,6;2,3
2708650;Pizza with meat other than pepperoni, from restaurant or fast food, thin crust;280;11,5;12,4;30,6;2,3
2708651;Pizza with meat other than pepperoni, from restaurant or fast food, medium crust;280;11,5;12,4;30,6;2,3
2708652;Pizza with meat other than pepperoni, from restaurant or fast food, thick crust;282;11,1;12,9;30,4;2,3
2708653;Pizza, with meat other than pepperoni, stuffed crust;278;12,8;13;27,3;1,5
2708654;Pizza, with meat other than pepperoni, from school lunch, medium crust;254;12,9;8,45;31,4;4
2708655;Pizza, with meat other than pepperoni, from school lunch, thin crust;250;12,6;7,83;32,2;3,9
2708656;Pizza, with meat other than pepperoni, from school lunch, thick crust;257;13,3;9,07;30,6;4
2708657;Pizza with extra meat, thin crust;277;14,7;13,4;24,2;1,7
2708658;Pizza with extra meat, medium crust;274;13,8;12,4;26,6;1,8
2708659;Pizza with extra meat, thick crust;278;13,3;13;26,6;1,8
2708660;Pizza with meat and vegetables, from frozen, thin crust;276;11,3;14,4;25,1;2,2
2708661;Pizza with meat and vegetables, from frozen, medium crust;276;11,3;14,4;25,1;2,2
2708662;Pizza with meat and vegetables, from frozen, thick crust;276;11,3;14,4;25,1;2,2
2708663;Pizza with meat and vegetables, from restaurant or fast food, thin crust;241;11,6;9,87;26,6;1,9
2708664;Pizza with meat and vegetables, from restaurant or fast food, medium crust;248;11,5;9,83;28,4;2
2708665;Pizza with meat and vegetables, from restaurant or fast food, thick crust;259;10,9;10,5;30,1;2
2708666;Pizza with extra meat and extra vegetables, thin crust;222;11,4;9,16;23,7;1,9
2708667;Pizza with extra meat and extra vegetables, thick crust;239;11;9,97;26,4;1,9
2708668;Pizza with extra meat and extra vegetables, medium crust;233;11,4;9,29;26;2
2708669;Pizza with meat and fruit, thin crust;227;10,9;8,34;27;1,8
2708670;Pizza with meat and fruit, medium crust;234;11;8,59;28,2;1,9
2708671;Pizza with meat and fruit, thick crust;245;10,6;9,53;29,1;1,9
2708672;Pizza with beans and vegetables, thin crust;203;9,29;6,63;26,9;3,2
2708673;Pizza with beans and vegetables, thick crust;225;9,46;8,18;28,6;2,8
2708674;Pizza, no cheese, thin crust;276;7,46;13,7;31;1,8
2708675;Pizza, no cheese, thick crust;293;7,58;12,3;38,3;1,9
2708676;White pizza, cheese, thin crust;285;12,4;13,7;27,6;1,1
2708677;White pizza, cheese, thick crust;280;11,8;11,4;31,8;1,3
2708678;White pizza, cheese, with vegetables, thin crust;241;10,1;11,7;23,6;1,2
2708679;White pizza, cheese, with vegetables, thick crust;244;10;10,1;27,8;1,3
2708680;White pizza, cheese, with meat, thin crust;304;13,6;17,4;22,8;0,9
2708681;White pizza, cheese, with meat, thick crust;296;12,8;14,8;27,2;1,1
2708682;White pizza, cheese, with meat and vegetables, thin crust;272;12,1;15,3;21,1;1
2708683;White pizza, cheese, with meat and vegetables, thick crust;270;11,7;13,3;25,3;1,1
2708684;Calzone, with cheese, meatless;389;17,6;22,5;29,5;1,3
2708685;Calzone, with meat and cheese;343;14,8;17,7;31,3;1,4
2708686;Pizza rolls;345;9,19;10,5;53,4;1,3
2708687;Pizza, cheese, whole wheat thin crust;267;11,8;12,4;28,6;3,5
2708688;Pizza, cheese, whole wheat thick crust;265;11,4;10,4;33;3,9
2708689;Pizza, with meat, whole wheat thin crust;289;13;16,4;23,6;2,9
2708690;Pizza, with meat, whole wheat thick crust;284;12,5;14;28,1;3,3
2708691;Pizza, cheese and vegetables, whole wheat thin crust;226;9,61;10,6;24,4;3,1
2708692;Pizza, cheese and vegetables, whole wheat thick crust;231;9,67;9,29;28,7;3,5
2708693;Pizza, cheese, gluten-free thin crust;264;8,73;13,6;26,5;2,5
2708694;Pizza, cheese, gluten-free thick crust;261;7,81;11,9;30,5;2,9
2708695;Pizza, with meat, gluten-free thin crust;287;10,6;17,4;21,9;2,1
2708696;Pizza, with meat, gluten-free thick crust;280;9,48;15,2;26,1;2,5
2708697;Pizza, cheese and vegetables, gluten-free thin crust;223;7,18;11,6;22,7;2,3
2708698;Pizza, cheese and vegetables, gluten-free thick crust;228;6,68;10,5;26,7;2,7
2708699;Breakfast pizza with egg;292;14;14,5;25,6;1,1
2708700;Egg roll, meatless;270;5,62;14,1;30;2,3
2708701;Egg roll, with shrimp;258;6,68;13,6;27,1;2
2708702;Egg roll, with beef and/or pork;272;7,58;14,7;27;2
2708703;Egg roll, with chicken or turkey;266;7,59;14,1;27;2
2708704;Roll with meat and/or shrimp, vegetables and rice paper, not fried;112;5,65;2,65;17,2;1,9
2708705;Wonton, dumpling or pot sticker, fried;192;8,76;11,1;14;1,5
2708706;Wonton, dumpling or pot sticker, fried, no meat;192;8,76;11,1;14;1,5
2708707;Puffs, fried, crab meat and cream cheese filled;314;9,4;15,1;35,1;1,2
2708708;Wonton, dumpling or pot sticker, steamed;113;6,9;4,6;11,1;1,2
2708709;Empanada, NFS;291;7,19;16;29,9;2
2708710;Empanada, no meat;265;5,75;13,2;31,5;3,4
2708711;Empanada, beef;333;12,1;19,2;27,4;1,6
2708712;Empanada, beef, with vegetables;291;7,19;16;29,9;2
2708713;Empanada, chicken;309;12,6;16,5;27,4;1,6
2708714;Empanada, chicken, with vegetables;283;7,35;15,1;29,9;2
2708715;Cornmeal stick, Puerto Rican style;415;6,92;21;48,4;2,4
2708716;Kibby, Puerto Rican style;168;8,76;7,2;18;3,1
2708717;Bacalaitos fritos;281;14,4;8,63;36,1;1,2
2708718;Hayacas, Puerto Rican style;157;5,82;10,8;9,37;1,1
2708719;Crepe, with meat;173;12,9;10,1;7,73;0,3
2708720;Pierogi;195;5,26;6,14;29,6;0,9
2708721;Gnocchi, cheese;178;8,51;12;9,38;0,2
2708722;Gnocchi, potato;135;2,44;6,33;17,2;1
2708723;Knish;345;10,5;19,7;31,9;1,1
2708724;Bao bun;273;11,2;7,58;39,8;1,2
2708725;Bao bun, no meat;268;6,73;2,94;54,3;3,4
2708726;Pastry, cheese-filled;274;9,92;19,2;15,4;0,4
2708727;Pastry, egg and cheese filled;349;8,38;15,7;43,8;1,6
2708728;Pastry, meat / poultry-filled;341;11,5;19,2;30,9;1,1
2708729;Spanakopita;212;8,27;15,2;10,4;1
2708730;Samosa;310;5,14;17,5;33,2;1,8
2708731;Quiche with meat, poultry or fish;387;15,5;30,6;12,1;0,7
2708732;Spinach quiche, meatless;299;10,3;23,5;11,7;1
2708733;Cheese quiche, meatless;365;11,9;29,2;13,7;0,8
2708734;Turnover or hot pocket, NFS;260;10,3;11,9;27,9;1,6
2708735;Turnover or hot pocket, meatless;198;5,07;7,78;27;1,6
2708736;Turnover or hot pocket, beef;233;10,4;10,2;24,5;1,3
2708737;Turnover or hot pocket, ham;256;9,32;11,8;27,8;1,5
2708738;Turnover or hot pocket, pizza pocket, meat;260;10,3;11,9;27,9;1,6
2708739;Turnover or hot pocket, pizza pocket;244;9,66;9,62;29,7;1,7
2708740;Turnover or hot pocket, chicken;215;10,7;8,21;24,5;1,3
2708741;Turnover, seafood;207;9,39;7,91;24,6;1,3
2708742;Turnover or lean pocket;208;10,6;7,5;24,4;1,4
2708743;Turnover or breakfast pocket, egg;265;10;11,3;30,9;1,5
2708744;Biscuit with gravy;224;6,2;14,7;17;0,8
2708745;Chicken cornbread;167;13,8;8,21;9,38;0,4
2708746;Cornmeal dressing with chicken or turkey and vegetables;237;7,6;14,4;19,3;1,2
2708747;Dressing with oysters;189;4,95;10,8;18,4;1,2
2708748;Dressing with chicken or turkey and vegetables;217;8,2;11,2;21;1,4
2708749;Dressing with meat and vegetables;243;7,94;14,6;20,4;1,3
2708750;Lasagna with meat;139;7,45;4,97;16,2;1,6
2708751;Lasagna with meat, canned;97;3,24;3,41;13,3;1,5
2708752;Lasagna with meat, from restaurant;185;10,8;10,7;11,4;1,5
2708753;Lasagna with meat, home recipe;206;13,6;10,9;13,1;1,1
2708754;Lasagna with meat, frozen;124;6,63;4,42;14,4;1,4
2708755;Lasagna with meat and spinach;207;13,3;10,8;13,8;1,1
2708756;Lasagna with chicken or turkey;205;13,7;10,4;14;1
2708757;Lasagna, with chicken or turkey, and spinach;201;13,5;10,1;13,8;1,1
2708758;Lasagna, meatless;130;6,54;5,33;13,8;1,7
2708759;Lasagna, meatless, with vegetables;188;11,2;9,38;14,5;1,2
2708760;Ravioli, NS as to filling, no sauce;185;10,3;6,97;19,9;0,7
2708761;Ravioli, NS as to filling, with tomato sauce;138;6,92;5,9;14,6;0,9
2708762;Ravioli, NS as to filling, with cream sauce;169;8,12;8,38;15,2;0,5
2708763;Ravioli, meat-filled, no sauce;190;12,6;7,42;17,7;0,6
2708764;Ravioli, meat-filled, with tomato sauce or meat sauce;148;8,74;6,25;14,5;1
2708765;Ravioli, meat-filled, with tomato sauce or meat sauce, canned;97;3,24;3,41;13,3;1,5
2708766;Ravioli, meat-filled, with cream sauce;176;10,2;8,8;13,7;0,4
2708767;Ravioli, cheese-filled, no sauce;173;7,39;6,25;21,7;0,7
2708768;Ravioli, cheese-filled, with tomato sauce;98;3,98;2,3;15,2;1,2
2708769;Ravioli, cheese-filled, with tomato sauce, canned;77;2,48;1,45;13,6;1,3
2708770;Ravioli, cheese-filled, with meat sauce;137;6,37;6,14;14,3;0,8
2708771;Ravioli, cheese-filled, with cream sauce;160;6,06;7,91;16,2;0,5
2708772;Ravioli, cheese and spinach-filled, no sauce;150;6,62;4,51;20,8;1
2708773;Ravioli, cheese and spinach-filled, with cream sauce;145;5,56;6,74;15,7;0,7
2708774;Ravioli, cheese and spinach filled, with tomato sauce;117;5,19;3,37;16,8;1,2
2708775;Manicotti, cheese-filled, no sauce;207;10,4;9,3;20,4;0,6
2708776;Manicotti, cheese-filled, with tomato sauce, meatless;153;7,63;6,59;16,2;0,9
2708777;Manicotti, cheese-filled, with meat sauce;160;8,83;7,28;15,1;0,8
2708778;Manicotti, vegetable- and cheese-filled, with tomato sauce, meatless;135;6,43;5,18;15,9;1
2708779;Stuffed shells, cheese-filled, no sauce;205;9,93;8,51;22,2;0,7
2708780;Stuffed shells, cheese-filled, with tomato sauce, meatless;146;7;5,76;16,9;0,9
2708781;Stuffed shells, cheese-filled, with meat sauce;158;8,46;6,54;16,6;1
2708782;Stuffed shells, cheese- and spinach- filled, no sauce;187;9,56;6,63;22,4;1
2708783;Stuffed shells, with chicken, with tomato sauce;136;10,8;3,36;16,3;1,1
2708784;Stuffed shells, with fish and/or shellfish, with tomato sauce;116;8,85;1,94;16,1;1,1
2708785;Tortellini, meat-filled, with tomato sauce;134;6,62;4,92;15,8;1
2708786;Tortellini, meat-filled, with tomato sauce, canned;89;3,24;1,63;15,8;1,4
2708787;Tortellini, cheese-filled, meatless, with tomato sauce;149;6,18;3,65;23;1,6
2708788;Tortellini, cheese-filled, meatless, with tomato sauce, canned;91;3,48;1,5;16;0,8
2708789;Tortellini, cheese-filled, meatless, with vinaigrette dressing;193;6,23;10,4;18,8;0,6
2708790;Tortellini, meat-filled, no sauce;190;12,3;7,51;18;0,6
2708791;Tortellini, cheese-filled, with cream sauce;153;5,82;6,99;16,7;0,5
2708792;Tortellini, cheese-filled, no sauce;236;10,4;5,56;36,2;1,5
2708793;Tortellini, spinach-filled, with tomato sauce;121;4,49;4,36;16,1;1,2
2708794;Tortellini, spinach-filled, no sauce;188;8,94;7,4;21,4;0,9
2708795;Cannelloni, cheese- and spinach-filled, no sauce;157;6,31;6,51;18,4;1,1
2708796;Chow fun noodles with meat and vegetables;102;7,09;2,74;11,5;0,9
2708797;Chow fun noodles with vegetables, meatless;74;1,56;0,97;14,5;1,1
2708798;Lo mein, NFS;121;4,77;2,35;20,2;1,3
2708799;Lo mein, meatless;121;4,77;2,35;20,2;1,3
2708800;Lo mein, with shrimp;121;8,56;2,21;16,2;1
2708801;Lo mein, with pork;138;9,48;3,79;16,2;1
2708802;Lo mein, with beef;129;9,73;2,77;16,2;1
2708803;Lo mein, with chicken;130;9,15;3,15;16,2;1
2708804;Pad Thai, NFS;154;8,13;7,5;14,4;1,2
2708805;Pad Thai, meatless;165;5,79;9,2;16,3;1,8
2708806;Pad Thai with chicken;154;8,13;7,5;14,4;1,2
2708807;Pad Thai with seafood;147;6,84;6,82;15;1,2
2708808;Pad Thai with meat;160;8,18;7,92;14,7;1,2
2708809;Adobo, with noodles;172;16,9;7,66;8,14;0,4
2708810;Macaroni with tuna, Puerto Rican style;147;7,71;4,74;18,1;0,9
2708811;Macaroni or noodles with cheese;223;8,68;10,5;23,1;1,2
2708812;Macaroni or noodles with cheese, from restaurant;151;5,42;6,06;18,8;1,1
2708813;Macaroni or noodles with cheese, made from packaged mix;179;4,64;8,04;22,2;1
2708814;Macaroni or noodles with cheese, canned;82;3,38;2,46;11,5;0,5
2708815;Macaroni or noodles with cheese, Easy Mac type;110;3,26;1,86;20,1;0,5
2708816;Macaroni or noodles with cheese, made from reduced fat packaged mix;131;4,57;4,82;17,3;0,6
2708817;Macaroni or noodles with cheese and tuna;164;7,59;6,79;18,2;0,8
2708818;Macaroni or noodles with cheese and meat;210;11,8;11,2;15,1;0,7
2708819;Macaroni or noodles with cheese and meat, prepared from Hamburger Helper mix;144;8,24;7,59;10,3;0,3
2708820;Macaroni or noodles with cheese and tomato;148;3,94;6,53;18,7;1,1
2708821;Macaroni or noodles with cheese and frankfurters or hot dogs;209;6,17;12,2;18,7;0,8
2708822;Macaroni or noodles with cheese and egg;185;5,91;9,52;19;0,8
2708823;Macaroni or noodles with cheese and chicken or turkey;178;12,5;7,61;14,8;0,7
2708824;Macaroni or noodles with cheese, whole grain;219;8,77;10,9;22,7;2,2
2708825;Pasta with tomato-based sauce, cheese and meat;147;7,61;7,1;13,3;0,8
2708826;Pasta with tomato-based sauce and cheese;119;3,74;4,83;15;1,7
2708827;Pasta with vegetables, no sauce or dressing;144;4,46;3,54;23,1;2,3
2708828;Pasta with sauce, NFS;125;5,86;2,58;19,2;1,6
2708829;Pasta with sauce, meatless, school lunch;102;3,78;1,6;19,4;2,9
2708830;Pasta with tomato-based sauce, restaurant;160;3,41;7,97;18,4;1,7
2708831;Pasta with tomato-based sauce, home recipe;106;3,69;1,2;19,9;1,8
2708832;Pasta with tomato-based sauce, ready-to-heat;120;3,61;2,98;19,4;1,8
2708833;Pasta with tomato-based sauce, and added vegetables, restaurant;158;3,46;7,84;18,1;1,6
2708834;Pasta with tomato-based sauce, and added vegetables, home recipe;104;3,74;1,06;19,6;1,8
2708835;Pasta with tomato-based sauce, and added vegetables, ready-to-heat;118;3,66;2,85;19,2;1,7
2708836;Pasta with sauce and meat, from school lunch;117;5,95;3,12;17,5;2,6
2708837;Pasta with tomato-based sauce and meat, restaurant;178;5,43;9,25;17,7;1,5
2708838;Pasta with tomato-based sauce and meat, home recipe;125;5,86;2,58;19,2;1,6
2708839;Pasta with tomato-based sauce and meat, ready-to-heat;139;5,74;4,34;18,7;1,6
2708840;Pasta with tomato-based sauce, meat, and added vegetables, restaurant;176;5,47;9,15;17,5;1,5
2708841;Pasta with tomato-based sauce, meat, and added vegetables, home recipe;123;5,91;2,47;18,9;1,6
2708842;Pasta with tomato-based sauce, meat, and added vegetables, ready-to-heat;137;5,78;4,23;18,5;1,6
2708843;Pasta with tomato-based sauce and poultry, restaurant;171;5,59;8,47;17,7;1,5
2708844;Pasta with tomato-based sauce and poultry, home recipe;118;6,04;1,74;19,2;1,6
2708845;Pasta with tomato-based sauce and poultry, ready-to-heat;132;5,91;3,52;18,7;1,6
2708846;Pasta with tomato-based sauce, poultry, and added vegetables, restaurant;169;5,63;8,37;17,5;1,5
2708847;Pasta with tomato-based sauce, poultry, and added vegetables, home recipe;116;6,08;1,63;18,9;1,6
2708848;Pasta with tomato-based sauce, poultry, and added vegetables, ready-to-heat;130;5,95;3,41;18,5;1,6
2708849;Pasta with tomato-based sauce and seafood, restaurant;166;5,16;7,97;18;1,5
2708850;Pasta with tomato-based sauce and seafood, home recipe;113;5,58;1,19;19,4;1,6
2708851;Pasta with tomato-based sauce and seafood, ready-to-heat;127;5,45;2,98;19;1,6
2708852;Pasta with tomato-based sauce, seafood, and added vegetables, restaurant;164;5,2;7,87;17,8;1,5
2708853;Pasta with tomato-based sauce, seafood, and added vegetables, home recipe;111;5,62;1,09;19,2;1,6
2708854;Pasta with tomato-based sauce, seafood, and added vegetables, ready-to-heat;125;5,5;2,87;18,8;1,6
2708855;Pasta with cream sauce, restaurant;204;3,72;14;15,6;0,9
2708856;Pasta with cream sauce, home recipe;154;4,03;7,7;16,8;0,9
2708857;Pasta with cream sauce, ready-to-heat;167;3,94;9,35;16,5;0,9
2708858;Pasta with cream sauce and added vegetables, restaurant;191;3,7;12,4;16;1
2708859;Pasta with cream sauce and added vegetables, from home recipe;141;4;6,04;17,3;1,1
2708860;Pasta with cream sauce and added vegetables, ready-to-heat;154;3,92;7,72;16,9;1,1
2708861;Pasta with cream sauce and meat, restaurant;213;5,67;14,1;15,4;0,9
2708862;Pasta with cream sauce and meat, home recipe;164;6,14;7,87;16,7;0,9
2708863;Pasta with cream sauce and meat, ready-to-heat;177;6,01;9,51;16,3;0,9
2708864;Pasta with cream sauce, meat, and added vegetables, restaurant;203;5,65;12,8;15,7;1
2708865;Pasta with cream sauce, meat, and added vegetables, home recipe;153;6,12;6,52;17;1,1
2708866;Pasta with cream sauce, meat, and added vegetables, ready-to-heat;166;5,99;8,19;16,7;1
2708867;Pasta with cream sauce and poultry, restaurant;206;5,83;13,3;15,4;0,9
2708868;Pasta with cream sauce and poultry, home recipe;157;6,32;7,03;16,7;0,9
2708869;Pasta with cream sauce and poultry, ready-to-heat;170;6,18;8,69;16,3;0,9
2708870;Pasta with cream sauce, poultry, and added vegetables, restaurant;196;5,81;12,1;15,7;1
2708871;Pasta with cream sauce, poultry, and added vegetables, home recipe;146;6,3;5,68;17;1,1
2708872;Pasta with cream sauce, poultry, and added vegetables, ready-to-heat;159;6,16;7,37;16,7;1
2708873;Pasta with cream sauce and seafood, restaurant;202;5,4;12,8;15,7;0,9
2708874;Pasta with cream sauce and seafood, home recipe;152;5,86;6,48;17;0,9
2708875;Pasta with cream sauce and seafood, ready-to-heat;165;5,73;8,15;16,6;0,9
2708876;Pasta with cream sauce, seafood, and added vegetables, restaurant;191;5,38;11,6;16;1
2708877;Pasta with cream sauce, seafood, and added vegetables, home recipe;141;5,83;5,13;17,3;1,1
2708878;Pasta with cream sauce, seafood, and added vegetables, ready-to-heat;154;5,71;6,83;16,9;1
2708879;Pasta, whole grain, with tomato-based sauce, restaurant;156;3,51;8,34;18;2,7
2708880;Pasta, whole grain, with tomato-based sauce, home recipe;102;3,78;1,6;19,5;2,9
2708881;Pasta, whole grain, with tomato-based sauce, ready-to-heat;116;3,7;3,38;19;2,8
2708882;Pasta, whole grain, with tomato-based sauce and added vegetables, restaurant;154;3,56;8,22;17,8;2,6
2708883;Pasta, whole grain, with tomato-based sauce and added vegetables, home recipe;99;3,84;1,47;19,2;2,9
2708884;Pasta, whole grain, with tomato-based sauce and added vegetables, ready-to-heat;114;3,76;3,25;18,8;2,8
2708885;Pasta, whole grain, with tomato-based sauce and meat, restaurant;174;5,52;9,62;17,4;2,5
2708886;Pasta, whole grain, with tomato-based sauce and meat, home recipe;121;5,96;2,98;18,7;2,7
2708887;Pasta, whole grain, with tomato-based sauce and meat, ready-to-heat;134;5,83;4,73;18,3;2,7
2708888;Pasta, whole grain, with tomato-based sauce, meat, and added vegetables, restaurant;172;5,57;9,52;17,1;2,5
2708889;Pasta, whole grain, with tomato-based sauce, meat, and added vegetables, home recipe;119;6,01;2,88;18,5;2,7
2708890;Pasta, whole grain, with tomato-based sauce, meat, and added vegetables, ready-to-heat;133;5,88;4,62;18,1;2,6
2708891;Pasta, whole grain, with tomato-based sauce and poultry, restaurant;167;5,68;8,85;17,4;2,5
2708892;Pasta, whole grain, with tomato-based sauce and poultry, home recipe;113;6,14;2,15;18,7;2,7
2708893;Pasta, whole grain, with tomato-based sauce and poultry, ready-to-heat;127;6;3,91;18,3;2,7
2708894;Pasta, whole grain, with tomato-based sauce, poultry, and added vegetables, restaurant;165;5,72;8,75;17,1;2,5
2708895;Pasta, whole grain, with tomato-based sauce, poultry, and added vegetables, home recipe;111;6,18;2,04;18,5;2,7
2708896;Pasta, whole grain, with tomato-based sauce, poultry, and added vegetables, ready-to-heat;125;6,05;3,8;18,1;2,6
2708897;Pasta, whole grain, with tomato-based sauce and seafood, restaurant;162;5,26;8,34;17,6;2,5
2708898;Pasta, whole grain, with tomato-based sauce and seafood, home recipe;108;5,67;1,6;19;2,7
2708899;Pasta, whole grain, with tomato-based sauce and seafood, ready-to-heat;122;5,55;3,38;18,6;2,7
2708900;Pasta, whole grain, with tomato-based sauce, seafood, and added vegetables, restaurant;160;5,3;8,24;17,4;2,5
2708901;Pasta, whole grain, with tomato-based sauce, seafood, and added vegetables, home recipe;106;5,72;1,49;18,8;2,7
2708902;Pasta, whole grain, with tomato-based sauce, seafood, and added vegetables, ready-to-heat;120;5,59;3,27;18,4;2,6
2708903;Pasta, whole grain, with cream sauce, restaurant;200;3,81;14,3;15,2;1,9
2708904;Pasta, whole grain, with cream sauce, home recipe;150;4,13;8,11;16,4;2
2708905;Pasta, whole grain, with cream sauce, ready-to-heat;163;4,04;9,74;16,1;2
2708906;Pasta, whole grain, with cream sauce, and added vegetables, restaurant;187;3,79;12,8;15,6;2
2708907;Pasta, whole grain, with cream sauce, and added vegetables, home recipe;136;4,1;6,44;16,9;2,2
2708908;Pasta, whole grain, with cream sauce, and added vegetables, ready-to-heat;149;4,01;8,12;16,5;2,1
2708909;Pasta, whole grain, with cream sauce and meat, restaurant;209;5,76;14,5;15;1,9
2708910;Pasta, whole grain, with cream sauce and meat, home recipe;160;6,24;8,27;16,3;2
2708911;Pasta, whole grain, with cream sauce and meat, ready-to-heat;172;6,11;9,9;15,9;2
2708912;Pasta, whole grain, with cream sauce, meat, and added vegetables, restaurant;199;5,74;13,2;15,4;2
2708913;Pasta, whole grain, with cream sauce, meat, and added vegetables, home recipe;149;6,22;6,92;16,6;2,2
2708914;Pasta, whole grain, with cream sauce, meat, and added vegetables, ready-to-heat;162;6,09;8,58;16,3;2,1
2708915;Pasta, whole grain, with cream sauce and poultry, restaurant;202;5,92;13,7;15;1,9
2708916;Pasta, whole grain, with cream sauce and poultry, home recipe;152;6,42;7,44;16,3;2
2708917;Pasta, whole grain, with cream sauce and poultry, ready-to-heat;165;6,28;9,09;15,9;2
2708918;Pasta, whole grain, with cream sauce, poultry, and added vegetables, restaurant;192;5,9;12,4;15,4;2
2708919;Pasta, whole grain, with cream sauce, poultry, and added vegetables, home recipe;141;6,39;6,08;16,6;2,2
2708920;Pasta, whole grain, with cream sauce, poultry, and added vegetables, ready-to-heat;154;6,26;7,76;16,3;2,1
2708921;Pasta, whole grain, with cream sauce and seafood, restaurant;197;5,5;13,2;15,3;1,9
2708922;Pasta, whole grain, with cream sauce and seafood, home recipe;147;5,95;6,89;16,6;2
2708923;Pasta, whole grain, with cream sauce and seafood, ready-to-heat;160;5,82;8,55;16,2;2
2708924;Pasta, whole grain, with cream sauce, seafood, and added vegetables, restaurant;187;5,48;12;15,6;2
2708925;Pasta, whole grain, with cream sauce, seafood, and added vegetables, home recipe;136;5,93;5,54;16,9;2,2
2708926;Pasta, whole grain, with cream sauce, seafood, and added vegetables, ready-to-heat;149;5,8;7,23;16,5;2,1
2708927;Pasta with tomato-based sauce and beans or lentils;125;5,23;2,28;20,9;3
2708928;Macaroni or noodles, creamed, with cheese;158;4,72;5,49;22;1,3
2708929;Macaroni or noodles, creamed, with cheese and tuna;143;7,85;4,52;17,4;1
2708930;Flavored pasta;87;2,47;2,21;14,4;0,4
2708931;Yat Ga Mein with meat, fish, or poultry;134;10,4;5,57;11,2;1,5
2708932;Macaroni or pasta salad, made with mayonnaise;221;4,46;11,5;24,6;1,4
2708933;Macaroni or pasta salad, made with light mayonnaise;159;4,32;4,16;25,7;1,4
2708934;Macaroni or pasta salad, made with mayonnaise-type salad dressing;160;4,38;4,01;26,6;1,4
2708935;Macaroni or pasta salad, made with light mayonnaise-type salad dressing;159;4,32;4,16;25,7;1,4
2708936;Macaroni or pasta salad, made with Italian dressing;133;3,7;3,72;20,9;1,6
2708937;Macaroni or pasta salad, made with light Italian dressing;116;3,68;2;20,6;1,6
2708938;Macaroni or pasta salad, made with creamy dressing;156;3,8;6,62;20,1;1,6
2708939;Macaroni or pasta salad, made with light creamy dressing;123;3,82;2,92;20,2;1,6
2708940;Macaroni or pasta salad, made with any type of fat free dressing;134;4,25;1,14;26,5;1,7
2708941;Macaroni or pasta salad with egg;215;5,18;11,4;22,5;1,3
2708942;Macaroni or pasta salad with tuna;200;6,69;9,9;20,9;1,2
2708943;Macaroni or pasta salad with crab meat;201;6,48;9,9;20,9;1,2
2708944;Macaroni or pasta salad with shrimp;203;6,86;9,99;20,9;1,2
2708945;Macaroni or pasta salad with tuna and egg;197;7,14;9,96;19,4;1,1
2708946;Macaroni or pasta salad with chicken;213;7,82;10,8;20,9;1,2
2708947;Macaroni or pasta salad with cheese;246;6,89;14,4;21,8;1,3
2708948;Macaroni or pasta salad with meat;211;7,65;10,6;20,8;1,2
2708949;Noodle pudding;209;5,94;7,4;31;1,6
2708950;Bibimbap, Korean;76;5,5;2,44;8,11;1,1
2708951;Rice, fried, meatless;174;3,84;3,19;32,5;1,1
2708952;Rice, fried, NFS;174;3,84;3,19;32,5;1,1
2708953;Rice, fried, with chicken;173;7,28;3,66;27,6;0,9
2708954;Rice, fried, with pork;179;7,56;4,16;27,6;0,9
2708955;Rice, fried, with beef;178;7,86;4,06;27,6;0,9
2708956;Rice, fried, with shrimp;166;6,68;2,97;27,8;0,9
2708957;Dukboki or Tteokbokki, Korean;131;4,11;4,05;19,6;0,8
2708958;Adobo, with rice;181;17,7;7,94;8,86;0,2
2708959;Sushi, NFS;94;2,92;0,67;18,4;1
2708960;Sushi roll, avocado;93;1,8;1,47;17,6;1,4
2708961;Sushi roll, California;94;2,92;0,67;18,4;1
2708962;Sushi roll, eel;116;5,95;2,98;15,3;0,7
2708963;Sushi roll, salmon;103;6,88;1,28;15,3;0,7
2708964;Sushi roll, shrimp;100;7,01;0,55;15,7;0,7
2708965;Sushi roll tuna;97;7,4;0,26;15,3;0,7
2708966;Sushi roll, vegetable;93;1,8;1,47;17,6;1,4
2708967;Sushi, topped with crab;95;3,85;0,28;18,6;0,8
2708968;Sushi, topped with eel;126;7,6;4,16;13,4;0,6
2708969;Sushi, topped with salmon;107;8,92;1,74;13,4;0,6
2708970;Sushi, topped with shrimp;103;9,1;0,7;13,9;0,6
2708971;Sushi, topped with tuna;100;9,66;0,29;13,4;0,6
2708972;Sushi, topped with egg;119;7,32;5,23;10,2;0,4
2708973;Seafood paella, Puerto Rican style;146;7,59;5,64;15,7;0,9
2708974;Soupy rice with chicken, Puerto Rican style;151;12,1;4,04;16,5;1,4
2708975;Soupy rice mixture with chicken and potatoes, Puerto Rican style;112;6,34;4,26;12,1;0,9
2708976;Stewed rice, Puerto Rican style;224;3,96;7,8;33,4;0,7
2708977;Rice with squid, Puerto Rican style;264;8,87;11,8;29,3;0,8
2708978;Rice with vienna sausage, Puerto Rican style;269;6,46;11,6;33,5;0,8
2708979;Rice with Spanish sausage, Puerto Rican style;289;8,39;13,6;32,4;0,8
2708980;Rice with stewed beans, Puerto Rican style;138;3,66;3,23;23;1,5
2708981;Congee, with meat, poultry, and/or seafood;58;4,34;1,28;7;0,1
2708982;Congee, with meat, poultry, and/or seafood, and vegetables;48;2,73;0,7;7,44;0,3
2708983;Congee, with vegetables;38;1,12;0,12;7,88;0,4
2708984;Congee, with egg;60;3,12;2,06;6,91;0,1
2708985;Biryani with vegetables;109;1,93;3,2;17,9;1,2
2708986;Beans and rice, from fast food / restaurant;185;6,29;6,99;24,4;3,6
2708987;Kidney beans and rice, from fast food / restaurant;179;5,72;7,07;23,2;4,2
2708988;Black beans and rice, from fast food / restaurant;182;5,82;7,09;23,7;4,9
2708989;Pinto beans and rice, from fast food / restaurant;188;5,9;7,15;25;5
2708990;Beans and white rice;164;6,5;4,21;25,2;3,7
2708991;Beans and rice, with tomatoes;137;4,7;3,46;21,9;3,8
2708992;Beans and rice, with meat;162;7,49;4,24;23,5;4,4
2708993;Kidney beans and white rice;158;5,9;4,29;23,9;4,3
2708994;Black beans and white rice;160;6,01;4,32;24,4;5
2708995;Pinto beans and white rice;167;6,09;4,38;25,8;5,2
2708996;Rice, white, with corn, NS as to fat;134;2,58;2,5;25,2;0,9
2708997;Rice, white, with corn, no added fat;117;2,64;0,38;25,8;0,9
2708998;Rice, white, with corn, fat added;134;2,58;2,5;25,2;0,9
2708999;Rice, white, with peas, NS as to fat;133;3,22;2,42;24;1,4
2709000;Rice, white, with peas, no added fat;116;3,29;0,28;24,6;1,4
2709001;Rice, white, with peas, fat added;133;3,22;2,42;24;1,4
2709002;Rice, white, with carrots, NS as to fat;123;2,16;2,42;22,6;1
2709003;Rice, white, with carrots, no added fat;106;2,2;0,25;23,1;1
2709004;Rice, white, with carrots, fat added;123;2,16;2,42;22,6;1
2709005;Rice, white, with peas and carrots, NS as to fat;128;2,69;2,45;23,2;1,2
2709006;Rice, white, with peas and carrots, no added fat;111;2,75;0,3;23,8;1,3
2709007;Rice, white, with peas and carrots, fat added;128;2,69;2,45;23,2;1,2
2709008;Rice, white, with tomatoes and/or tomato-based sauce, NS as to fat;107;2;2,18;19,4;0,9
2709009;Rice, white, with tomatoes and/or tomato-based sauce, no added fat;91;2,04;0,27;19,8;0,9
2709010;Rice, white, with tomatoes and/or tomato-based sauce, fat added;107;2;2,18;19,4;0,9
2709011;Rice, white, with dark green vegetables, NS as to fat;125;2,62;2,45;22,2;0,9
2709012;Rice, white, with dark green vegetables, no added fat;107;2,67;0,3;22,7;0,9
2709013;Rice, white, with dark green vegetables, fat added;125;2,62;2,45;22,2;0,9
2709014;Rice, white, with carrots and tomatoes and/or tomato-based sauce, NS as to fat;114;2,07;2,29;20,9;0,9
2709015;Rice, white, with carrots and tomatoes and/or tomato-based sauce, no added fat;98;2,12;0,26;21,3;1
2709016;Rice, white, with carrots and tomatoes and/or tomato-based sauce, fat added;114;2,07;2,29;20,9;0,9
2709017;Rice, white, with dark green vegetables and tomatoes and/or tomato-based sauce, NS as to fat;115;2,29;2,32;20,8;0,9
2709018;Rice, white, with dark green vegetables and tomatoes and/or tomato-based sauce, no added fat;99;2,34;0,28;21,2;0,9
2709019;Rice, white, with dark green vegetables and tomatoes and/or tomato-based sauce, fat added;115;2,29;2,32;20,8;0,9
2709020;Rice, white, with carrots and dark green vegetables, NS as to fat;124;2,38;2,44;22,5;0,9
2709021;Rice, white, with carrots and dark green vegetables, no added fat;107;2,44;0,28;23;1
2709022;Rice, white, with carrots and dark green vegetables, fat added;124;2,38;2,44;22,5;0,9
2709023;Rice, white, with carrots, dark green vegetables, and tomatoes and/or tomato-based sauce, NS as to fat;115;2,26;2,28;20,8;1
2709024;Rice, white, with carrots, dark green vegetables, and tomatoes and/or tomato-based sauce, no added fat;101;2,3;0,27;21,8;0,9
2709025;Rice, white, with carrots, dark green vegetables, and tomatoes and/or tomato-based sauce, fat added;118;2,25;2,35;21,4;0,9
2709026;Rice, white, with other vegetables, NS as to fat;124;2,3;2,41;22,7;0,8
2709027;Rice, white, with other vegetables, no added fat;107;2,36;0,26;23,2;0,7
2709028;Rice, white, with other vegetables, fat added;124;2,3;2,41;22,7;0,8
2709029;Rice, white, with lentils, NS as to fat;150;5,5;4,83;21,4;4,1
2709030;Rice, white, with lentils, fat added;150;5,5;4,83;21,4;4,1
2709031;Rice, white, with lentils, no added fat;115;5,76;0,33;22,4;4,3
2709032;Rice, cooked with coconut milk;267;3,57;17,2;26,6;1,9
2709033;Beans and brown rice;162;6,4;4,54;24,3;3,9
2709034;Kidney beans and brown rice;155;5,81;4,63;23;4,5
2709035;Black beans and brown rice;158;5,91;4,65;23,5;5,3
2709036;Pinto beans and brown rice;164;6;4,71;24,9;5,4
2709037;Rice, brown, with corn, NS as to fat;128;2,64;2,71;23,7;1,7
2709038;Rice, brown, with corn, no added fat;113;2,69;0,9;24,1;1,8
2709039;Rice, brown, with corn, fat added;128;2,64;2,71;23,7;1,7
2709040;Rice, brown, with peas, NS as to fat;127;3,18;2,64;22,6;2,2
2709041;Rice, brown, with peas, no added fat;113;3,24;0,82;23,1;2,2
2709042;Rice, brown, with peas, fat added;127;3,18;2,64;22,6;2,2
2709043;Rice, brown, with carrots, NS as to fat;119;2,27;2,63;21,4;1,9
2709044;Rice, brown, with carrots, no added fat;104;2,31;0,8;21,8;1,9
2709045;Rice, brown, with carrots, fat added;119;2,27;2,63;21,4;1,9
2709046;Rice, brown, with peas and carrots, NS as to fat;123;2,73;2,66;22;2
2709047;Rice, brown, with peas and carrots, no added fat;109;2,78;0,84;22,4;2,1
2709048;Rice, brown, with peas and carrots, fat added;123;2,73;2,66;22;2
2709049;Rice, brown, with tomatoes and/or tomato based sauce, NS as to fat;105;2,13;2,41;18,8;1,7
2709050;Rice, brown, with tomatoes and/or tomato based sauce, no added fat;92;2,16;0,76;19,1;1,7
2709051;Rice, brown, with tomatoes and/or tomato based sauce, fat added;105;2,13;2,41;18,8;1,7
2709052;Rice, brown, with dark green vegetables, NS as to fat;120;2,67;2,67;21,1;1,7
2709053;Rice, brown, with dark green vegetables, no added fat;105;2,72;0,84;21,5;1,8
2709054;Rice, brown, with dark green vegetables, fat added;120;2,67;2,67;21,1;1,7
2709055;Rice, brown, with carrots and tomatoes and/or tomato-based sauce, NS as to fat;111;2,2;2,51;20;1,7
2709056;Rice, brown, with carrots and tomatoes and/or tomato-based sauce, no added fat;97;2,24;0,78;20,4;1,8
2709057;Rice, brown, with carrots and tomatoes and/or tomato-based sauce, fat added;111;2,2;2,51;20;1,7
2709058;Rice, brown, with dark green vegetables and tomatoes and/or tomato-based sauce, NS as to fat;112;2,38;2,54;19,9;1,7
2709059;Rice, brown, with dark green vegetables and tomatoes and/or tomato-based sauce, no added fat;98;2,42;0,8;20,3;1,7
2709060;Rice, brown, with dark green vegetables and tomatoes and/or tomato-based sauce, fat added;110;2,39;2,46;19,4;1,7
2709061;Rice, brown, with carrots and dark green vegetables, NS as to fat;120;2,47;2,66;21,3;1,8
2709062;Rice, brown, with carrots and dark green vegetables, no added fat;105;2,51;0,82;21,7;1,8
2709063;Rice, brown, with carrots and dark green vegetables, fat added;120;2,47;2,66;21,3;1,8
2709064;Grape leaves stuffed with rice;168;2,28;12;13,9;3,1
2709065;Rice, brown, with carrots, dark green vegetables, and tomatoes and/or tomato-based sauce, NS as to fat;114;2,35;2,57;20,4;1,7
2709066;Rice, brown, with carrots, dark green vegetables, and tomatoes and/or tomato-based sauce, no added fat;100;2,39;0,8;20,8;1,8
2709067;Rice, brown, with carrots, dark green vegetables, and tomatoes and/or tomato-based sauce, fat added;114;2,35;2,57;20,4;1,7
2709068;Rice, brown, with other vegetables, NS as to fat;119;2,4;2,64;21,5;1,6
2709069;Rice, brown, with other vegetables, no added fat;105;2,45;0,81;21,9;1,6
2709070;Rice, brown, with other vegetables, fat added;119;2,4;2,64;21,5;1,6
2709071;Rice croquette;154;3,35;6,58;20,1;0,9
2709072;Stuffed pepper, with meat;198;9,2;15,9;4,23;0,7
2709073;Stuffed pepper, with rice and meat;178;7,83;11,7;9,93;0,7
2709074;Stuffed pepper, with rice, meatless;166;3,75;11,3;12;0,7
2709075;Stuffed tomato, with rice and meat;99;4,75;4,54;9,86;1
2709076;Stuffed tomato, with rice, meatless;77;1,59;2,15;13;1,1
2709077;Rice pilaf;137;3,29;3,03;24,1;0,4
2709078;Dirty rice;112;5,12;2,25;17,2;0,6
2709079;Flavored rice mixture;127;1,87;4,26;19,8;0,4
2709080;Flavored rice mixture with cheese;124;2,99;1,2;25,2;0,6
2709081;Flavored rice, brown and wild;106;2,72;2,15;19,3;1,1
2709082;Flavored rice and pasta mixture;118;2,68;3,49;19,1;0,3
2709083;Flavored rice and pasta mixture, reduced sodium;111;2,59;3,43;17,3;0,6
2709084;Spanish rice, from restaurant;185;3,28;5,29;31,2;1,2
2709085;Spanish rice, fat added;115;2,87;2,6;19,6;1,1
2709086;Spanish rice, no added fat;101;2,91;1,01;19,9;1,1
2709087;Spanish rice, NS as to fat;115;2,87;2,6;19,6;1,1
2709088;Spanish rice with ground beef;163;9,68;6,91;14,8;0,8
2709089;Rice dressing;110;1,98;3,29;17,6;0,6
2709090;Rice with raisins;162;2,65;2,58;32,1;0,8
2709091;Rice dessert or salad with fruit;154;1,39;7,29;20,8;0,6
2709092;Rice, white, with cheese and/or cream based sauce, NS as to fat;166;5,16;7,03;20;0,3
2709093;Rice, white, with cheese and/or cream based sauce, no added fat;152;5,26;5,22;20,4;0,3
2709094;Rice, white, with cheese and/or cream based sauce, fat added;166;5,16;7,03;20;0,3
2709095;Rice, white, with gravy, NS as to fat;117;1,98;2,96;20;0,3
2709096;Rice, white, with gravy, no added fat;102;2,02;1,06;20,4;0,3
2709097;Rice, white, with gravy, fat added;117;1,98;2,96;20;0,3
2709098;Rice, white, with soy-based sauce, NS as to fat;117;2,01;2,19;21,5;0,3
2709099;Rice, white, with soy-based sauce, no added fat;101;2,05;0,28;21,9;0,3
2709100;Rice, white, with soy-based sauce, fat added;117;2,01;2,19;21,5;0,3
2709101;Rice, brown, with cheese and/or cream based sauce, NS as to fat;157;4,87;6,62;19,3;1,1
2709102;Rice, brown, with cheese and/or cream based sauce, no added fat;144;4,95;5,04;19,6;1,2
2709103;Rice, brown, with cheese and/or cream based sauce, fat added;157;4,87;6,62;19,3;1,1
2709104;Rice, brown, with gravy, NS as to fat;114;2,11;3,08;19,3;1,1
2709105;Rice, brown, with gravy, no added fat;101;2,14;1,44;19,6;1,2
2709106;Rice, brown, with gravy, fat added;114;2,11;3,08;19,3;1,1
2709107;Rice, brown, with soy-based sauce, NS as to fat;114;2,14;2,42;20,6;1,1
2709108;Rice, brown, with soy-based sauce, no added fat;100;2,17;0,77;20,9;1,2
2709109;Rice, brown, with soy-based sauce, fat added;114;2,14;2,42;20,6;1,1
2709110;Rice, white, with vegetables, cheese and/or cream based sauce, NS as to fat;146;4,7;5,66;18,6;1,1
2709111;Rice, white, with vegetables, cheese and/or cream based sauce, no added fat;134;4,77;4,2;18,9;1,1
2709112;Rice, white, with vegetables, cheese and/or cream based sauce, fat added;146;4,7;5,66;18,6;1,1
2709113;Rice, white, with vegetables and gravy, NS as to fat;107;2,15;2,4;18,6;1,1
2709114;Rice, white, with vegetables and gravy, no added fat;95;2,19;0,88;18,9;1,1
2709115;Rice, white, with vegetables and gravy, fat added;107;2,15;2,4;18,6;1,1
2709116;Rice, white, with vegetables, soy-based sauce, NS as to fat;106;2,18;1,79;19,8;1,1
2709117;Rice, white, with vegetables, soy-based sauce, no added fat;94;2,22;0,26;20,1;1,1
2709118;Rice, white, with vegetables, soy-based sauce, fat added;106;2,18;1,79;19,8;1,1
2709119;Rice, brown, with vegetables, cheese and/or cream based sauce, NS as to fat;140;4,51;5,47;18,2;1,7
2709120;Rice, brown, with vegetables, cheese and/or cream based sauce, no added fat;130;4,57;4,17;18,4;1,7
2709121;Rice, brown, with vegetables, cheese and/or cream based sauce, fat added;140;4,51;5,47;18,2;1,7
2709122;Rice, brown, with vegetables and gravy, NS as to fat;105;2,24;2,56;18,2;1,7
2709123;Rice, brown, with vegetables and gravy, no added fat;94;2,27;1,21;18,4;1,7
2709124;Rice, brown, with vegetables and gravy, fat added;105;2,24;2,56;18,2;1,7
2709125;Rice, brown, with vegetables, soy-based sauce, NS as to fat;105;2,27;2,02;19,2;1,7
2709126;Rice, brown, with vegetables, soy-based sauce, no added fat;94;2,3;0,66;19,5;1,7
2709127;Rice, brown, with vegetables, soy-based sauce, fat added;105;2,27;2,02;19,2;1,7
2709128;Upma;87;1,98;2,64;13,8;1,3
2709129;Dosa, with filling;184;5,46;4,27;30,8;2,2
2709130;Vada;266;12,8;9,73;33,2;5,8
2709131;Tabbouleh;127;1,64;9,66;9,65;1,8
2709132;Vegetable sandwich on white;120;3,94;2,11;21,5;1,6
2709133;Vegetable sandwich on white, with cheese;147;5,82;5,11;19,6;1,4
2709134;Vegetable sandwich on wheat;119;4,67;2,25;20,1;2,7
2709135;Vegetable sandwich on wheat, with cheese;146;6,46;5,24;18,4;2,4
2709136;Vegetable sandwich wrap;160;5,42;6,55;19,7;1,8
2709137;Jelly sandwich, NFS;267;5,72;2,16;57,5;1,8
2709138;Jelly sandwich, on white bread;267;5,72;2,16;57,5;1,8
2709139;Jelly sandwich, on wheat bread;265;6,9;2,39;55,2;3,6
2709140;Noodles with vegetables in tomato-based sauce, diet frozen meal;70;3,63;1,55;10,8;1,7
2709141;Spaghetti and meatballs dinner, NFS, frozen meal;113;5,58;3,39;15,1;1,5
2709142;Spaghetti with meat sauce, diet frozen meal;113;5,58;3,39;15,1;1,5
2709143;Pancakes and sausage, frozen meal;272;9;13,8;27,9;0,6
2709144;Soup, NFS;49;3,51;1,3;6,09;1,8
2709145;Soup, noodle, NFS;90;5,48;2,99;10,1;0,8
2709146;Soup, rice;51;3,54;1,15;6,78;0,5
2709147;Soup, barley;58;3,34;2,07;6,66;1,1
2709148;Soup, chicken noodle, canned;42;2,38;0,98;6,02;0,8
2709149;Soup, chicken noodle;53;3,84;1,4;6,21;0,7
2709150;Soup, chicken, canned, reduced sodium;34;2,02;0,72;4,87;0,9
2709151;Soup, Matzo ball;73;3,09;1,96;10,7;0,9
2709152;Soup, ramen noodles, water added;66;1,53;2,64;9,04;0,4
2709153;Ramen bowl, NFS;127;7,13;4,57;14;0,9
2709154;Ramen bowl with beef;137;6,81;5,19;15,4;1
2709155;Ramen bowl with chicken;126;7,04;3,86;15,4;1
2709156;Ramen bowl with fish;112;5,78;2,87;15,4;1
2709157;Ramen bowl, vegetarian;108;4,01;3,33;15,6;1,1
2709158;Ramen bowl with meat and egg;127;7,13;4,57;14;0,9
2709159;Ramen bowl, vegetarian with egg;112;4,85;3,99;14,1;1
2709160;Soup, wonton;33;2,39;1,31;2,95;0,3
2709161;Soup, sopa de fideo aguada;95;2,54;3,29;13,7;1,1
2709162;Soup, tortilla;102;4,22;4,17;12,6;1,3
2709163;Meat substitute, cereal- and vegetable protein-based, fried;359;12,8;7,23;61,2;8,9
2709164;Clementine, raw;53;0,81;0,31;13,3;1,8
2709165;Grapefruit, raw;42;0,77;0,14;10,7;1,6
2709166;Grapefruit, canned;36;0,58;0,1;9,15;0,4
2709167;Kumquat, raw;71;1,88;0,86;15,9;6,5
2709168;Lemon, raw;29;1,1;0,3;9,32;2,8
2709169;Lemon pie filling;354;4,71;6,93;68,9;0,4
2709170;Lime, raw;30;0,7;0,2;10,5;2,8
2709171;Orange, raw;50;0,92;0,14;11,8;2,2
2709172;Orange, canned, NFS;46;0,6;0,04;11,8;0,7
2709173;Orange, canned, juice pack;37;0,62;0,03;9,57;0,7
2709174;Orange, canned, in syrup;55;0,59;0,04;14,1;0,7
2709175;Tangerine, raw;53;0,81;0,31;13,3;1,8
2709176;Grapefruit juice, 100%, freshly squeezed;39;0,5;0,1;9,2;0,1
2709177;Grapefruit juice, 100%, NS as to form;40;0,56;0,48;8,35;0,2
2709178;Grapefruit juice, 100%, canned, bottled or in a carton;40;0,56;0,48;8,35;0,2
2709179;Grapefruit juice, 100%, with calcium added;39;0,51;0,68;7,74;0,3
2709180;Lemon juice, 100%, NS as to form;22;0,35;0,24;6,9;0,3
2709181;Lemon juice, 100%, freshly squeezed;22;0,35;0,24;6,9;0,3
2709182;Lemon juice, 100%, canned or bottled;17;0,45;0,07;5,62;0,7
2709183;Lime juice, 100%, NS as to form;25;0,42;0,07;8,42;0,4
2709184;Lime juice, 100%, freshly squeezed;25;0,42;0,07;8,42;0,4
2709185;Lime juice, 100%, canned or bottled;21;0,25;0,23;6,69;0,4
2709186;Orange juice, 100%, NFS;47;0,77;0,34;10,2;0,3
2709187;Orange juice, 100%,  freshly squeezed;47;0,81;0,36;10;0,3
2709188;Orange juice, 100%, canned, bottled or in a carton;47;0,77;0,34;10,2;0,3
2709189;Orange juice, 100%, with calcium added, canned, bottled or in a carton;47;0,77;0,34;10,2;0,3
2709190;Orange juice, 100%, frozen, reconstituted;42;0,68;0,07;10;0,3
2709191;Orange juice, 100%, frozen, not reconstituted;148;2,4;0,25;35,2;1
2709192;Orange juice, 100%, with calcium added, frozen, reconstituted;42;0,68;0,07;9,67;0,3
2709193;Tangerine juice, 100%;43;0,5;0,2;10,1;0,2
2709194;Fruit juice blend, citrus, 100% juice;47;0,77;0,34;10,2;0,3
2709195;Dried, fruit, NFS;298;2,28;0,62;78,6;4,8
2709196;Apple, dried;243;0,93;0,32;65,9;8,7
2709197;Apricot, dried;241;3,39;0,51;62,6;7,3
2709198;Blueberries, dried;317;2,5;2,5;80;7,5
2709199;Cherries, dried;333;1,25;0,73;80,4;2,5
2709200;Banana chips;519;2,3;33,6;58,4;7,7
2709201;Currants, dried;290;3,43;0,22;77;4,4
2709202;Cranberries, dried;308;0,17;1,09;82,8;5,3
2709203;Date;282;2,45;0,39;75;8
2709204;Fig, dried;277;3,3;0,92;63,9;9,8
2709205;Mango, dried;319;2,45;1,18;78,6;2,4
2709206;Papaya, dried;302;1,25;0,84;75,4;4,5
2709207;Peach, dried;239;3,61;0,76;61,3;8,2
2709208;Pear, dried;262;1,87;0,63;69,7;7,5
2709209;Persimmon, dried;374;1,54;0,66;96,1;9,6
2709210;Pineapple, dried;347;1,22;0,71;84,1;2,4
2709211;Prune, dried;240;2,18;0,38;63,9;7,1
2709212;Raisins;299;3,3;0,25;79,3;4,5
2709213;Fruit, NFS;68;0,68;0,21;16,2;1,8
2709214;Fruit, pickled;63;0,56;0,24;15,3;1,4
2709215;Apple, raw;61;0,17;0,15;14,8;2,1
2709216;Applesauce, regular;75;0,25;0,17;18;1
2709217;Applesauce, unsweetened;52;0,27;0,16;12,3;1,1
2709218;Applesauce, flavored;75;0,25;0,17;18;1
2709219;Apple pie filling;100;0,1;0,1;26,1;1
2709220;Apple, baked;113;0,32;3,08;22,7;2,5
2709221;Apricot, raw;48;1,4;0,39;11,1;2
2709222;Apricot, canned;57;0,65;0,17;13,8;1,5
2709223;Avocado, raw;160;2;14,7;8,53;6,7
2709224;Banana, raw;97;0,74;0,28;22,7;1,7
2709225;Banana, baked;161;0,82;3,21;32,4;1,8
2709226;Cantaloupe, raw;38;0,82;0,18;8,16;0,8
2709227;Melon, frozen;35;0,66;0,16;8,27;0,7
2709228;Starfruit, raw;31;1,04;0,33;6,73;2,8
2709229;Cherries, maraschino;165;0,22;0,21;42;3,2
2709230;Cherry pie filling;122;0,6;0,91;28,6;0,9
2709231;Cherries, raw;71;1,04;0,19;16,2;2,1
2709232;Cherries, canned;74;0,71;0,14;18,8;1,4
2709233;Cherries, frozen;71;1,04;0,19;16,2;2,1
2709234;Dragon fruit;68;0,68;0,21;16,2;1,8
2709235;Fig, raw;74;0,75;0,3;19,2;2,9
2709236;Fig, canned;76;0,56;0,24;19,4;2,2
2709237;Grapes, raw;83;0,9;0,2;19,4;0,9
2709238;Guava, raw;68;2,55;0,95;14,3;5,4
2709239;Kiwi fruit, raw;64;1,06;0,44;14;3
2709240;Lychee;66;0,83;0,44;16,5;1,3
2709241;Honeydew melon, raw;36;0,54;0,14;9,09;0,8
2709242;Mango, raw;60;0,82;0,38;15;1,6
2709243;Mango, canned;65;0,62;0,3;16,2;1,2
2709244;Mango, frozen;60;0,82;0,38;15;1,6
2709245;Nectarine, raw;43;1,06;0,28;9,18;1,5
2709246;Papaya, raw;43;0,47;0,26;10,8;1,7
2709247;Papaya, canned;52;0,35;0,21;13,1;1,3
2709248;Passion fruit, raw;97;2,2;0,7;23,4;10,4
2709249;Peach, raw;46;0,91;0,27;10,1;1,5
2709250;Peach, canned, NFS;48;0,43;0,09;11,9;1,2
2709251;Peach, canned, in syrup;54;0,4;0,08;13,6;1,2
2709252;Peach, canned, juice pack;41;0,45;0,1;10,3;1,2
2709253;Peach, frozen;46;0,91;0,27;10,1;1,5
2709254;Pear, raw;59;0,37;0,15;15,2;3,1
2709255;Pear, Asian, raw;42;0,5;0,23;10,6;3,6
2709256;Pear, canned, NFS;52;0,2;0,06;13,5;1,5
2709257;Pear, canned, in syrup;59;0,18;0,05;15,2;1,5
2709258;Pear, canned, juice pack;45;0,23;0,07;11,8;1,5
2709259;Persimmon, raw;70;0,58;0,19;18,6;3,6
2709260;Pineapple, raw;60;0,46;0,21;14,1;0,9
2709261;Pineapple, canned, NFS;55;0,42;0,12;13,9;0,7
2709262;Pineapple, canned, in syrup;62;0,4;0,11;15,6;0,7
2709263;Pineapple, canned, juice pack;48;0,44;0,12;12,2;0,8
2709264;Pineapple, frozen;60;0,46;0,21;14,1;0,9
2709265;Plum, raw;46;0,7;0,28;11,4;1,4
2709266;Plum, canned;55;0,52;0,23;13,5;1
2709267;Pomegranate, raw;83;1,67;1,17;18,7;4
2709268;Rhubarb;73;0,81;0,22;17,4;1,6
2709269;Tamarind;239;2,8;0,6;62,5;5,1
2709270;Watermelon, raw;30;0,61;0,15;7,55;0,4
2709271;Berries, NFS;44;0,66;0,25;9,94;2
2709272;Berries, frozen;52;0,76;0,34;12,5;4,1
2709273;Blackberries, raw;43;1,39;0,49;9,61;5,3
2709274;Blackberries, frozen;64;1,18;0,43;15,7;5
2709275;Blueberries, raw;64;0,7;0,31;14,6;2,4
2709276;Bluberries, canned;88;1,04;0,4;22,7;2,6
2709277;Blueberries, frozen;51;0,42;0,64;12,2;2,7
2709278;Blueberry pie filling;181;0,41;0,2;44,4;2,6
2709279;Cranberries, raw;46;0,46;0,13;12;3,6
2709280;Cranberry sauce;159;0,9;0,15;40,4;1,1
2709281;Raspberries, raw;57;1,01;0,19;12,9;6,5
2709282;Raspberries, frozen;57;1,01;0,19;12,9;6,5
2709283;Strawberries, raw;36;0,64;0,22;7,96;1,8
2709284;Strawberries, canned;92;0,56;0,26;23,5;1,7
2709285;Strawberries, frozen;35;0,43;0,11;9,13;2,1
2709286;Ambrosia;75;0,81;0,98;16,4;2
2709287;Fruit salad, fresh or raw, excluding citrus fruits, no dressing;59;0,64;0,21;13,9;1,5
2709288;Fruit salad, fresh or raw, including citrus fruits, no dressing;56;0,71;0,19;13,5;1,7
2709289;Fruit cocktail, canned, NFS;55;0,41;0,08;14,1;0,9
2709290;Fruit cocktail, canned, in syrup;62;0,39;0,07;15,8;0,9
2709291;Fruit cocktail, canned, juice pack;48;0,43;0,09;12,4;0,9
2709292;Fruit mixture, frozen;48;0,69;0,23;11,3;1,4
2709293;Apple salad with dressing;180;1,45;14,2;12,2;2
2709294;Apple, candied;134;1,34;2,15;29,6;1,8
2709295;Fruit, chocolate covered;133;1,41;6,69;20,1;2,7
2709296;Fruit salad, excluding citrus fruits, with salad dressing or mayonnaise;247;1,78;20,7;13,6;1,5
2709297;Fruit salad, excluding citrus fruits, with whipped cream;164;1,99;10,6;15,2;1,6
2709298;Fruit salad, excluding citrus fruits, with nondairy whipped topping;153;1,93;8,67;17,3;1,7
2709299;Fruit salad, excluding citrus fruits, with marshmallows;251;1,78;19,5;17,5;1,4
2709300;Fruit salad, including citrus fruits, with pudding;133;1,95;6,34;17,5;1,8
2709301;Fruit salad, excluding citrus fruits, with pudding;137;1,86;6,48;18,1;1,4
2709302;Fruit salad, including citrus fruits, with salad dressing or mayonnaise;240;1,87;20,3;13;1,8
2709303;Fruit salad, including citrus fruit, with whipped cream;158;2,08;10,4;14,6;2
2709304;Fruit salad, including citrus fruits, with nondairy whipped topping;148;2,03;8,45;16,6;2,1
2709305;Fruit salad, including citrus fruits, with marshmallows;244;1,87;19,1;17;1,7
2709306;Lime souffle;328;8,82;15;39,8;0,8
2709307;Guacamole, NFS;155;1,95;14,2;8,45;6,5
2709308;Guacamole with tomatoes;145;1,87;13,1;8,09;6,1
2709309;Chutney;246;0,33;0,06;60,6;1
2709310;Pineapple salad with dressing;105;0,5;5,79;12,8;0,8
2709311;Soup, fruit;30;0,54;0,12;7,04;0,8
2709312;Frozen fruit juice bar;106;0,81;0,06;25,4;0,5
2709313;Frozen fruit juice bar, no sugar added;30;0,12;0,01;7,35;0,1
2709314;Sorbet;110;0,79;0,05;27,1;0,5
2709315;Fruit juice, NFS;51;0,29;0,26;12,1;0,2
2709316;Fruit juice blend, 100% juice;50;0,16;0,12;12,5;0,2
2709317;Cranberry juice blend, 100% juice;46;0,12;0,18;11,2;0,2
2709318;Cranberry juice blend, 100% juice, with calcium added;45;0,27;0,12;10,9;0,1
2709319;Apple cider;46;0,1;0,13;11,3;0,2
2709320;Apple juice, 100%;48;0,09;0,25;11,3;0,2
2709321;Apple juice, 100%, with calcium added;48;0,12;0,17;11,5;0,3
2709322;Blackberry juice, 100%;38;0,3;0,6;7,8;0,1
2709323;Blueberry juice;42;0,46;0,2;9,47;1,6
2709324;Cranberry juice, 100%, not a blend;32;-;0,34;7,26;0,1
2709325;Grape juice, 100%;66;0,18;0,28;15,7;0,2
2709326;Grape juice, 100%, with calcium added;62;0,37;0,13;14,8;0,2
2709327;Papaya juice, 100%;57;0,17;0,15;14,5;0,6
2709328;Passion fruit juice, 100%;51;0,39;0,05;13,6;0,2
2709329;Pineapple juice, 100%;53;0,36;0,12;12,9;0,2
2709330;Pomegranate juice, 100%;54;0,15;0,29;13,1;0,1
2709331;Prune juice, 100%;71;0,61;0,03;17,4;1
2709332;Strawberry juice, 100%;23;0,42;0,14;5,17;1,2
2709333;Watermelon juice, 100%;30;0,61;0,15;7,55;0,4
2709334;Fruit smoothie, with whole fruit, no dairy;54;0,61;0,35;12,7;1,5
2709335;Fruit smoothie, with whole fruit, no dairy, added protein;76;6,23;0,44;12,2;1,6
2709336;Fruit smoothie, with whole fruit, non-dairy;60;1,45;1,06;11,6;1,1
2709337;Fruit smoothie juice drink, no dairy;51;0,6;0,24;11,9;1
2709338;Fruit smoothie, light;53;2,61;0,61;9,71;1
2709339;Fruit smoothie, bottled;50;0,48;0,27;11,7;0,6
2709340;Fruit nectar, NFS;51;0,11;0,06;13,1;0,3
2709341;Apricot nectar;56;0,17;0,45;13,6;0,1
2709342;Banana nectar;74;0,26;0,13;18;0,6
2709343;Cantaloupe nectar;65;0,33;0,11;15,6;0,3
2709344;Guava nectar;48;0,3;0,07;13,3;1,2
2709345;Mango nectar;51;0,11;0,06;13,1;0,3
2709346;Peach nectar;49;0,1;0,57;11,6;0,1
2709347;Papaya nectar;57;0,17;0,15;14,5;0,6
2709348;Passion fruit nectar;69;0,16;0,06;17,4;0,1
2709349;Pear nectar;60;0,11;0,01;15,8;0,6
2709350;Soursop, nectar;59;0,11;0,17;14,9;0,1
2709351;Vinegar;21;-;-;0,93;-
2709352;Baby Toddler fruit, NFS;68;0,68;0,21;16,4;1,7
2709353;Baby Toddler multiple fruit, Stage 2;68;0,68;0,21;16,4;1,7
2709354;Baby Toddler multiple fruit, Stage 3;68;0,68;0,21;16,4;1,7
2709355;Baby Toddler fruit, with grain;78;1,07;0,41;18;2
2709356;Baby Toddler fruit, with yogurt;76;1,87;1,83;13,4;1,1
2709357;Baby Toddler fruit and vegetables, Stage 2;59;0,98;0,23;13,7;1,7
2709358;Baby Toddler fruit and vegetables, Stage 3;59;0,98;0,23;13,7;1,7
2709359;Baby Toddler fruit and vegetables, with grain;69;1,48;0,48;15,3;2
2709360;Baby Toddler fruit and vegetables, with yogurt;69;2,1;1,84;11,3;1
2709361;Baby Toddler fruit, vegetables, and meat;75;2,63;1,06;14,1;1,8
2709362;Baby Toddler fruit and meat;82;2,26;0,99;16,4;1,8
2709363;Baby Toddler apples, Stage 1;41;0,2;0,2;10,8;1,7
2709364;Baby Toddler apples, Stage 2;37;-;-;10,3;1,7
2709365;Baby Toddler bananas, Stage 1;91;1;0,2;21,3;1,6
2709366;Baby Toddler bananas, Stage 2;91;1;0,2;21,3;1,6
2709367;Baby Toddler peaches, Stage 1;65;0,94;0,33;14,5;1,3
2709368;Baby Toddler peaches, Stage 2;65;0,94;0,33;14,5;1,3
2709369;Baby Toddler pears, Stage 1;42;0,3;0,2;10,8;2,8
2709370;Baby Toddler pears, Stage 2;44;0,3;0,1;11,6;2,8
2709371;Baby Toddler prunes;100;1;0,2;23,5;2,7
2709372;Baby Toddler mangoes;60;0,82;0,38;15;1,6
2709373;Baby Toddler juice, NFS;47;-;0,1;11,7;0,1
2709374;Baby Toddler juice, apple;47;-;0,1;11,7;0,1
2709375;Baby Toddler juice, grape;62;-;-;15,4;-
2709376;Baby Toddler juice, mixed fruit;47;-;0,1;11,7;0,1
2709377;Baby Toddler juice, pear;43;-;-;11,9;0,1
2709378;Baby Toddler juice, fruit and vegetable;47;0,3;0,1;11,4;0,5
2709379;Baby Toddler juice, fruit and yogurt blend;69;1,56;1,48;12,7;1
2709380;Baby Toddler pudding;86;1,76;0,98;17,6;0,2
2709381;Baby Toddler yogurt melts;380;14,3;4;71,8;2,3
2709382;Potato, NFS;126;1,87;4,25;20,4;1,4
2709383;Potato, baked, NFS;93;1,95;0,1;21,4;1,5
2709384;Potato, baked, peel not eaten;93;1,95;0,1;21,4;1,5
2709385;Potato, boiled, NFS;126;1,87;4,25;20,4;1,4
2709386;Potato, boiled, ready-to-heat;126;1,87;4,25;20,4;1,4
2709387;Potato, boiled, from fresh, peel not eaten, NS as to fat;126;1,87;4,25;20,4;1,4
2709388;Potato, boiled, from fresh, peel not eaten, no added fat;93;1,95;0,1;21,5;1,5
2709389;Potato, boiled, from fresh, peel not eaten, fat added, NS as to fat type;126;1,87;4,25;20,4;1,4
2709390;Potato, boiled, from fresh, peel not eaten, made with oil;131;1,86;4,84;20,4;1,4
2709391;Potato, boiled, from fresh, peel not eaten, made with butter;123;1,9;3,99;20,4;1,4
2709392;Potato, boiled, from fresh, peel not eaten, made with margarine;116;1,87;3,18;20,5;1,4
2709393;Potato, boiled, from fresh, peel eaten, NS as to fat;126;2,39;4,28;20,1;2,1
2709394;Potato, boiled, from fresh, peel eaten, fat added, NS as to fat type;126;2,39;4,28;20,1;2,1
2709395;Potato, boiled, from fresh,  peel eaten, no added fat;93;2,49;0,13;21,1;2,2
2709396;Potato, boiled, from fresh, peel eaten, made with oil;131;2,37;4,87;20,1;2,1
2709397;Potato, boiled, from fresh, peel eaten, made with butter;123;2,41;4,02;20,1;2,1
2709398;Potato, boiled, from fresh, peel eaten, made with margarine;116;2,38;3,21;20,1;2,1
2709399;Potato, canned, NS as to fat;94;1,34;4,35;12,9;2,3
2709400;Potato, canned, fat added, NS as to fat type;94;1,34;4,35;12,9;2,3
2709401;Potato, canned, no added fat;60;1,39;0,2;13,6;2,4
2709402;Potato, roasted, NFS;126;1,87;4,25;20,4;1,4
2709403;Potato, roasted, from fresh, peel eaten, NS as to fat;126;2,39;4,28;20,1;2,1
2709404;Potato, roasted, from fresh, peel eaten, no added fat;93;2,49;0,13;21,1;2,2
2709405;Potato, roasted, from fresh, peel eaten, fat added, NS as to fat type;126;2,39;4,28;20,1;2,1
2709406;Potato, roasted, from fresh, peel eaten, made with oil;131;2,37;4,87;20,1;2,1
2709407;Potato, roasted, from fresh, peel eaten, made with butter;123;2,41;4,02;20,1;2,1
2709408;Potato, roasted, from fresh, peel eaten, made with margarine;116;2,38;3,21;20,1;2,1
2709409;Potato, roasted, from fresh, peel not eaten, NS as to fat;126;1,87;4,25;20,4;1,4
2709410;Potato, roasted, from fresh, peel not eaten, fat added, NS as to fat type;126;1,87;4,25;20,4;1,4
2709411;Potato, roasted, from fresh, peel not eaten, no added fat;93;1,95;0,1;21,5;1,5
2709412;Potato, roasted, from fresh, peel not eaten, made with oil;131;1,86;4,84;20,4;1,4
2709413;Potato, roasted, from fresh, peel not eaten, made with butter;123;1,9;3,99;20,4;1,4
2709414;Potato, roasted, from fresh, peel not eaten, made with margarine;116;1,87;3,18;20,5;1,4
2709415;Potato, roasted, ready-to-heat;126;1,87;4,25;20,4;1,4
2709416;Stewed potatoes, Puerto Rican style;115;2,09;3,71;18,8;1,8
2709417;Potato only from Puerto Rican mixed dishes, gravy and other components reported separately;85;1,7;0,1;19,9;1,8
2709418;Potato from Puerto Rican style stuffed pot roast, with gravy;74;2,46;0,93;14,4;1,3
2709419;Potato from Puerto Rican beef stew, with gravy;74;2,46;0,93;14,4;1,3
2709420;Potato from Puerto Rican chicken fricassee, with sauce;72;1,34;1,02;14,6;1,2
2709421;Potato chips, NFS;532;6,39;34;53,8;3,1
2709422;Potato chips, plain;532;6,39;34;53,8;3,1
2709423;Potato chips, barbecue flavored;487;6,51;31,1;55,9;3,8
2709424;Potato chips, sour cream and onion flavored;487;6,51;31,1;55,9;3,8
2709425;Potato chips, cheese flavored;487;6,51;31,1;55,9;3,8
2709426;Potato chips, other flavored;487;6,51;31,1;55,9;3,8
2709427;Potato chips, ruffled, plain;532;6,39;34;53,8;3,1
2709428;Potato chips, ruffled, barbecue flavored;487;6,51;31,1;55,9;3,8
2709429;Potato chips, ruffled, sour cream and onion flavored;487;6,51;31,1;55,9;3,8
2709430;Potato chips, ruffled, cheese flavored;487;6,51;31,1;55,9;3,8
2709431;Potato chips, ruffled, other flavored;487;6,51;31,1;55,9;3,8
2709432;Potato chips, restructured, plain;543;4,61;35,2;55,2;2,9
2709433;Potato chips, restructured, flavored;542;4,59;35,1;55;2,9
2709434;Potato chips, baked, plain;469;5;18,2;71,4;4,8
2709435;Potato chips, baked, flavored;467;4,97;18,1;71;4,8
2709436;Potato chips, reduced fat;482;7,03;20,6;67,1;6
2709437;Potato chips, restructured, reduced fat, lightly salted;502;4,56;26,1;64,8;3,2
2709438;Potato chips, unsalted;537;6,25;30,3;59,7;5,4
2709439;Potato chips, lightly salted;559;6,71;35,3;53,4;4,2
2709440;Potato chips, restructured, lightly salted;559;6,71;35,3;53,4;4,2
2709441;Potato chips, popped, plain;469;5;18,2;71,4;4,8
2709442;Potato chips, popped, flavored;467;4,97;18,1;71;4,8
2709443;Potato chips, popped, NFS;469;5;18,2;71,4;4,8
2709444;Potato sticks, plain;522;6,7;34,4;53,3;3,4
2709445;Potato sticks, flavored;517;6,63;34,1;52,8;3,4
2709446;Potato sticks, fry shaped;517;6,63;34,1;52,8;3,4
2709447;Vegetable chips;495;4,72;26,6;59,2;7,8
2709448;Potato, scalloped, NFS;168;7,13;9,63;13,5;0,8
2709449;Potato, scalloped, from fast food or restaurant;206;6,66;14,3;13;0,7
2709450;Potato, scalloped, from fresh;168;7,13;9,63;13,5;0,8
2709451;Potato, scalloped, from fresh, with meat;173;7,44;10,4;12,9;0,7
2709452;Potato, scalloped, from dry mix;169;6,91;9,79;13,5;0,8
2709453;Potato, scalloped, from dry mix, with meat;167;7,3;9,6;13,1;0,7
2709454;Potato, scalloped, ready-to-heat;178;6,8;11;13,3;0,7
2709455;Potato, scalloped, ready-to-heat, with meat;183;7,1;11,6;12,7;0,7
2709456;Potato, french fries, NFS;225;2,5;14,1;23,2;1,8
2709457;Potato, french fries, NS as to fresh or frozen;225;2,5;14,1;23,2;1,8
2709458;Potato, french fries, from fresh, fried;198;1,93;13,1;18,5;1,6
2709459;Potato, french fries, from fresh, baked;166;2,02;9,16;19,3;1,7
2709460;Potato, french fries, from frozen, baked;158;2,75;5,48;25,6;2
2709461;Potato, french fries, fast food;312;3,43;14,7;41,4;3,8
2709462;Potato, french fries, restaurant;289;3,49;14;37,2;3,9
2709463;Potato, french fries, from frozen, fried;225;2,5;14,1;23,2;1,8
2709464;Potato, french fries, school;166;2,02;9,16;19,3;1,7
2709465;Potato, french fries, with cheese, fast food / restaurant;260;3,33;14,2;29,8;2,6
2709466;Potato, french fries, with cheese, school;181;4,55;10,3;17,7;1,5
2709467;Potato, french fries, with chili, fast food / restaurant;241;5,2;10,8;30,8;3,6
2709468;Potato, french fries, with chili and cheese, fast food / restaurant;221;4,66;11,4;24,9;2,7
2709469;Potato, french fries, with cheese;260;3,33;14,2;29,8;2,6
2709470;Potato, french fries, with chili and cheese;221;4,66;11,4;24,9;2,7
2709471;Potato, french fries, with chili;241;5,2;10,8;30,8;3,6
2709472;Potato, home fries, NFS;197;1,92;13;18,4;1,6
2709473;Potato, home fries, from restaurant / fast food;213;1,87;15,2;17,9;1,6
2709474;Potato, home fries, from fresh;185;1,96;11,5;18,8;1,6
2709475;Potato, home fries, ready-to-heat;197;1,92;13;18,4;1,6
2709476;Potato, home fries, with vegetables;173;1,72;11,8;15,6;1,5
2709477;Potato, hash brown, NFS;217;2,62;11,5;28,2;3,2
2709478;Potato, hash brown, from fast food;272;2,58;17;28,9;2,7
2709479;Potato, hash brown, from fast food, with cheese;295;6,03;19,9;24,5;2,2
2709480;Potato, hash brown, from restaurant;272;2,58;17;28,9;2,7
2709481;Potato, hash brown, from restaurant, with cheese;295;6,03;19,9;24,5;2,2
2709482;Potato, hash brown, from school lunch;218;2,64;11,5;28,4;3,2
2709483;Potato, hash brown, from fresh;190;1,94;12,3;18,6;1,6
2709484;Potato, hash brown, from fresh, with cheese;223;5,1;15,5;16,2;1,4
2709485;Potato, hash brown, from dry mix;217;2,62;11,5;28,2;3,2
2709486;Potato, hash brown, ready-to-heat;217;2,62;11,5;28,2;3,2
2709487;Potato, hash brown, ready-to-heat, with cheese;249;6,04;15,2;24;2,6
2709488;Potato skins without topping;151;2,12;7,45;19,5;1,8
2709489;Potato skins, with cheese;199;6,07;12,4;16,3;1,5
2709490;Potato skins, with cheese and bacon;215;7,64;13,7;15,5;1,4
2709491;Potato skins, NFS;199;6,07;12,4;16,3;1,5
2709492;Potato, mashed, NFS;114;2,15;4,07;17,6;1,2
2709493;Potato, mashed, from fast food;89;1,65;2,82;14,6;1,3
2709494;Potato, mashed, from fast food, with gravy;81;1,46;2,78;12,8;1,1
2709495;Potato, mashed, ready-to-heat;106;1,97;5,01;13,3;1,9
2709496;Potato, mashed, from fresh, made with milk;114;2,15;4,07;17,6;1,2
2709497;Potato, mashed, from fresh, made with milk, with cheese;145;4,41;7,28;16;1
2709498;Potato, mashed, from fresh, made with milk, with gravy;100;1,86;3,78;15,1;1
2709499;Potato, mashed, from fresh, NFS;114;2,15;4,07;17,6;1,2
2709500;Potato, mashed, from restaurant;138;2,07;7,22;16,8;1,1
2709501;Potato, mashed, from restaurant, with gravy;120;1,8;6,3;14,5;0,9
2709502;Potato, mashed, from school lunch;77;2,14;1,89;13,2;1
2709503;Potato, mashed, from dry mix, NFS;117;2,05;6,7;12,6;0,9
2709504;Potato, mashed, from dry mix, made with milk;117;2,05;6,7;12,6;0,9
2709505;Potato, mashed, from dry mix, made with milk, with cheese;148;4,32;9,62;11,5;0,8
2709506;Potato, mashed, from dry mix, made with milk, with gravy;103;1,78;5,88;11,2;0,8
2709507;Potato, mashed, ready-to-heat, NFS;106;1,97;5,01;13,3;1,9
2709508;Potato, mashed, ready-to-heat, with cheese;138;4,26;8,12;12,1;1,7
2709509;Potato, mashed, ready-to-heat, with gravy;94;1,72;4,53;11,7;1,5
2709510;Potato patty;171;3,89;11,3;13,5;1,5
2709511;Potato tots, NFS;237;1,9;15,5;24,4;2,3
2709512;Potato tots, fast food / restaurant;236;1,89;15,4;24,3;2,3
2709513;Potato tots, school;166;2,02;9,16;19,3;1,7
2709514;Potato tots, from fresh, fried or baked;237;1,9;15,5;24,4;2,3
2709515;Potato tots, frozen, baked;187;2,03;9,17;26,1;2,4
2709516;Potato tots, frozen, fried;237;1,9;15,5;24,4;2,3
2709517;Potato tots, frozen, NS as to fried or baked;237;1,9;15,5;24,4;2,3
2709518;Potato, baked, peel not eaten, with butter;125;1,9;4,19;20,4;1,4
2709519;Potato, baked, peel not eaten, with sour cream;131;2;5,44;19;1,3
2709520;Potato, baked, peel not eaten, with cheese;153;3,66;7,66;17,8;1,2
2709521;Potato, baked, peel not eaten, with meat;160;4,32;8,26;17,4;1,2
2709522;Potato, baked, peel not eaten, with chili;143;4,45;6,21;17,6;1,6
2709523;Potato, baked, peel not eaten, with vegetables;142;3,68;6,34;18,1;1,4
2709524;Potato, baked, peel eaten;93;2,49;0,13;21;2,2
2709525;Potato, baked, peel eaten, with butter;125;2,41;4,22;20;2,1
2709526;Potato, baked, peel eaten, with sour cream;131;2,47;5,46;18,7;1,9
2709527;Potato, baked, peel eaten, with cheese;153;4,09;7,69;17,4;1,7
2709528;Potato, baked, peel eaten, with meat;160;4,74;8,28;17,1;1,7
2709529;Potato, baked, peel eaten, with chili;143;4,85;6,23;17,3;2,1
2709530;Potato, baked, peel eaten, with vegetables;142;4,12;6,37;17,8;2
2709531;Potato salad with egg, from restaurant;175;3,04;11,4;15,4;1,1
2709532;Potato salad with egg, made with mayonnaise;157;1,96;9,4;16,2;1,3
2709533;Potato salad with egg, made with light mayonnaise;111;2,72;4,46;15,1;1,3
2709534;Potato salad with egg, made with mayonnaise-type salad dressing;112;2,76;4,32;15,9;1,3
2709535;Potato salad with egg, made with light mayonnaise-type salad dressing;111;2,72;4,46;15,1;1,3
2709536;Potato salad with egg, made with creamy dressing;142;2,93;7,91;14,9;1,3
2709537;Potato salad with egg, made with light creamy dressing;102;2,95;3,46;15;1,3
2709538;Potato salad with egg, made with Italian dressing;114;2,8;4,42;15,8;1,3
2709539;Potato salad with egg, made with light Italian dressing;94;2,79;2,35;15,5;1,3
2709540;Potato salad with egg, made with any type of fat free dressing;89;2,67;1,74;16;1,6
2709541;Potato salad, German style;108;2,92;3,22;17,2;1,9
2709542;Potato salad, from restaurant;178;1,73;11,4;17,3;1,3
2709543;Potato salad, made with mayonnaise;168;1,51;11,1;15,8;1,5
2709544;Potato salad, made with light mayonnaise;105;1,41;3,65;17;1,5
2709545;Potato salad, made with mayonnaise-type salad dressing;107;1,46;3,49;17,9;1,5
2709546;Potato salad, made with light mayonnaise-type salad dressing;105;1,41;3,65;17;1,5
2709547;Potato salad, made with creamy dressing;140;1,59;7,53;16,8;1,5
2709548;Potato salad, made with light creamy dressing;95;1,62;2,47;17;1,5
2709549;Potato salad, made with Italian dressing;108;1,44;3,56;17,9;1,5
2709550;Potato salad, made with light Italian dressing;85;1,43;1,2;17,5;1,5
2709551;Potato salad, made with any type of fat free dressing;81;1,38;0,58;17,9;1,8
2709552;Potato pancake;196;4,47;10,8;20,6;2,2
2709553;Lefse;218;4,37;6,34;36,4;2
2709554;Stewed potatoes;103;1,99;3,39;16,3;2,1
2709555;Stewed potatoes with tomatoes;87;1,71;3,29;12,9;1,9
2709556;Soup, potato;90;1,51;4,71;10,5;1,2
2709557;Soup, potato with meat;109;3,78;6,43;8,81;1
2709558;Plantain, cooked, no added fat;122;1,3;0,35;31,8;1,7
2709559;Plantain, cooked with oil;144;1,26;3,24;30,9;1,6
2709560;Plantain, raw;122;1,3;0,35;31,9;1,7
2709561;Plantain, cooked, fat added, NS as to fat type;141;1,27;2,88;30,9;1,6
2709562;Plantain, cooked with butter or margarine;138;1,27;2,53;30,9;1,6
2709563;Plantain chips;531;2,28;29,6;63,8;3,5
2709564;Cassava, cooked;191;1,42;3,03;39,6;1,9
2709565;Yuca fries;269;1,24;13,9;34,7;1,6
2709566;Casabe, cassava bread;299;2,54;0,52;71,2;3,4
2709567;Taro, cooked;141;1,57;2,95;27,6;4,3
2709568;Fufu;166;1,5;2,99;33,6;3,1
2709569;Taro chips;498;2,3;24,9;68,1;7,2
2709570;Beet greens, raw;22;2,2;0,13;4,33;3,7
2709571;Beet greens, cooked;48;2,3;2,87;4,51;3,9
2709572;Broccoli raab, raw;22;3,17;0,49;2,85;2,7
2709573;Broccoli raab, cooked;46;3,2;3,15;2,88;2,7
2709574;Chard, raw;19;1,8;0,2;3,74;1,6
2709575;Chard, cooked;44;1,88;2,95;3,9;1,7
2709576;Collards, raw;32;3,02;0,61;5,42;4
2709577;Collards, fresh, cooked, no added fat;34;3,24;0,65;5,81;4,3
2709578;Collards, frozen, cooked, no added fat;36;2,96;0,41;7,08;2,8
2709579;Collards, NS as to form, cooked;58;3,15;3,37;5,65;4,2
2709580;Collards, fresh, cooked, fat added, NS as to fat type;58;3,15;3,37;5,65;4,2
2709581;Collards, frozen, cooked, fat added, NS as to fat type;58;2,88;2,94;6,88;2,7
2709582;Collards, fresh, cooked with oil;61;3,14;3,76;5,64;4,2
2709583;Collards, fresh, cooked with butter or margarine;54;3,16;2,99;5,65;4,2
2709584;Collards, frozen, cooked with oil;61;2,88;3,3;6,87;2,7
2709585;Collards, frozen, cooked with butter or margarine;55;2,89;2,58;6,88;2,7
2709586;Cress, raw;32;2,6;0,7;5,5;1,1
2709587;Cress, cooked;58;2,72;3,47;5,73;1,1
2709588;Dandelion greens, raw;45;2,7;0,7;9,2;3,5
2709589;Dandelion greens, cooked;71;2,82;3,47;9,58;3,6
2709590;Romaine lettuce, raw;21;0,98;0,07;4,06;1,8
2709591;Caesar salad, with romaine, no dressing;77;4;3,41;7,49;1,8
2709592;Escarole, cooked;37;1,12;2,72;2,98;2,7
2709593;Greens, fresh, cooked, no added fat;37;2,97;0,97;5,16;4,2
2709594;Greens, frozen, cooked, no added fat;37;2,92;0,71;5,75;2,7
2709595;Greens, NS as to form, cooked;58;2,89;3,4;5,02;4,1
2709596;Greens, fresh, cooked, fat added;58;2,89;3,4;5,02;4,1
2709597;Greens, frozen, cooked, fat added;59;2,84;3,24;5,59;2,6
2709598;Greens, canned, cooked;41;1,32;2,82;2,71;1,3
2709599;Kale, raw;43;2,92;1,49;4,42;4,1
2709600;Kale, fresh, cooked, no added fat;46;3,13;1,6;4,74;4,4
2709601;Kale, frozen, cooked, no added fat;44;2,93;1,21;5,28;2,3
2709602;Kale, NS as to form, cooked;69;3,05;4,29;4,61;4,3
2709603;Kale, fresh, cooked, fat added;69;3,05;4,29;4,61;4,3
2709604;Kale, frozen, cooked, fat added;66;2,85;3,72;5,14;2,2
2709605;Lambsquarter, cooked;54;3,11;3,22;4,85;2
2709606;Mustard greens, raw;27;2,86;0,42;4,67;3,2
2709607;Mustard greens, fresh, cooked, no added fat;29;3,07;0,45;5,01;3,4
2709608;Mustard greens, frozen, cooked, no added fat;19;2,26;0,25;3,1;2,8
2709609;Mustard greens, NS as to form, cooked;53;2,99;3,18;4,87;3,3
2709610;Mustard greens, fresh, cooked, fat added;53;2,99;3,18;4,87;3,3
2709611;Mustard greens, frozen, cooked, fat added;41;2,21;2,79;3,02;2,7
2709612;Poke greens, cooked;42;2,24;2,93;3,01;1,5
2709613;Radicchio, raw;23;1,43;0,25;4,48;0,9
2709614;Spinach, raw;27;2,85;0,62;2,41;1,6
2709615;Spinach, fresh, cooked, no added fat;33;3,41;0,7;3,1;1,9
2709616;Spinach, frozen, cooked, no added fat;34;4;0,87;4,79;3,7
2709617;Spinach, canned, cooked, no added fat;23;2,81;0,5;3,4;2,4
2709618;Spinach, fresh, cooked with oil;63;3,31;4,1;3,01;1,8
2709619;Spinach, fresh, cooked with butter or margarine;55;3,33;3,26;3,02;1,8
2709620;Spinach, NS as to form, cooked;59;3,32;3,68;3,01;1,8
2709621;Spinach, fresh, cooked, fat added, NS as to fat type;59;3,32;3,68;3,01;1,8
2709622;Spinach, frozen, cooked, fat added, NS as to fat type;56;3,89;3,39;4,65;3,6
2709623;Spinach, canned, cooked, fat added, NS as to fat type;45;2,74;3,04;3,31;2,3
2709624;Spinach, frozen, cooked with oil;59;3,88;3,75;4,65;3,6
2709625;Spinach, frozen, cooked with butter or margarine;53;3,9;3,03;4,66;3,6
2709626;Spinach, canned, cooked with oil;49;2,73;3,4;3,3;2,3
2709627;Spinach, canned, cooked with butter or margarine;42;2,74;2,68;3,31;2,3
2709628;Spinach, creamed;90;2,39;6,09;6,11;1,2
2709629;Spinach souffle;128;5,72;8,64;7,13;1,1
2709630;Spinach and cheese casserole;130;7,05;7,59;9,86;2,8
2709631;Palak Paneer;101;5,42;7,02;4,28;0,9
2709632;Channa Saag;89;4,1;4,33;8,79;3
2709633;Taro leaves, cooked;68;5,19;3,51;6,98;3,9
2709634;Turnip greens, fresh, cooked, no added fat;20;1,14;0,23;4,35;3,5
2709635;Turnip greens, frozen, cooked, no added fat;29;3,34;0,42;4,96;3,4
2709636;Turrnip greens, NS as to form, cooked;42;1,11;2,77;4,23;3,4
2709637;Turnip greens, fresh, cooked, fat added;42;1,11;2,77;4,23;3,4
2709638;Turnip greens, frozen, cooked, fat added;51;3,25;2,95;4,83;3,3
2709639;Watercress, raw;11;2,3;0,1;1,29;0,5
2709640;Watercress, cooked;36;2,4;2,84;1,35;0,5
2709641;Bitter melon, horseradish, jute, or radish leaves, cooked;56;3,49;2,74;6,47;1,8
2709642;Sweet potato, squash, pumpkin, chrysanthemum, or bean leaves, cooked;57;2,12;2,88;7,15;1,8
2709643;Broccoli, raw;39;2,57;0,34;6,27;2,4
2709644;Broccoli, cooked, from restaurant;77;2,55;4,66;6,2;2,4
2709645;Broccoli, fresh, cooked, no added fat;41;2,67;0,35;6,51;2,5
2709646;Broccoli, frozen, cooked, no added fat;28;3,09;0,12;5,33;3
2709647;Broccoli, NS as to form, cooked;63;2,6;3;6,33;2,4
2709648;Broccoli, fresh, cooked, fat added, NS as to fat type;63;2,6;3;6,33;2,4
2709649;Broccoli, frozen, cooked, fat added, NS as to fat type;50;3,01;2,66;5,18;2,9
2709650;Broccoli, fresh, cooked with oil;67;2,59;3,37;6,32;2,4
2709651;Broccoli, fresh, cooked with butter or margarine;60;2,61;2,62;6,33;2,4
2709652;Broccoli, frozen, cooked with oil;53;3;3,02;5,18;2,9
2709653;Broccoli, frozen, cooked with butter or margarine;47;3,02;2,3;5,19;2,9
2709654;Broccoli casserole with noodles;112;3,55;3,77;15,9;1,9
2709655;Broccoli casserole with rice;107;4,14;3,6;15,1;1,9
2709656;Fried broccoli;223;4,28;12,9;22,4;1,7
2709657;Broccoli, chinese, raw;26;1,2;0,76;4,67;2,6
2709658;Broccoli, Chinese, cooked;50;1,22;3,42;4,72;2,6
2709659;Soup, broccoli cheese;82;4,26;4,54;6,08;1,3
2709660;Carrots, raw;44;0,87;0,24;9,68;2,9
2709661;Carrots, raw, salad;212;1,25;15,7;17,6;2,6
2709662;Carrots, raw, salad with apples;181;0,85;16;8,59;2,3
2709663;Carrots, cooked, from restaurant;86;0,94;4,67;10,2;3,1
2709664;Carrots, fresh, cooked, no added fat;50;0,98;0,36;10,7;3,2
2709665;Carrots, frozen, cooked, no added fat;39;0,81;0,47;7,9;3,2
2709666;Carrots, canned, cooked, no added fat;25;0,64;0,19;5,54;1,5
2709667;Carrots, fresh, cooked with oil;76;0,95;3,38;10,4;3,1
2709668;Carrots, fresh, cooked with butter or margarine;69;0,96;2,63;10,4;3,1
2709669;Carrots, NS as to form, cooked;72;0,96;3;10,4;3,1
2709670;Carrots, fresh, cooked, fat added, NS as to fat type;72;0,96;3;10,4;3,1
2709671;Carrots, frozen, cooked, fat added, NS as to fat type;61;0,79;3;7,67;3,1
2709672;Carrots, canned, cooked, fat added, NS as to fat type;47;0,63;2,74;5,38;1,5
2709673;Carrots, frozen, cooked with oil;64;0,78;3,36;7,67;3,1
2709674;Carrots, frozen, cooked with butter or margarine;57;0,8;2,64;7,68;3,1
2709675;Carrots, canned, cooked with oil;50;0,62;3,1;5,38;1,5
2709676;Carrots, canned, cooked with butter or margarine;44;0,64;2,38;5,39;1,5
2709677;Carrots, glazed, cooked;97;0,9;2,78;17,3;2,9
2709678;Carrots, canned, reduced sodium, cooked, no added fat;23;0,59;0,14;5,36;1,8
2709679;Carrots, canned, reduced sodium, cooked, fat added, NS as to fat type;45;0,58;2,69;5,21;1,7
2709680;Carrots, canned, reduced sodium, cooked with oil;49;0,57;3,05;5,2;1,7
2709681;Carrots, canned, reduced sodium, cooked with butter or margarine;42;0,59;2,33;5,21;1,7
2709682;Beet juice;25;0,72;0,06;5,91;1,1
2709683;Carrot juice, 100%;40;0,95;0,15;9,28;0,8
2709684;Peas and carrots, fresh, cooked, no added fat;67;3,3;0,39;12,8;4,6
2709685;Peas and carrots, frozen, cooked, no added fat;58;2,97;0,37;11,1;3,8
2709686;Peas and carrots, canned, cooked, no added fat;46;2,56;0,5;8,45;3,2
2709687;Peas and carrots, cooked, NS as to form;89;3,22;3,03;12,5;4,4
2709688;Peas and carrots, fresh, cooked, fat added;89;3,22;3,03;12,5;4,4
2709689;Peas and carrots, frozen, cooked, fat added;80;2,89;2,9;10,7;3,7
2709690;Peas and carrots, canned, cooked, fat added;68;2,49;3,03;8,21;3,1
2709691;Pumpkin, canned, cooked;56;1,08;2,82;7,86;2,8
2709692;Pumpkin, cooked;52;1,05;2,84;6,77;0,5
2709693;Winter squash, raw;26;1;0,1;6,5;0,5
2709694;Winter squash, cooked, no added fat;37;0,89;0,35;8,82;2,8
2709695;Winter squash, cooked, fat added;59;0,87;2,88;8,57;2,7
2709696;Squash, winter, souffle;78;3,4;2,26;12,1;2,1
2709697;Sweet potato, NFS;115;1,58;4,53;17,1;3
2709698;Sweet potato, baked, NS as to fat;115;1,58;4,53;17,1;3
2709699;Sweet potato, baked, no added fat;82;1,64;0,39;18;3,1
2709700;Sweet potato, baked, fat added;115;1,58;4,53;17,1;3
2709701;Sweet potato, boiled, NS as to fat;115;1,58;4,53;17,1;3
2709702;Sweet potato, boiled, no added fat;82;1,64;0,39;18;3,1
2709703;Sweet potato, boiled, fat added;115;1,58;4,53;17,1;3
2709704;Sweet potato, candied;187;1,18;3,48;37,7;2,2
2709705;Sweet potato, canned, NS as to fat;124;1,58;4,35;20;1,7
2709706;Sweet potato, canned, no added fat;91;1,64;0,2;21;1,8
2709707;Sweet potato, canned, fat added;124;1,58;4,35;20;1,7
2709708;Sweet potato, casserole or mashed;99;1,89;2,56;17,2;2,4
2709709;Sweet potato fries, NFS;192;2,27;9,39;37,4;6
2709710;Sweet potato chips;529;2,92;32,2;56,5;8,8
2709711;Sweet potato fries, frozen;192;2,27;9,39;37,4;6
2709712;Sweet potato fries, from fresh;156;1,49;9,42;16,4;2,8
2709713;Sweet potato fries, fast food / restaurant;305;1,92;23,9;31,6;5,1
2709714;Sweet potato fries, school;192;2,27;9,39;37,4;6
2709715;Sweet potato tots;191;2,26;9,35;37,3;6
2709716;Sweet potato tots, fast food / restaurant;240;2,12;15,6;34,9;5,6
2709717;Sweet potato tots, school;192;2,27;9,39;37,4;6
2709718;Soup, pumpkin;72;1,1;4,7;6,86;1,5
2709719;Tomatoes, raw;20;0,82;0,31;4,04;1,2
2709720;Tomatoes, NS as to form, cooked;50;1,08;3,42;4,71;1,5
2709721;Tomatoes, fresh, cooked;50;1,08;3,42;4,71;1,5
2709722;Tomatoes, canned, cooked;43;0,82;3,04;3,23;1,8
2709723;Tomatoes, scalloped;110;2,7;4,97;14,1;1,9
2709724;Tomatoes, canned, reduced sodium, cooked;39;0,78;2,8;3,37;1,8
2709725;Fried green tomatoes;216;3,68;12,8;21,8;1,3
2709726;Tomato, green, pickled;40;1;0,18;9,09;0,9
2709727;Sun-dried tomatoes;258;14,1;2,97;55,8;12,3
2709728;Tomato juice, 100%;23;0,86;0,29;4,32;0,4
2709729;Tomato juice, 100%, low sodium;23;0,86;0,29;4,32;0,4
2709730;Tomato juice cocktail;22;0,93;0,31;3,87;0,5
2709731;Tomato and vegetable juice, 100%;22;0,93;0,31;3,87;0,5
2709732;Tomato and vegetable juice, 100%, low sodium;22;0,6;0,1;4,59;0,8
2709733;Ketchup;109;1,08;0,32;27,1;0,3
2709734;Ketchup, reduced sodium;101;1,04;0,1;27,4;0,3
2709735;Tomato chili sauce;92;2,5;0,3;19,8;2,4
2709736;Salsa, NFS;34;1,44;0,19;6,74;1,8
2709737;Salsa, pico de gallo;17;0,71;0,14;3,7;1,1
2709738;Salsa, red;34;1,44;0,19;6,74;1,8
2709739;Salsa, red, homemade;34;1,44;0,19;6,74;1,8
2709740;Taco sauce;11;1,16;0,68;0,72;0,5
2709741;Enchilada sauce, red;30;0,62;0,91;4,87;0,5
2709742;Enchilada sauce, green;38;1,13;0,89;6,36;1,9
2709743;Salsa verde or salsa, green;38;1,13;0,89;6,36;1,9
2709744;Hot Thai sauce;74;1,03;0,66;16,6;0,5
2709745;Spaghetti sauce;51;1,41;1,48;8,05;1,8
2709746;Spaghetti sauce with added vegetables;46;1,52;1,2;7,45;1,7
2709747;Spaghetti sauce, reduced sodium;51;1,41;1,48;8,06;1,8
2709748;Spaghetti sauce, fat free;24;1,2;0,3;5,31;1,5
2709749;Vodka sauce with tomatoes and cream;75;1,15;6,57;3,56;1,3
2709750;Barbecue sauce;172;0,82;0,63;40,8;0,9
2709751;Buffalo sauce;11;1,21;0,71;0,75;0,6
2709752;Steak sauce;95;1,25;0,23;22;1,5
2709753;Cocktail sauce;128;1,36;1,05;28,2;1,8
2709754;Puerto Rican seasoning with ham;266;3,96;24,8;7,24;1,6
2709755;Puerto Rican seasoning without ham and tomato sauce;127;1,02;10,8;6,89;1,5
2709756;Tomato and cucumber salad made with tomato, cucumber, oil, and vinegar;122;0,52;10,2;6,35;0,6
2709757;Soup, tomato;19;0,65;0,41;3,64;0,9
2709758;Soup, cream of tomato;70;1,21;4,68;6,39;1
2709759;Soup, tomato, canned;34;0,63;0,33;7,65;0,6
2709760;Soup, tomato, canned / carton, reduced sodium;35;0,64;0,33;7,67;0,6
2709761;Tomato sandwich on white;201;8,46;6,8;26,5;1,5
2709762;Tomato sandwich on wheat;199;9,44;6,99;24,7;3,1
2709763;Raw vegetable, NFS;30;1,19;0,26;5,83;2
2709764;Sprouts, NFS;30;3,04;0,18;5,94;1,8
2709765;Alfalfa sprouts, raw;23;3,99;0,69;2,1;1,9
2709766;Artichoke;53;2,89;0,34;12;5,7
2709767;Asparagus, raw;20;2,2;0,12;3,88;2,1
2709768;Bean sprouts, raw;30;3,04;0,18;5,94;1,8
2709769;Green beans, raw;40;1,97;0,28;7,41;3
2709770;Beets, raw;43;1,61;0,17;9,56;2,8
2709771;Broccoflower, raw;31;2,95;0,3;6,09;3,2
2709772;Brussels sprouts, raw;43;3,38;0,3;8,95;3,8
2709773;Cabbage, green, raw;31;0,96;0,23;6,38;2,5
2709774;Cabbage, Chinese, raw;13;1,5;0,2;2,18;1
2709775;Cabbage, red, raw;34;1,24;0,21;6,79;2,1
2709776;Cactus, raw;16;1,32;0,09;3,33;2,2
2709777;Cauliflower, raw;25;1,92;0,28;4,97;2
2709778;Celery, raw;17;0,49;0,16;3,32;1,6
2709779;Fennel bulb, raw;31;1,24;0,2;7,3;3,1
2709780;Basil, raw;23;3,15;0,64;2,65;1,6
2709781;Chives, raw;30;3,27;0,73;4,35;2,5
2709782;Cilantro, raw;23;2,13;0,52;3,67;2,8
2709783;Corn, raw;86;3,27;1,35;18,7;2
2709784;Cucumber, raw;16;0,62;0,18;2,95;0,5
2709785;Eggplant, raw;25;0,98;0,18;5,88;3
2709786;Garlic, raw;143;6,62;0,38;28,2;2,7
2709787;Jicama, raw;38;0,72;0,09;8,82;4,9
2709788;Kohlrabi, raw;27;1,7;0,1;6,2;3,6
2709789;Lettuce, raw;20;0,92;0,1;3,69;1,3
2709790;Lettuce, Boston, raw;18;0,88;0,11;3,26;0,9
2709791;Lettuce, arugula, raw;25;2,58;0,66;3,65;1,6
2709792;Mixed salad greens, raw;21;1,31;0,21;3,43;1,4
2709793;Mushrooms, raw;31;2,9;0,35;4,13;1,7
2709794;Onions, green, raw;32;1,83;0,19;7,34;2,6
2709795;Onions, raw;38;0,86;0,08;8,46;1,7
2709796;Parsley, raw;36;2,97;0,79;6,33;3,3
2709797;Green peas, raw;81;5,42;0,4;14,4;5,7
2709798;Peppers, hot, raw;34;1,39;0,4;7,66;2,2
2709799;Peppers, raw, NFS;27;0,81;0,12;5,72;1
2709800;Peppers, sweet, green, raw;23;0,72;0,11;4,78;0,9
2709801;Peppers, sweet, red, raw;31;0,9;0,13;6,65;1,2
2709802;Peppers, banana, raw;27;1,66;0,45;5,35;3,4
2709803;Radish;16;0,68;0,1;3,4;1,6
2709804;Rutabaga, raw;37;1,08;0,16;8,62;2,3
2709805;Seaweed, raw;41;3,51;0,49;7,94;0,7
2709806;Snowpeas, raw;42;2,8;0,2;7,55;2,6
2709807;Summer squash, yellow, raw;19;1,01;0,27;3,88;1
2709808;Summer squash, green, raw;17;1,21;0,32;3,11;1
2709809;Turnip, raw;28;0,9;0,1;6,43;1,8
2709810;Mixed vegetable juice;28;0,72;0,16;6,3;1,2
2709811;Celery juice;17;0,49;0,16;3,32;1,6
2709812;Broccoli salad with cauliflower, cheese, bacon bits, and dressing;270;5,83;22,8;10,4;1,6
2709813;Broccoli slaw salad;123;1,97;8,11;10,4;1,9
2709814;Coleslaw, fast food / restaurant;159;0,88;11,8;12,4;1,9
2709815;Coleslaw;117;0,94;7,98;10,4;1,9
2709816;Cabbage salad, NFS;45;0,79;0,8;8,93;2,4
2709817;Coleslaw, with fruit;113;0,91;6,34;13,6;2,1
2709818;Cucumber and vegetable namasu;56;0,47;0,18;12,2;0,6
2709819;Cucumber salad, made with sour cream dressing;66;1,3;5,18;3,7;0,4
2709820;Cucumber salad, made with Italian dressing;120;0,46;9,96;6,19;0,5
2709821;Cucumber salad made with cucumber and vinegar;34;0,5;0,13;6,79;0,5
2709822;Lettuce, salad with assorted vegetables including tomatoes and/or carrots, no dressing;24;1,07;0,2;4,58;1,5
2709823;Lettuce, salad with assorted vegetables excluding tomatoes and carrots, no dressing;23;1,19;0,19;4,09;1,3
2709824;Lettuce, salad with avocado, tomato, and/or carrots, with or without other vegetables, no dressing;54;1,29;3,39;5,5;2,7
2709825;Lettuce, salad with cheese, tomato and/or carrots, with or without other vegetables, no dressing;91;4,94;6,08;4,2;1,2
2709826;Lettuce, salad with egg, tomato, and/or carrots, with or without other vegetables, no dressing;50;3,4;2,31;3,88;1,2
2709827;Lettuce, salad with egg, cheese, tomato, and/or carrots, with or without other vegetables, no dressing;71;4,24;4,36;3,7;1,2
2709828;Lettuce, wilted, with bacon dressing;84;2,77;6,31;3,44;1
2709829;Seven-layer salad, lettuce salad made with a combination of onion, celery, green pepper, peas, mayonnaise, cheese, eggs, and/or bacon;229;4,7;20,7;5,79;1,2
2709830;Greek Salad, no dressing;48;2,75;2,26;4,35;1,5
2709831;Spinach salad, no dressing;84;7,02;5,07;2,09;1,2
2709832;Cobb salad, no dressing;93;11,3;4,33;2,65;1,2
2709833;Aloe vera juice drink;15;-;-;3,75;-
2709834;Asparagus, fresh, cooked, no added fat;21;2,36;0,13;4,16;2,3
2709835;Asparagus, frozen, cooked, no added fat;18;2,94;0,42;1,91;1,6
2709836;Asparagus, canned, cooked, no added fat;19;2,14;0,65;2,46;1,6
2709837;Asparagus, NS as to form, cooked;45;2,3;2,86;4,04;2,2
2709838;Asparagus, fresh, cooked, fat added, NS as to fat type;45;2,3;2,86;4,04;2,2
2709839;Asparagus, frozen, cooked, fat added, NS as to fat type;40;2,86;2,95;1,86;1,5
2709840;Asparagus, canned, cooked, fat added, NS as to fat type;41;2,09;3,18;2,39;1,6
2709841;Asparagus, fresh, cooked with oil;49;2,29;3,25;4,04;2,2
2709842;Asparagus, fresh, cooked with butter or margarine;42;2,31;2,48;4,05;2,2
2709843;Asparagus, frozen, cooked with oil;44;2,86;3,31;1,86;1,5
2709844;Asparagus, frozen, cooked with butter or margarine;37;2,87;2,59;1,87;1,5
2709845;Asparagus, canned, cooked with oil;45;2,08;3,54;2,39;1,6
2709846;Asparagus, canned, cooked with butter or margarine;38;2,09;2,82;2,4;1,6
2709847;Bamboo shoots, cooked;41;1,68;2,94;3,13;1,4
2709848;Lima beans, from frozen, no added fat;103;6,05;0,34;19,3;5,3
2709849;Lima beans, from frozen, fat added;123;5,88;2,88;18,7;5,1
2709850;Lima beans, from canned;122;5,86;2,86;18,6;5,1
2709851;Green beans, cooked, from restaurant;78;1,96;4,6;7,32;3
2709852;Green beans, fresh, cooked, no added fat;42;2,05;0,29;7,7;3,1
2709853;Green beans, frozen, cooked, no added fat;28;1,49;0,17;6,43;3
2709854;Green beans, canned, cooked, no added fat;24;1,04;0,39;4,11;1,9
2709855;Green beans, NS as to form, cooked;55;1,51;2,93;5,74;2,4
2709856;Green beans, fresh, cooked, fat added, NS as to fat type;64;2;2,93;7,48;3
2709857;Green beans, frozen, cooked, fat added, NS as to fat type;50;1,45;2,71;6,25;2,9
2709858;Green beans, canned, cooked, fat added, NS as to fat type;46;1,02;2,93;4;1,8
2709859;Green beans, fresh, cooked with oil;68;1,99;3,31;7,47;3
2709860;Green beans, fresh, cooked with butter or margarine;61;2;2,56;7,48;3
2709861;Green beans, frozen, cooked with oil;53;1,44;3,07;6,24;2,9
2709862;Green beans, frozen, cooked with butter or margarine;47;1,46;2,35;6,26;2,9
2709863;Green beans, canned, cooked with oil;50;1,01;3,29;3,99;1,8
2709864;Green beans, canned, cooked with butter or margarine;43;1,03;2,57;4;1,8
2709865;Green beans, canned, reduced sodium, cooked, no added fat;22;1,12;0,46;4,32;1,9
2709866;Green beans, canned, reduced sodium, cooked, fat added, NS as to fat type;44;1,1;3;4,2;1,8
2709867;Green beans, canned, reduced sodium, cooked with oil;48;1,09;3,36;4,19;1,8
2709868;Green beans, canned, reduced sodium, cooked with butter or margarine;41;1,1;2,64;4,2;1,8
2709869;Fried green beans;223;4,04;12,9;22,9;2
2709870;Yellow string beans, cooked;50;1,45;2,71;6,25;2,9
2709871;Bean sprouts, cooked;116;9,8;6,93;6,08;3,3
2709872;Beets, fresh, cooked, no added fat;45;1,67;0,18;9,93;2,9
2709873;Beets, canned, cooked, no added fat;31;0,91;0,14;7,21;1,8
2709874;Beets, NS as to form, cooked;53;0,89;2,69;7;1,7
2709875;Beets, fresh, cooked, fat added;67;1,63;2,82;9,65;2,8
2709876;Beets, canned, cooked, fat added;53;0,89;2,69;7;1,7
2709877;Beets, canned, reduced sodium, cooked;53;0,84;2,79;6,79;1,2
2709878;Bitter melon, cooked;41;0,82;2,72;4,19;1,9
2709879;Breadfruit, cooked;123;1,04;2,77;26,3;4,7
2709880;Broccoflower, cooked;55;2,98;2,96;6,15;3,2
2709881;Brussels sprouts, fresh, cooked, no added fat;45;3,51;0,31;9,3;3,9
2709882;Brussels sprouts, frozen, cooked, no added fat;42;3,63;0,39;8,3;4,1
2709883;Brussels sprouts, NS as to form, cooked;67;3,42;2,96;9,03;3,8
2709884;Brussels sprouts, fresh, cooked, fat added;67;3,42;2,96;9,03;3,8
2709885;Brussels sprouts, frozen, cooked, fat added;64;3,53;2,92;8,06;4
2709886;Burdock, cooked;100;1,6;2,89;18,1;3,4
2709887;Cabbage, Chinese, cooked, no added fat;14;1,56;0,21;2,26;1
2709888;Cabbage, Chinese, cooked, fat added;37;1,52;2,85;2,2;1
2709889;Cabbage, green, cooked, no added fat;32;1;0,24;6,63;2,6
2709890;Cabbage, green, cooked, fat added, NS as to fat type;55;0,98;2,88;6,44;2,5
2709891;Cabbage, green, cooked with oil;58;0,97;3,26;6,43;2,5
2709892;Cabbage, green, cooked with butter or margarine;52;0,99;2,51;6,44;2,5
2709893;Cabbage, red, cooked;58;1,26;2,86;6,85;2,1
2709894;Cabbage, savoy, cooked;51;2,02;2,75;6,16;3,1
2709895;Cactus, cooked, no added fat;16;1,32;0,09;3,32;2,2
2709896;Cactus, cooked, fat added;38;1,29;2,63;3,23;2,1
2709897;Cauliflower, fresh, cooked, no added fat;26;1,99;0,29;5,16;2,1
2709898;Cauliflower, frozen, cooked, no added fat;19;1,6;0,22;3,74;2,7
2709899;Cauliflower, NS as to form, cooked;49;1,94;2,93;5,02;2
2709900;Cauliflower, fresh, cooked, fat added, NS as to fat type;49;1,94;2,93;5,02;2
2709901;Cauliflower, frozen, cooked, fat added, NS as to fat type;41;1,57;2,76;3,64;2,6
2709902;Cauliflower, fresh, cooked with oil;52;1,94;3,31;5,01;2
2709903;Cauliflower, fresh, cooked with butter or margarine;46;1,95;2,56;5,02;2
2709904;Cauliflower, frozen, cooked with oil;45;1,56;3,12;3,63;2,6
2709905;Cauliflower, frozen, cooked with butter or margarine;38;1,58;2,4;3,64;2,6
2709906;Celery, cooked;42;0,52;2,9;3,46;1,7
2709907;Fennel bulb, cooked;62;1,42;3,22;8,32;3,5
2709908;Christophine, cooked;44;0,86;2,87;4,7;1,8
2709909;Corn, cooked, from restaurant;119;3,11;5,43;17,7;1,9
2709910;Corn, fresh, cooked, no added fat;86;3,26;1,35;18,6;2
2709911;Corn, frozen, cooked, no added fat;81;2,54;0,67;19,2;2,4
2709912;Corn, canned, cooked, no added fat;67;2,29;1,22;14,3;2
2709913;Corn, NS as to form, cooked;88;2,23;3,74;13,9;1,9
2709914;Corn, fresh, cooked, fat added, NS as to fat type;106;3,17;3,85;18,1;1,9
2709915;Corn, frozen, cooked, fat added, NS as to fat type;101;2,48;3,2;18,7;2,3
2709916;Corn, canned, cooked, fat added, NS as to fat type;88;2,23;3,74;13,9;1,9
2709917;Corn, fresh, cooked with oil;109;3,17;4,21;18,1;1,9
2709918;Corn, fresh, cooked with butter or margarine;103;3,18;3,5;18,1;1,9
2709919;Corn, frozen, cooked with oil;105;2,47;3,55;18,7;2,3
2709920;Corn, frozen, cooked with butter or margarine;98;2,48;2,84;18,7;2,3
2709921;Corn, canned, cooked with oil;91;2,22;4,1;13,9;1,9
2709922;Corn, canned, cooked with butter or margarine;85;2,24;3,38;13,9;1,9
2709923;Corn, creamed;72;1,74;0,42;18,1;1,2
2709924;Corn, canned, reduced sodium, cooked, no added fat;66;2,1;0,83;14,9;1,8
2709925;Corn, canned, reduced sodium, cooked, fat added, NS as to fat type;88;2,04;3,55;14,5;1,8
2709926;Corn, canned, reduced sodium, cooked with oil;92;2,04;3,94;14,5;1,8
2709927;Corn, canned, reduced sodium, cooked with butter or margarine;85;2,05;3,16;14,5;1,8
2709928;Cucumber, cooked;45;0,72;3,2;3,37;0,6
2709929;Eggplant, cooked, no added fat;27;1,05;0,19;6,3;3,2
2709930;Eggplant, cooked, fat added;51;1,03;2,92;6,13;3,1
2709931;Flowers or blossoms of sesbania, squash, or lily, cooked;37;1,06;2,62;3,2;0,9
2709932;Garlic, cooked;142;6,58;0,38;28;2,7
2709933;Hominy, cooked;88;1,45;2,91;13,8;2,4
2709934;Kohlrabi, cooked;51;1,72;2,75;6,26;3,6
2709935;Leeks;88;1,57;3,05;14,7;1,9
2709936;Lotus root, cooked;87;1,54;2,61;15,5;3
2709937;Mushrooms, fresh, cooked, no added fat;39;3,61;0,43;5,15;2,2
2709938;Mushrooms, NS as to form, cooked;66;3,52;3,6;5;2,1
2709939;Mushrooms, fresh, cooked, fat added, NS as to fat type;66;3,52;3,6;5;2,1
2709940;Mushrooms, canned, cooked;47;1,82;2,84;4,95;2,3
2709941;Mushrooms, fresh, cooked with oil;70;3,5;4,05;5;2,1
2709942;Mushrooms, fresh, cooked with butter or margarine;62;3,52;3,16;5,01;2,1
2709943;Mushroom, Asian, cooked, from dried;44;2,4;0,2;8,15;4,2
2709944;Okra, fresh, cooked, no added fat;35;2,07;0,2;7,99;3,4
2709945;Okra, frozen, cooked, no added fat;29;1,62;0,24;6,39;2,1
2709946;Okra, NS as to form, cooked;59;2,02;2,94;7,76;3,3
2709947;Okra, fresh, cooked, fat added;59;2,02;2,94;7,76;3,3
2709948;Okra, frozen, cooked, fat added;51;1,59;2,78;6,21;2
2709949;Lettuce, cooked;49;1,06;3,11;4,21;1,5
2709950;Onions, cooked, no added fat;47;1,29;0,12;11;2
2709951;Onions, cooked, fat added;73;1,26;3,11;10,6;1,9
2709952;Onions, pearl, cooked;50;0,7;2,59;6,49;1,4
2709953;Onions, green, cooked;63;2,09;3,21;8,37;3
2709954;Palm hearts, cooked;134;2,62;2,74;24,8;1,5
2709955;Parsnips, cooked;92;1,29;2,84;16,5;3,5
2709956;Blackeyed peas, from frozen;151;8,23;3,18;23;6,2
2709957;Blackeyed peas, from canned;150;8,19;3,17;22,9;6,2
2709958;Green peas, cooked, from restaurant;119;5,37;4,72;14,3;5,6
2709959;Green peas, fresh, cooked, no added fat;84;5,63;0,42;15;5,9
2709960;Green peas, frozen, cooked, no added fat;78;5,14;0,27;14,2;4,5
2709961;Green peas, canned, cooked, no added fat;68;4,47;0,8;11,4;4,9
2709962;Green peas, NS as to form, cooked;98;4,99;2,81;13,8;4,4
2709963;Green peas, fresh, cooked, fat added, NS as to fat type;106;5,47;3,06;14,6;5,7
2709964;Green peas, frozen, cooked, fat added, NS as to fat type;98;4,99;2,81;13,8;4,4
2709965;Green peas, canned, cooked, fat added, NS as to fat type;89;4,35;3,33;11;4,8
2709966;Green peas, fresh, cooked with oil;109;5,46;3,43;14,6;5,7
2709967;Green peas, fresh, cooked with butter or margarine;102;5,48;2,68;14,6;5,7
2709968;Green peas, frozen, cooked with oil;102;4,99;3,17;13,8;4,4
2709969;Green peas, frozen, cooked with butter or margarine;95;5;2,45;13,8;4,4
2709970;Green peas, canned, cooked with oil;92;4,34;3,69;11;4,8
2709971;Green peas, canned, cooked with butter or margarine;86;4,36;2,97;11;4,8
2709972;Green peas, canned, reduced sodium, cooked, no added fat;66;3,99;0,38;12,2;4,1
2709973;Green peas, canned, reduced sodium, cooked, fat added, NS as to fat type;93;3,88;3,56;11,8;4
2709974;Green peas, canned, reduced sodium, cooked with oil;97;3,87;4;11,8;4
2709975;Green peas, canned, reduced sodium, cooked with butter or margarine;89;3,89;3,11;11,8;4
2709976;Peppers, green, cooked;47;0,74;2,76;4,83;0,9
2709977;Peppers, red, cooked;55;0,92;2,78;6,71;1,2
2709978;Peppers, hot, cooked;59;1,41;3,06;7,72;2,2
2709979;Pimiento;28;1,35;0,37;6,24;2,3
2709980;Rutabaga, cooked;63;1,13;2,9;8,98;2,4
2709981;Salsify, cooked;89;2,65;2,71;14,9;3
2709982;Sauerkraut;40;0,9;2,53;4,16;2,8
2709983;Snowpeas, fresh, cooked, no added fat;44;2,91;0,21;7,84;2,7
2709984;Snowpeas, frozen, cooked, no added fat;52;3,49;0,38;8,99;3,1
2709985;Snowpeas, NS as to form, cooked;66;2,83;2,85;7,62;2,6
2709986;Snowpeas, fresh, cooked, fat added;66;2,83;2,85;7,62;2,6
2709987;Snowpeas, frozen, cooked, fat added;73;3,4;2,91;8,74;3
2709988;Seaweed, dried;298;31,8;4,01;52,4;5,6
2709989;Seaweed, cooked, no added fat;41;3,51;0,49;7,94;0,7
2709990;Seaweed, cooked, fat added;63;3,41;3,06;7,71;0,7
2709991;Summer squash, yellow or green, fresh, cooked, no added fat;21;1,3;0,35;4,1;1,2
2709992;Summer squash, yellow or green, frozen, cooked, no added fat;21;1,21;0,16;4,54;1,3
2709993;Summer squash, yellow or green, NS as to form, cooked;47;1,27;3,33;3,99;1,1
2709994;Summer squash, yellow or green, fresh, cooked, fat added, NS as to fat type;47;1,27;3,33;3,99;1,1
2709995;Summer squash, yellow or green, frozen, cooked, fat added, NS as to fat type;43;1,18;2,71;4,41;1,3
2709996;Summer squash, yellow or green, canned, cooked, fat added, NS as to fat type;35;0,6;2,6;2,86;1,3
2709997;Summer squash, yellow or green, fresh, cooked with oil;51;1,26;3,75;3,98;1,1
2709998;Summer squash, yellow or green, fresh, cooked with butter or margarine;44;1,28;2,91;3,99;1,1
2709999;Summer squash, yellow or green, frozen, cooked with oil;46;1,18;3,06;4,4;1,3
2710000;Summer squash, yellow or green, frozen, cooked with butter or margarine;40;1,19;2,35;4,42;1,3
2710001;Spaghetti squash, cooked;49;0,65;2,8;6,26;1,4
2710002;Turnip, cooked;54;0,95;2,84;6,7;1,9
2710003;Water Chesnut;78;1,38;0,09;19,2;3,9
2710004;Winter melon, cooked;36;0,4;2,74;2,95;1
2710005;Yeast;325;40,4;7,61;41,2;26,9
2710006;Yeast extract spread;185;23,9;0,9;20,4;6,5
2710007;Lima beans and corn, cooked, no added fat;92;4,3;0,5;19,2;3,8
2710008;Lima beans and corn, cooked, fat added;112;4,18;3,04;18,7;3,7
2710009;Bean salad, yellow and/or green string beans;109;3,52;5;13;3,4
2710010;Peppers and onions, cooked, no added fat;37;1,06;0,12;8,38;1,5
2710011;Peppers and onions, cooked, fat added;59;1,04;2,66;8,14;1,5
2710012;Classic mixed vegetables, cooked, from restaurant;100;2,84;4,74;12,4;3,4
2710013;Classic mixed vegetables, frozen, cooked, no added fat;65;2,85;0,15;13;4,4
2710014;Classic mixed vegetables, canned, cooked, no added fat;46;2,11;0,65;8,84;2,6
2710015;Classic mixed vegetables, NS as to form, cooked;86;2,78;2,69;12,7;4,3
2710016;Classic mixed vegetables, frozen, cooked, fat added, NS as to fat type;86;2,78;2,69;12,7;4,3
2710017;Classic mixed vegetables, canned, cooked, fat added, NS as to fat type;68;2,06;3,18;8,59;2,5
2710018;Classic mixed vegetables, frozen, cooked with oil;89;2,77;3,05;12,7;4,3
2710019;Classic mixed vegetables, frozen, cooked with butter or margarine;83;2,78;2,33;12,7;4,3
2710020;Classic mixed vegetables, canned, cooked with oil;71;2,05;3,54;8,58;2,5
2710021;Classic mixed vegetables, canned, cooked with butter or margarine;64;2,07;2,83;8,59;2,5
2710022;Classic mixed vegetables, canned, reduced sodium, cooked, no added fat;44;1,95;0,45;9,19;2,4
2710023;Classic mixed vegetables, canned, reduced sodium, cooked, fat added, NS as to fat type;68;1,9;3,2;8,93;2,3
2710024;Classic mixed vegetables, canned, reduced sodium, cooked with oil;71;1,89;3,59;8,93;2,3
2710025;Classic mixed vegetables, canned, reduced sodium, cooked with butter or margarine;64;1,91;2,81;8,94;2,3
2710026;Peas and corn, cooked, no added fat;79;3,84;0,47;16,7;3,4
2710027;Peas and corn, cooked, fat added;100;3,74;3;16,2;3,3
2710028;Ratatouille;67;1,09;4,73;5,77;1,9
2710029;Vegetables, stew type, cooked, fat added;97;1,44;3,64;15,1;2
2710030;Vegetables, stew type, cooked, no added fat;69;1,49;0,18;15,7;2,1
2710031;Broccoli and cauliflower, cooked, no added fat;23;2,35;0,17;4,54;2,8
2710032;Broccoli and cauliflower, cooked, fat added;46;2,29;2,71;4,41;2,8
2710033;Broccoli, cauliflower and carrots, cooked, no added fat;28;1,76;0,34;5,59;3
2710034;Broccoli, cauliflower and carrots, cooked, fat added;50;1,72;2,9;5,43;2,9
2710035;Asian stir fry vegetables, cooked, no added fat;50;2,07;0,3;9,93;2,9
2710036;Asian stir fry vegetables, cooked, fat added;71;2,01;2,84;9,65;2,8
2710037;Jai, Monk's Food;60;4,25;1,86;7,72;1,7
2710038;Vegetable mixture, dried;328;17,4;8,88;49,2;18,5
2710039;Artichokes, stuffed;160;5,33;5,94;22,3;3,9
2710040;Green bean casserole;56;1,96;2,21;7,05;1,9
2710041;Green beans, cooked, Szechuan-style;106;2,54;6,96;8,37;3
2710042;Fried cauliflower;218;4,02;12,9;21,9;1,6
2710043;Chiles rellenos, cheese-filled;228;7,84;17,2;10,4;0,7
2710044;Chiles rellenos, filled with meat and cheese;230;9,01;17,2;9,72;0,7
2710045;Stuffed jalapeno pepper;241;8,82;15,9;16,5;2,5
2710046;Corn, scalloped or pudding;116;4,54;5,12;15;1,5
2710047;Fritter, corn;404;7,37;27,1;33,6;1,6
2710048;Fried eggplant;218;3,66;12,8;22,3;2
2710049;Eggplant dip;183;4,8;15;8,15;3,9
2710050;Eggplant parmesan casserole, regular;155;7,02;10,5;8,96;1,9
2710051;Eggplant with cheese and tomato sauce;90;6,16;4,84;6,34;2,2
2710052;Mushrooms, stuffed;288;10,7;15;27,7;3
2710053;Fried mushrooms;222;4,63;12,9;21,9;1,6
2710054;Fried okra;219;3,88;12,8;22,4;1,6
2710055;Fried onion rings;352;4,19;19,8;39,9;2,6
2710056;Pea salad;180;2,98;14;10,6;2,7
2710057;Pea salad with cheese;203;5;16;9,82;2,4
2710058;Fried summer squash, yellow or green;216;3,76;12,9;21,5;1,2
2710059;Squash, summer, casserole with tomato and cheese;85;3,48;4,32;8,87;1,4
2710060;Squash, summer, casserole, with rice and tomato sauce;83;2,32;1,66;14,9;1,1
2710061;Squash, summer, casserole, with cheese sauce;92;3,69;4,71;9,28;1,2
2710062;Squash, summer, souffle;125;4,65;8,94;6,87;0,7
2710063;Stew, vegetable;47;1,41;0,24;10,1;2,1
2710064;Chow mein or chop suey, meatless, no noodles;43;1,34;1,68;5,74;1,2
2710065;Vegetable tempura;239;3,81;15,8;20,4;1,6
2710066;Pakora;125;4,92;4,77;16,2;3,2
2710067;Vegetable curry;86;1,6;5,27;8,81;1,8
2710068;Vegetable curry with rice;103;2,03;3,27;16,5;1,3
2710069;Chow mein or chop suey, meatless, with noodles;117;2,98;5,05;15,7;2,1
2710070;Green beans, pickled;54;1,63;0,25;11;2,5
2710071;Beets, pickled;65;0,8;0,08;16,3;0,8
2710072;Celery, pickled;35;0,41;0,15;7,61;1,3
2710073;Relish, corn;111;1,7;0,91;25,7;1,5
2710074;Cauliflower, pickled;41;1,59;0,25;8,98;1,7
2710075;Cabbage, green, pickled;46;0,8;0,21;10,2;2,1
2710076;Cabbage, red, pickled;49;1,03;0,19;10,5;1,7
2710077;Kimchi;15;1,1;0,5;2,4;1,6
2710078;Pickles, dill;14;0,48;0,43;1,99;1
2710079;Relish, pickle;130;0,37;0,47;35,1;1,1
2710080;Pickles, sweet;91;0,58;0,41;21,2;1
2710081;Eggplant, pickled;41;0,81;0,16;9,74;2,5
2710082;Ginger root, pickled;20;0,33;0,1;4,83;2,6
2710083;Horseradish;48;1,18;0,69;11,3;3,3
2710084;Mushrooms, pickled;46;2,4;0,3;8,29;1,4
2710085;Mustard;69;4,25;3,38;5,3;4,3
2710086;Honey mustard dip;275;1,77;18;25,2;1
2710087;Okra, pickled;48;1,6;0,17;11;2,7
2710088;Olives, NFS;116;0,84;10,9;6,04;1,6
2710089;Olives, green;145;1,03;15,3;3,84;3,3
2710090;Olives, black;116;0,84;10,9;6,04;1,6
2710091;Olives, stuffed;141;1,15;12,9;4,96;4
2710092;Olive tapenade;282;0,73;30;4,17;1,8
2710093;Hot pepper sauce;12;1,29;0,76;0,8;0,6
2710094;Peppers, sweet, pickled;43;0,67;0,12;9,6;0,9
2710095;Peppers, hot, pickled;22;0,8;0,4;4,56;2,6
2710096;Peppers, jalapenos;26;0,86;0,38;5,53;2,7
2710097;Pickles, NFS;14;0,48;0,43;1,99;1
2710098;Pickles, fried;213;3,44;12,9;20,7;1,2
2710099;Radishes, pickled;34;0,56;0,1;7,68;1,3
2710100;Seaweed, pickled;54;2,91;0,42;11,4;0,6
2710101;Vegetables, pickled;46;0,94;0,21;10,2;1,6
2710102;Turnip, pickled;44;0,75;0,1;10,2;1,5
2710103;Wasabi paste;292;2,23;10,9;46,1;6,1
2710104;Zucchini, pickled;35;1;0,28;7,44;0,8
2710105;Soup, borscht;20;0,52;0,37;3,9;0,8
2710106;Soup, gazpacho;26;0,81;0,63;4,49;1
2710107;Soup, cream of mushroom;74;2,1;4,76;5,7;1,2
2710108;Soup, French onion;108;5,45;4,47;11,8;1,1
2710109;Soup, cream of vegetable;78;1,41;4,72;7,83;1,1
2710110;Soup, seaweed;37;3,73;1,87;1,52;0,2
2710111;Soup, vegetable, canned;38;1,12;0,4;7,62;1,2
2710112;Soup, vegetable, canned, reduced sodium;38;1,12;0,4;7,63;1,2
2710113;Soup, vegetable;27;0,84;0,45;5,08;1
2710114;Soup, minestrone;40;1,71;0,5;7,3;1,5
2710115;Soup, beef;47;3,28;2,05;4,04;0,8
2710116;Soup, vegetable, with meat;44;3,36;1,6;4,04;0,8
2710117;Baby Toddler vegetable, NFS;44;1,44;0,25;9,56;1,6
2710118;Baby Toddler carrots, Stage 1;26;0,8;0,1;6;1,7
2710119;Baby Toddler carrots, Stage 2;32;0,8;0,2;7,2;1,7
2710120;Baby Toddler squash, Stage 1;28;0,81;0,2;5,73;0,9
2710121;Baby Toddler squash, Stage 2;24;0,81;0,2;5,73;0,9
2710122;Baby Toddler sweet potatoes, Stage 1;57;1,1;0,1;13,2;1,5
2710123;Baby Toddler sweet potatoes, Stage 2;60;1,1;0,1;14;1,5
2710124;Baby Toddler green beans, Stage 1;24;1,2;0,1;5,8;1,9
2710125;Baby Toddler green beans, Stage 2;24;1,2;0,1;5,8;1,9
2710126;Baby Toddler beets;34;1,3;0,1;7,7;1,9
2710127;Baby Toddler multiple vegetables, Stage 2;44;1,44;0,25;9,56;1,6
2710128;Baby Toddler multiple vegetables, Stage 3;44;1,44;0,25;9,56;1,6
2710129;Baby Toddler vegetables, with grain;58;1,84;0,5;12;1,9
2710130;Baby Toddler vegetables and meat;64;2,95;1,08;11,2;1,8
2710131;Baby Toddler peas, Stage 1;50;3,27;0,43;8,36;2
2710132;Baby Toddler peas, Stage 2;50;3,27;0,43;8,36;2
2710133;Toddler meal, NFS;85;3,65;2,08;12,8;1
2710134;Toddler meal, meat and vegetables;77;3,49;3,34;8,33;1
2710135;Toddler meal, rice and vegetables;83;4,02;1,4;13,4;0,9
2710136;Toddler meal, pasta;101;4,08;2,18;16,1;0,8
2710137;Toddler meal, pasta and vegetables;78;3,02;1,41;13,5;1,1
2710138;Fried stuffed potatoes, Puerto Rican style;185;4,9;11,3;16,2;1,9
2710139;Green plantain with cracklings, Puerto Rican style;358;13,2;22,8;27;1,4
2710140;Ripe plantain meat pie, Puerto Rican style;315;12,8;20,2;22;2,1
2710141;Puerto Rican pasteles;213;7,08;13,2;17,4;2,2
2710142;Stuffed cabbage, with meat, Puerto Rican style;207;9,56;15,1;8,41;2,3
2710143;Stuffed cabbage, with meat and rice, Syrian dish, Puerto Rican style;84;3,14;2,95;11,1;1,8
2710144;Eggplant and meat casserole;96;7,11;5,53;4,67;1,5
2710145;Vegetable and fruit juice, 100% juice, with high vitamin C;46;0,3;0,01;11,2;-
2710146;Fruit and vegetable smoothie, with dairy;64;1,59;0,72;12,7;1
2710147;Fruit and vegetable smoothie, added protein;86;7,49;0,78;12,2;1,1
2710148;Fruit and vegetable smoothie, non-dairy;60;1,16;0,61;12,4;1
2710149;Fruit and vegetable smoothie, non-dairy, added protein;83;7,09;0,69;11,9;1,2
2710150;Fruit and vegetable smoothie, bottled;53;0,6;0,26;12,5;0,7
2710151;Fruit and vegetable smoothie, no dairy;63;1,09;0,37;13,8;1
2710152;Vegetable smoothie;89;2,75;6,63;5,84;2,8
2710153;Table fat, NFS;677;0,58;75,3;0,36;-
2710154;Butter, NFS;743;0,85;82,2;0,06;-
2710155;Butter, stick;743;0,85;82,2;0,06;-
2710156;Butter, tub;731;0,49;78,3;-;-
2710157;Butter, light;499;3,3;55,1;-;-
2710158;Margarine, NFS;579;0,17;65;0,82;-
2710159;Margarine, stick;717;0,16;80,7;0,7;-
2710160;Margarine, tub;533;0,17;59,8;0,86;-
2710161;Butter replacement, liquid;533;0,17;59,8;0,86;-
2710162;Margarine, light;346;0,33;37,9;1,22;-
2710163;Butter replacement, powder;373;2;1;89;-
2710164;Oil or table fat, NFS;789;0,29;87,7;0,18;-
2710165;Animal fat or drippings;841;2,23;92,2;-;-
2710166;Lard;902;-;100;-;-
2710167;Shortening, NS as to vegetable or animal;884;-;100;-;-
2710168;Ghee, clarified butter;876;0,28;99,5;-;-
2710169;Garlic sauce;683;1,43;74;2,87;0,3
2710170;Lemon-butter sauce;671;0,8;74;0,74;-
2710171;Hollandaise sauce;546;5,4;58;1,03;-
2710172;Sandwich spread;389;0,9;34;22,4;0,4
2710173;Tartar sauce;211;1;16,7;13,3;0,5
2710174;Horseradish sauce;503;1,09;50,9;10;1
2710175;Pesto sauce;580;8,61;59,2;5,67;1
2710176;Fry sauce;535;0,98;56,2;7,28;0,1
2710177;Sauce, NFS;109;1,59;5,67;12,7;0,2
2710178;Curry sauce;95;1,39;8,22;5,03;1,4
2710179;Honey butter;485;0,53;33,8;48,5;0,1
2710180;Vegetable oil, NFS;900;-;100;-;-
2710181;Almond oil;884;-;100;-;-
2710182;Coconut oil;895;-;99,1;0,84;-
2710183;Corn oil;900;-;100;-;-
2710184;Cottonseed oil;884;-;100;-;-
2710185;Flaxseed oil;884;0,11;100;-;-
2710186;Olive oil;900;-;100;-;-
2710187;Peanut oil;900;-;100;-;-
2710188;Canola oil;900;-;100;-;-
2710189;Safflower oil;900;-;100;-;-
2710190;Sesame oil;884;-;100;-;-
2710191;Soybean oil;900;-;100;-;-
2710192;Sunflower oil;900;-;100;-;-
2710193;Walnut oil;884;-;100;-;-
2710194;Wheat germ oil;884;-;100;-;-
2710195;Salad dressing, NFS, for salads;430;1,32;44,5;5,9;-
2710196;Salad dressing, NFS, for sandwiches;594;0,9;64,2;3,41;-
2710197;Blue or roquefort cheese dressing;484;1,37;51,1;4,77;0,4
2710198;Bacon and tomato dressing;326;1,8;35;2;0,2
2710199;Caesar dressing;542;2,17;57,8;3,3;0,5
2710200;Coleslaw dressing;404;0,85;34,5;22,4;-
2710201;French or Catalina dressing;419;0,87;39,1;18,8;2,4
2710202;Honey mustard dressing;464;0,87;40,8;23,3;0,4
2710203;Italian dressing, made with vinegar and oil;240;0,41;21,1;12,1;-
2710204;Mayonnaise, regular;680;0,96;74,8;0,57;-
2710205;Vegan mayonnaise;232;0,3;19,2;16;-
2710206;Russian dressing;355;0,69;26,2;31,9;0,7
2710207;Mayonnaise-type salad dressing;250;0,65;21,6;14,8;-
2710208;Avocado dressing;427;1,9;43,3;7,36;0,1
2710209;Creamy Italian dressing;268;0,55;24,6;11,2;-
2710210;Poppy seed dressing;399;0,92;33,3;23,7;0,3
2710211;Sesame dressing;443;3,1;45,2;8,6;1
2710212;Ranch dressing;430;1,32;44,5;5,9;-
2710213;Thousand Island dressing;379;1,09;35,1;14,6;0,8
2710214;Fruit dressing;219;2,51;18;12,4;0,1
2710215;Salad dressing, light, NFS;160;1,5;14;7;-
2710216;Blue or roquefort cheese dressing, light;300;1,44;26,1;15,2;1,1
2710217;Creamy Italian dressing, light;111;0,56;7,78;9,54;-
2710218;French or Catalina dressing, light;222;0,58;11,5;31,2;1,5
2710219;Caesar dressing, light;110;0,3;4,4;18,6;0,1
2710220;Mayonnaise, light;238;0,37;22,2;9,23;-
2710221;Mayonnaise, reduced fat,  with olive oil;361;0,37;40;-;-
2710222;Mayonnaise-type salad dressing, light;158;0,65;10;16,4;-
2710223;Honey mustard dressing, light;207;0,98;10;28,3;0,8
2710224;Italian dressing, light;102;0,39;6,68;9,99;-
2710225;Ranch dressing, light;160;1,5;14;7;-
2710226;Sesame dressing, light;102;0,39;6,68;9,99;-
2710227;Thousand Island dressing, light;195;0,83;11,3;24,1;1,2
2710228;Korean dressing or marinade;348;3,17;31,4;12,7;0,5
2710229;Blue or roquefort cheese dressing, fat free;115;1,52;1,01;25,6;1,8
2710230;Caesar dressing, fat free;131;1,47;0,23;30,7;0,2
2710231;Creamy Italian dressing, fat free;56;1,03;1,14;10,4;0,5
2710232;French or Catalina dressing, fat free;132;0,2;0,27;32,1;2,2
2710233;Honey mustard dressing, fat free;169;1,07;1,47;38,4;1,2
2710234;Italian dressing, fat free;47;0,97;0,87;8,75;0,6
2710235;Mayonnaise, fat free;64;0,2;-;15,8;2
2710236;Ranch dressing, fat free;107;1,4;2,7;20;-
2710237;Salad dressing, fat free, NFS;107;1,4;2,7;20;-
2710238;Thousand Island dressing, fat free;132;0,55;1,45;29,3;3,3
2710239;Bacon, for use with vegetables;468;33,9;35,1;1,7;-
2710240;Ham, for use with vegetables;117;18;4,39;1,57;-
2710241;Beef, for use with vegetables;191;32,4;6,82;-;-
2710242;Chicken, for use with vegetables;164;26,8;6,36;-;-
2710243;Cream sauce, for use with vegetables;175;0,83;14,2;10,6;0,1
2710244;Cheese sauce, for use with vegetables;120;4,69;6,8;9,62;0,1
2710245;Gravy, for use with vegetables;57;0,31;1,05;11,2;0,1
2710246;Soy based sauce, for use with vegetables;89;1,65;0,15;20,1;0,2
2710247;Tomato sauce, for use with vegetables;104;0,48;6,15;12,1;0,6
2710248;Avocado, for use on a sandwich;160;2;14,7;8,53;6,7
2710249;Cucumber, for use on a sandwich;16;0,62;0,18;2,95;0,5
2710250;Lettuce, for use on a sandwich;20;0,92;0,1;3,69;1,3
2710251;Mushrooms, for use on a sandwich;31;2,9;0,35;4,13;1,7
2710252;Onions, for use on a sandwich;38;0,86;0,08;8,46;1,7
2710253;Pepper, for use on a sandwich;27;0,81;0,12;5,72;1
2710254;Spinach, for use on a sandwich;27;2,85;0,62;2,41;1,6
2710255;Tomatoes, for use on a sandwich;20;0,82;0,31;4,04;1,2
2710256;Bacon, for use on a sandwich;494;39,4;36,2;2,01;-
2710257;Sugar, NFS;401;-;0,32;99,6;-
2710258;Sugar, white, granulated or lump;401;-;0,32;99,6;-
2710259;Sugar, white, confectioner's, powdered;389;-;-;99,8;-
2710260;Sugar, brown;380;0,12;-;98,1;-
2710261;Sugar, cinnamon;390;0,28;0,38;98,3;3,7
2710262;Sugar substitute and sugar blend;399;-;0,31;99,4;-
2710263;Sugar substitute, sucralose, powder;336;-;-;91,2;-
2710264;Sugar substitute, stevia, powder;-;-;-;100;-
2710265;Sugar substitute, stevia, liquid;51;0,8;-;12;0,7
2710266;Sugar substitute, monk fruit, powder;-;-;-;100;-
2710267;Sugar substitute, powder, NFS;349;0,66;-;90,1;-
2710268;Sugar substitute, liquid, NFS;51;0,8;-;12;0,7
2710269;Sugar substitute, saccharin, powder;360;0,94;-;89,1;-
2710270;Sugar substitute, saccharin, liquid;8;0,02;-;2,05;-
2710271;Sugar substitute, aspartame, powder;365;2,17;-;89,1;-
2710272;Syrup, NFS;265;-;0,1;69,6;-
2710273;Pancake syrup;265;-;0,1;69,6;-
2710274;Corn syrup;283;-;0,2;76,8;-
2710275;Blueberry syrup;341;-;-;85,1;0,1
2710276;Chocolate syrup;269;-;-;67,2;-
2710277;Chocolate syrup, light;153;1,4;0,97;34,6;-
2710278;Simple syrup;184;-;0,15;45,6;-
2710279;Strawberry drink syrup;261;-;0,02;65,1;-
2710280;Pancake syrup, light;165;-;-;44,6;-
2710281;Honey;304;0,3;-;82,4;0,2
2710282;Agave liquid sweetener;310;0,09;0,45;76,4;0,2
2710283;Molasses;290;-;0,1;74,7;-
2710284;Topping, butterscotch or caramel;216;1,21;-;57;-
2710285;Topping, chocolate;350;4,6;8,9;62,9;2,8
2710286;Topping, fruit;254;0,2;0,1;66,3;0,7
2710287;Topping, marshmallow;322;0,8;0,3;79;0,1
2710288;Topping, nuts and syrup;448;4,5;22;58,1;2,3
2710289;Chocolate hazelnut spread;539;5,41;29,7;62,4;5,4
2710290;Icing, chocolate;397;1,1;17,6;63,2;0,9
2710291;Icing, white;418;-;16,2;67,9;-
2710292;Caramel dip, regular;295;1,16;12,3;48,5;-
2710293;Caramel dip, light;216;1,21;-;57;-
2710294;Chocolate dip;393;3,33;13,2;65,3;2
2710295;Dessert dip;249;6,01;15;22,5;-
2710296;Sweet and sour sauce;154;0,27;0,02;38,2;0,1
2710297;Dessert sauce;150;0,09;7,95;19,5;-
2710298;Duck sauce;245;0,36;0,13;60,7;0,6
2710299;Jam or jelly, NFS;261;0,18;0,03;67,1;1
2710300;Jelly;266;0,15;0,02;70;1
2710301;Jam;278;0,37;0,07;68,9;1,1
2710302;Fruit butter;173;0,39;0,3;42,5;1,5
2710303;Marmalade;246;0,3;-;66,3;0,7
2710304;Jam or jelly, sugar free;121;0,55;-;29,6;2,2
2710305;Jam or jelly, reduced sugar;151;-;0,1;37,6;1,5
2710306;Jam or jelly, fruit juice sweetened;212;-;-;52,9;0,9
2710307;Guava paste;292;0,1;0,27;72,6;1,1
2710308;Sweet potato paste;305;0,49;0,34;75,1;0,9
2710309;Bean paste, sweetened;226;6,22;0,47;50;5,3
2710310;Gelatin dessert;60;1,22;-;14,2;-
2710311;Gelatin dessert with fruit;56;1,1;0,01;13,3;0,2
2710312;Gelatin salad with vegetables;61;1,47;0,02;14;0,7
2710313;Gelatin dessert, sugar free;20;0,83;-;4,22;-
2710314;Gelatin dessert, sugar free, with fruit;22;0,77;0,01;4,86;0,2
2710315;Yokan;133;2,4;0,24;30,6;2
2710316;Haupia;274;1,98;20,4;23,5;2
2710317;Italian Ice;128;0,4;-;32,6;-
2710318;Italian Ice, no sugar added;24;-;-;5,92;-
2710319;Popsicle, NFS;79;-;0,24;19,2;-
2710320;Popsicle;79;-;0,24;19,2;-
2710321;Popsicle, no sugar added;24;-;-;5,92;-
2710322;Freezer pop;79;-;0,24;19,2;-
2710323;Snow cone;128;0,4;-;32,6;-
2710324;Snow cone, no sugar added;24;-;-;5,92;-
2710325;Candy, NFS;429;1,95;8,26;86,6;0,9
2710326;Almonds, chocolate covered candy;560;13;38,8;44;6,4
2710327;Chocolate candy, other, NFS;535;7,65;29,7;59,4;3,4
2710328;Chocolate candy;535;7,65;29,7;59,4;3,4
2710329;Chocolate candy with nuts, other, NFS;545;11;33,7;51,8;4,4
2710330;Chocolate candy with nuts;545;11;33,7;51,8;4,4
2710331;Chocolate candy with cereal;511;7,64;29,4;59,7;3,3
2710332;Chocolate candy, cookie filled;510;5,71;25,4;64,7;1
2710333;Chocolate chips;480;4,2;30;63,9;5,9
2710334;Candy, sprinkles;473;-;15,3;84,7;-
2710335;Dark chocolate candy, other, NFS;550;5,09;32,2;60;7,2
2710336;Dark chocolate candy;550;5,09;32,2;60;7,2
2710337;Dark chocolate candy with nuts, other, NFS;560;8,26;36,3;52,2;7,9
2710338;Dark chocolate candy with nuts;560;8,26;36,3;52,2;7,9
2710339;White chocolate candy;539;5,87;32,1;59,2;0,2
2710340;Chocolate candy, fudge;396;1,72;7,93;79,4;0,8
2710341;Chocolate candy, caramel filled;474;6,43;21;66,4;2
2710342;Chocolate candy, caramel filled with nuts;484;7,42;23,1;63,6;2,5
2710343;Chocolate candy, coconut filled;500;5,44;27,8;56,9;4,1
2710344;Chocolate candy, cream filled;366;2,2;9,3;80,4;2,1
2710345;Chocolate candy, nougat filled;446;3,3;15;74,5;1,2
2710346;Chocolate candy, nougat filled with nuts;483;6,46;22,7;63,2;2,2
2710347;Chocolate candy, peanut butter filled;487;7,82;24,7;64,1;2,8
2710348;Chocolate candy with dried fruit;390;4,1;14,8;68,4;3,1
2710349;Chocolate candy, sugar free;590;12,4;43,3;37,7;3,5
2710350;Candy, non chocolate, other, NFS;394;0,05;1,13;95,7;-
2710351;Ladoo, round ball;411;6,92;22,2;46,7;4
2710352;Candy, licorice;396;-;-;98,9;0,1
2710353;Candy, marshmallow;318;1,8;0,2;81,3;0,1
2710354;Candy, caramel;384;3,1;5,7;82,4;-
2710355;Candy, nougat with nuts;444;8,38;13,3;72,6;3,6
2710356;Peanuts, chocolate covered candy;556;14,3;37,7;44,1;5,4
2710357;Candy, peanut brittle;486;7,57;19;71,2;2,5
2710358;Candy, mint;394;-;0,1;98,3;-
2710359;Candy, gummy;396;-;-;98,9;0,1
2710360;Candy, hard;394;-;0,2;98;-
2710361;Candy, lollipop;394;-;0,2;98;-
2710362;Cough drops;394;-;0,1;98,3;-
2710363;Candy, cotton;401;-;0,32;99,6;-
2710364;Candy, fruit flavored pieces;400;0,1;2,28;94,4;-
2710365;Chocolate candy, candy shell;492;4,33;21,1;71,2;2,8
2710366;Chocolate candy, candy shell with nuts;506;11;25,4;60,2;3,4
2710367;Candy, fruit snacks;371;0,1;3;85,8;-
2710368;Candy, fruit leather;371;0,1;3;85,8;-
2710369;Candy, taffy;390;0,2;4,12;87,9;-
2710370;Candy, non chocolate, sugar free;394;-;-;98,6;-
2710371;Chewing gum;360;-;0,3;96,7;2,4
2710372;Chewing gum, sugar free;268;-;0,4;94,8;2,4
2710373;Coffee, NS as to type;1;0,12;0,02;-;-
2710374;Coffee, NS as to brewed or instant;1;0,12;0,02;-;-
2710375;Coffee, brewed;1;0,12;0,02;-;-
2710376;Coffee, brewed, blend of regular and decaffeinated;-;0,11;0,01;-;-
2710377;Coffee, Turkish;27;0,11;0,04;6,47;-
2710378;Coffee, espresso;9;0,12;0,18;1,67;-
2710379;Coffee, espresso, decaffeinated;9;0,1;0,18;1,69;-
2710380;Coffee, brewed, flavored;1;0,12;0,02;-;-
2710381;Coffee, Cuban;34;0,11;0,19;7,84;-
2710382;Coffee, macchiato;23;1,18;0,83;2,71;-
2710383;Coffee, macchiato, sweetened;40;1,13;0,8;6,89;-
2710384;Coffee, cafe con leche;40;1,67;1,13;5,63;-
2710385;Coffee, cafe con leche, decaffeinated;40;1,69;1,15;5,7;-
2710386;Coffee, Latte;43;2,81;1,61;4,35;-
2710387;Coffee, Latte, nonfat;30;2,87;0,1;4,37;-
2710388;Coffee, Latte, with non-dairy milk;28;0,97;1,36;2,81;0,1
2710389;Coffee, Latte, flavored;55;2,72;1,57;7,49;-
2710390;Coffee, Latte, nonfat, flavored;42;2,78;0,1;7,51;-
2710391;Coffee, Latte, with non-dairy milk, flavored;40;0,94;1,33;5,99;0,1
2710392;Coffee, Latte, decaffeinated;43;2,82;1,62;4,37;-
2710393;Coffee, Latte, decaffeinated, nonfat;30;2,88;0,1;4,39;-
2710394;Coffee, Latte, decaffeinated, with non-dairy milk;28;0,97;1,37;2,82;0,1
2710395;Coffee, Latte, decaffeinated, flavored;55;2,73;1,57;7,53;-
2710396;Coffee, Latte, decaffeinated, nonfat, flavored;42;2,79;0,1;7,54;-
2710397;Coffee, Latte, decaffeinated, with non-dairy milk, flavored;40;0,94;1,33;6,01;0,1
2710398;Frozen coffee drink;68;1,56;0,93;13,4;-
2710399;Frozen coffee drink, nonfat;61;1,59;0,1;13,4;-
2710400;Frozen coffee drink, with non-dairy milk;60;0,54;0,8;12,5;-
2710401;Frozen coffee drink, with whipped cream;83;1,58;2,77;12,9;-
2710402;Frozen coffee drink, nonfat, with whipped cream;76;1,61;1,98;12,9;-
2710403;Frozen coffee drink, with non-dairy milk and whipped cream;75;0,62;2,64;12,1;-
2710404;Frozen coffee drink, decaffeinated;68;1,56;0,94;13,5;-
2710405;Frozen coffee drink, decaffeinated, nonfat;61;1,59;0,1;13,5;-
2710406;Frozen coffee drink, decaffeinated, with non-dairy milk;70;1,58;1;13,6;-
2710407;Frozen coffee drink, decaffeinated, with whipped cream;83;1,58;2,78;13;-
2710408;Frozen coffee drink, decaffeinated, nonfat, with whipped cream;76;1,62;1,99;13;-
2710409;Frozen coffee drink, decaffeinated, with non-dairy milk and whipped cream;80;1,26;2,59;12,9;0,1
2710410;Coffee, Cafe Mocha;64;2,56;1,47;10,2;-
2710411;Coffee, Cafe Mocha, nonfat;52;2,6;0,09;10,2;-
2710412;Coffee, Cafe Mocha, with non-dairy milk;50;0,88;1,24;8,76;0,1
2710413;Coffee, Cafe Mocha, decaffeinated;64;2,56;1,47;10,2;-
2710414;Coffee, Cafe Mocha, decaffeinated, nonfat;52;2,61;0,09;10,2;-
2710415;Coffee, Cafe Mocha, decaffeinated, with non-dairy milk;50;0,88;1,24;8,8;0,1
2710416;Frozen mocha coffee drink;66;1,51;0,88;13,1;-
2710417;Frozen mocha coffee drink, nonfat;59;1,54;0,08;13,1;-
2710418;Frozen mocha coffee drink, with non-dairy milk;58;0,52;0,75;12,2;-
2710419;Frozen mocha coffee drink, with whipped cream;81;1,54;2,67;12,6;-
2710420;Frozen mocha coffee drink, nonfat, with whipped cream;74;1,56;1,91;12,6;-
2710421;Frozen mocha coffee drink, with non-dairy milk and whipped cream;73;0,6;2,54;11,8;-
2710422;Frozen mocha coffee drink, decaffeinated;67;1,51;0,89;13,1;-
2710423;Frozen mocha coffee drink, decaffeinated, nonfat;59;1,54;0,08;13,1;-
2710424;Frozen mocha coffee drink, decaffeinated, with non-dairy milk;58;0,52;0,76;12,3;-
2710425;Frozen mocha coffee drink, decaffeinated, with whipped cream;81;1,54;2,68;12,6;-
2710426;Frozen mocha coffee drink, decaffeinated, nonfat, with whipped cream;74;1,57;1,91;12,6;-
2710427;Frozen mocha coffee drink, decaffeinated, with non-dairy milk and whipped cream;73;0,6;2,56;11,8;-
2710428;Iced Coffee, brewed;1;0,09;0,02;-;-
2710429;Iced Coffee, brewed, decaffeinated;-;0,08;-;-;-
2710430;Iced Coffee, pre-lightened and pre-sweetened;31;0,25;1,12;4,94;-
2710431;Coffee, Iced Latte;27;1,75;1,01;2,81;-
2710432;Coffee, Iced Latte, nonfat;19;1,78;0,07;2,82;-
2710433;Coffee, Iced Latte, with non-dairy milk;24;1,36;0,79;2,83;0,1
2710434;Coffee, Iced Latte, flavored;40;1,69;0,98;6,09;-
2710435;Coffee, Iced Latte, nonfat, flavored;32;1,72;0,08;6,1;-
2710436;Coffee, Iced Latte, with non-dairy milk, flavored;31;0,59;0,84;5,16;-
2710437;Coffee, Iced Latte, decaffeinated;27;1,75;1,01;2,82;-
2710438;Coffee, Iced Latte, decaffeinated, nonfat;19;1,79;0,07;2,83;-
2710439;Coffee, Iced Latte, decaffeinated, with non-dairy milk;18;0,61;0,86;1,86;0,1
2710440;Coffee, Iced Latte, decaffeinated, flavored;40;1,69;0,99;6,12;-
2710441;Coffee, Iced Latte, decaffeinated, nonfat, flavored;32;1,73;0,08;6,13;-
2710442;Coffee, Iced Latte, decaffeinated, with non-dairy milk, flavored;31;0,59;0,84;5,18;0,1
2710443;Coffee, Iced Cafe Mocha;50;1,58;0,91;8,95;-
2710444;Coffee, Iced Cafe Mocha, nonfat;43;1,61;0,07;8,96;-
2710445;Coffee, Iced Cafe Mocha, with non-dairy milk;42;0,55;0,78;8,07;-
2710446;Coffee, Iced Cafe Mocha, decaffeinated;51;1,59;0,92;8,99;-
2710447;Coffee, Iced Cafe Mocha, decaffeinated, nonfat;43;1,62;0,06;9;-
2710448;Coffee, Iced Cafe Mocha, decaffeinated, with non-dairy milk;42;0,55;0,78;8,1;-
2710449;Coffee, instant, reconstituted;3;0,1;-;0,63;-
2710450;Coffee, instant, 50% less caffeine, reconstituted;3;0,12;-;0,61;-
2710451;Coffee, NS as to brewed or instant, decaffeinated;-;0,1;-;-;-
2710452;Coffee, brewed, decaffeinated;-;0,1;-;-;-
2710453;Coffee, instant, decaffeinated, reconstituted;3;0,1;-;0,64;-
2710454;Coffee, instant, pre-lightened and pre-sweetened with sugar, reconstituted;27;0,15;0,7;5,11;-
2710455;Coffee, instant, decaffeinated, pre-lightened and pre-sweetened with sugar, reconsitituted;27;0,14;0,69;5,11;-
2710456;Coffee, instant, pre-sweetened with sugar, reconstituted;16;0,1;0,02;3,96;-
2710457;Coffee, mocha, instant, pre-lightened and pre-sweetened with low calorie sweetener, reconstituted;15;0,32;0,43;2,46;0,2
2710458;Coffee, instant, pre-lightened and pre-sweetened with low calorie sweetener, reconstituted;16;0,15;0,7;2,37;-
2710459;Coffee, instant, decaffeinated, pre-lightened and pre-sweetened with low calorie sweetener, reconstituted;16;0,15;0,7;2,38;-
2710460;Coffee, pre-lightened and pre-sweetened with sugar;27;0,15;0,7;5,11;-
2710461;Coffee, decaffeinated, pre-lightened and pre-sweetened with sugar;27;0,14;0,69;5,11;-
2710462;Coffee, pre-lightened and pre-sweetened with low calorie sweetener;16;0,15;0,7;2,37;-
2710463;Coffee, decaffeinated, pre-lightened and pre-sweetened with low calorie sweetener;16;0,15;0,7;2,38;-
2710464;Coffee, pre-lightened;14;0,15;0,71;1,88;-
2710465;Coffee, decaffeinated, pre-lightened;14;0,15;0,71;1,89;-
2710466;Coffee, pre-sweetened with sugar;16;0,1;0,02;3,96;-
2710467;Coffee, decaffeinated, pre-sweetened with sugar;16;0,09;0,01;3,97;-
2710468;Coffee, pre-sweetened with low calorie sweetener;5;0,1;-;1,13;-
2710469;Coffee, decaffeinated, pre-sweetened with low calorie sweetener;5;0,1;-;1,14;-
2710470;Coffee and chicory, brewed;1;0,12;0,02;-;-
2710471;Coffee and chicory, brewed, decaffeinated;-;0,1;-;-;-
2710472;Coffee, Cappuccino;27;1,71;0,99;2,75;-
2710473;Coffee, Cappuccino, nonfat;19;1,75;0,07;2,76;-
2710474;Coffee, Cappuccino, with non-dairy milk;17;0,6;0,84;1,82;0,1
2710475;Coffee, Cappuccino, decaffeinated;27;1,72;0,99;2,76;-
2710476;Coffee, Cappuccino, decaffeinated, nonfat;19;1,75;0,07;2,77;-
2710477;Coffee, Cappuccino, decaffeinated, with non-dairy milk;17;0,6;0,85;1,83;0,1
2710478;Coffee, bottled/canned;71;1,98;1,38;12,6;-
2710479;Coffee, bottled/canned, light;35;1,27;0,7;5,91;-
2710480;Coffee, instant, not reconstituted;353;12,2;0,5;75,4;-
2710481;Coffee, instant, decaffeinated, not reconstituted;351;11,6;0,2;76;-
2710482;Coffee, instant, pre-sweetened with sugar, not reconstituted;392;2,36;0,36;94,9;-
2710483;Coffee, instant, pre-lightened and pre-sweetened with sugar, not reconstituted;438;2,4;11,3;83;-
2710484;Coffee, instant, decaffeinated, pre-lightened and pre-sweetened with sugar, not reconstituted;465;-;13,3;86,3;-
2710485;Coffee, instant, decaffeinated, pre-lightened and pre-sweetened with low calorie sweetener, not reconstituted;457;4,22;20,1;68,2;-
2710486;Coffee substitute;6;0,1;0,04;1,3;0,4
2710487;Chicory beverage;7;0,22;-;1,42;-
2710488;Tea, hot, leaf, black;1;-;-;0,3;-
2710489;Tea, hot, leaf, black, decaffeinated;1;-;-;0,3;-
2710490;Tea, hot, leaf, green;1;0,22;-;-;-
2710491;Tea, hot, leaf, green, decaffeinated;-;-;-;-;-
2710492;Tea, hot, leaf, oolong;1;-;-;0,15;-
2710493;Tea, iced, instant, black, unsweetened;1;0,02;-;0,23;-
2710494;Tea, iced, instant, black, pre-sweetened with sugar;30;0,01;0,05;7,31;0,1
2710495;Tea, iced, instant, black, decaffeinated, pre-sweetened with sugar;32;0,06;0,02;7,89;-
2710496;Tea, iced, instant, black, pre-sweetened with low calorie sweetener;2;0,02;-;0,44;-
2710497;Tea, iced, instant, black, decaffeinated, pre-sweetened with low calorie sweetener;3;0,03;-;0,72;-
2710498;Tea, iced, instant, black, decaffeinated, unsweetened;1;0,06;-;0,17;-
2710499;Tea, iced, instant, green, unsweetened;-;-;-;-;-
2710500;Tea, iced, instant, green, pre-sweetened with sugar;27;-;0,22;6,2;-
2710501;Tea, iced, instant, green, pre-sweetened with low calorie sweetener;4;-;-;0,93;-
2710502;Tea, hot, herbal;1;-;-;0,2;-
2710503;Tea, hot, hibiscus;-;-;-;-;-
2710504;Corn beverage;44;0,84;0,21;9,4;0,5
2710505;Tea, hot, chamomile;1;-;-;0,2;-
2710506;Tea, hot, with milk;51;1,58;1,05;8,95;0,1
2710507;Tea, ginger;1;0,02;0,01;0,18;-
2710508;Tea, bubble;55;0,39;1,39;10,4;0,1
2710509;Tea, kombucha;16;0,1;0,01;3,98;-
2710510;Tea, iced, instant, black, unsweetened, dry;315;20,2;-;58,7;8,5
2710511;Tea, iced, instant, black, pre-sweetened, dry;401;0,12;0,73;98,6;0,7
2710512;Iced Tea / Lemonade juice drink;34;0,2;0,05;9,15;0,3
2710513;Iced Tea / Lemonade juice drink, light;21;0,22;0,04;6,12;0,3
2710514;Iced Tea / Lemonade juice drink, diet;2;-;-;0,57;-
2710515;Tea, iced, brewed, black, pre-sweetened with sugar;32;-;0,02;7,94;-
2710516;Tea, iced, brewed, black, pre-sweetened with low calorie sweetener;2;-;-;0,68;-
2710517;Tea, iced, brewed, black, unsweetened;1;-;-;0,3;-
2710518;Tea, iced, brewed, black, decaffeinated, pre-sweetened with sugar;32;-;0,02;7,94;-
2710519;Tea, iced, brewed, black, decaffeinated, pre-sweetened with low calorie sweetener;2;-;-;0,68;-
2710520;Tea, iced, brewed, black, decaffeinated, unsweetened;1;-;-;0,3;-
2710521;Tea, iced, brewed, green, pre-sweetened with sugar;32;0,2;0,02;7,66;-
2710522;Tea, iced, brewed, green, pre-sweetened with low calorie sweetener;2;0,22;-;0,38;-
2710523;Tea, iced, brewed, green, unsweetened;1;0,22;-;-;-
2710524;Tea, iced, brewed, green, decaffeinated, pre-sweetened with sugar;31;-;0,02;7,66;-
2710525;Tea, iced, brewed, green, decaffeinated, pre-sweetened with low calorie sweetener;1;-;-;0,38;-
2710526;Tea, iced, brewed, green, decaffeinated, unsweetened;-;-;-;-;-
2710527;Tea, iced, bottled, black;45;-;0,22;10,8;-
2710528;Tea, iced, bottled, black, decaffeinated;38;-;-;8,75;-
2710529;Tea, iced, bottled, black, diet;1;-;-;0,22;-
2710530;Tea, iced, bottled, black, decaffeinated, diet;-;-;-;0,83;-
2710531;Tea, iced, bottled, black, unsweetened;-;-;-;-;-
2710532;Tea, iced, bottled, black, decaffeinated, unsweetened;1;-;-;0,3;-
2710533;Tea, iced, bottled, green;27;-;0,22;6,2;-
2710534;Tea, iced, bottled, green, diet;4;-;-;0,93;-
2710535;Tea, iced, bottled, green, unsweetened;-;-;-;-;-
2710536;Soft drink, NFS;42;-;0,25;10,4;-
2710537;Soft drink, NFS, diet;2;0,11;0,03;0,29;-
2710538;Water, tonic;34;-;-;8,8;-
2710539;Water, carbonated, plain;-;-;-;-;-
2710540;Water, carbonated, flavored;-;0,1;-;-;-
2710541;Soft drink, cola;42;-;0,25;10,4;-
2710542;Soft drink, cola, diet;2;0,11;0,03;0,29;-
2710543;Soft drink, cola, decaffeinated;41;-;-;10,6;-
2710544;Soft drink, cola, decaffeinated, diet;1;0,12;-;0,12;-
2710545;Soft drink, pepper type;42;-;0,25;10,4;-
2710546;Soft drink, pepper type, diet;2;0,11;0,03;0,29;-
2710547;Soft drink, pepper type, decaffeinated;41;-;-;10,6;-
2710548;Soft drink, pepper type, decaffeinated, diet;1;0,12;-;0,12;-
2710549;Soft drink, cream soda;51;-;-;13,3;-
2710550;Soft drink, cream soda, diet;-;0,1;-;-;-
2710551;Soft drink, fruit flavored, caffeine free;40;0,05;0,02;10,1;-
2710552;Soft drink, fruit flavored, diet, caffeine free;-;0,1;-;-;-
2710553;Soft drink, fruit flavored, caffeine containing;49;-;-;12,8;-
2710554;Soft drink, fruit flavored, caffeine containing, diet;-;0,1;-;-;-
2710555;Soft drink, ginger ale;34;-;-;8,76;-
2710556;Soft drink, ginger ale, diet;-;0,1;-;-;-
2710557;Soft drink, root beer;41;-;-;10,6;-
2710558;Soft drink, root beer, diet;-;0,1;-;-;-
2710559;Soft drink, chocolate flavored;42;-;-;10,7;-
2710560;Soft drink, chocolate flavored, diet;2;0,11;0,03;0,29;-
2710561;Soft drink, cola, fruit or vanilla flavored;42;-;0,25;10,4;-
2710562;Soft drink, cola, chocolate flavored;42;-;0,25;10,4;-
2710563;Soft drink, cola, fruit or vanilla flavored, diet;2;0,11;0,03;0,29;-
2710564;Soft drink, cola, chocolate flavored, diet;2;0,11;0,03;0,29;-
2710565;Fruit juice drink, citrus, carbonated;32;0,46;0,24;7,16;0,2
2710566;Fruit juice drink, noncitrus, carbonated;33;0,07;0,18;7,74;0,1
2710567;Fruit juice drink;10;-;-;2,5;-
2710568;Tamarind drink;109;0,64;0,18;27,7;1,2
2710569;Fruit punch, made with fruit juice and soda;44;0,18;0,06;10,8;0,1
2710570;Lemonade, fruit juice drink;46;-;-;12,1;-
2710571;Lemonade, fruit flavored drink;25;-;0,07;6,55;-
2710572;Lemonade, frozen concentrate, not reconstituted;196;0,22;0,7;49,9;0,3
2710573;Fruit flavored drink;64;-;-;16;-
2710574;Pina Colada, nonalcoholic;128;0,47;2,79;25,6;0,2
2710575;Margarita mix, nonalcoholic;87;0,1;0,1;21,4;-
2710576;Slush frozen drink;28;-;0,02;7,68;-
2710577;Slush frozen drink, no sugar added;11;-;0,01;3,11;-
2710578;Fruit flavored drink, with high vitamin C;27;-;-;6,67;-
2710579;Cranberry juice drink, with high vitamin C;54;-;0,1;13,5;-
2710580;Fruit juice drink, with high vitamin C;46;0,13;0,11;11,4;0,1
2710581;Vegetable and fruit juice drink, with high vitamin C;29;0,04;0,01;7,47;-
2710582;Fruit juice drink (Sunny D);54;0,13;-;13,2;0,1
2710583;Fruit flavored drink, powdered, reconstituted;25;-;0,07;6,55;-
2710584;Fruit flavored drink, with high vitamin C, powdered, reconstituted;41;-;-;10,4;-
2710585;Fruit juice drink, with high vitamin C, light;19;0,1;-;4,7;0,1
2710586;Fruit juice drink, light;39;-;0,07;10;-
2710587;Fruit juice drink, diet;1;-;-;0,47;-
2710588;Cranberry juice drink, with high vitamin C, light;19;0,1;-;4,7;0,1
2710589;Grape juice drink, light;23;0,06;0,1;5,51;0,1
2710590;Orange juice beverage, 40-50% juice, light;21;0,21;-;5,42;-
2710591;Apple juice beverage, 40-50% juice, light;22;-;0,1;5,1;-
2710592;Lemonade, fruit juice drink, light;21;-;-;5;-
2710593;Pomegranate juice beverage, 40-50% juice, light;27;0,08;0,14;6,56;-
2710594;Vegetable and fruit juice drink, with high vitamin C, diet;4;-;-;1,1;-
2710595;Vegetable and fruit juice drink, with high vitamin C, light;4;-;-;1,1;-
2710596;Fruit flavored drink, with high vitamin C, diet;2;-;-;0,87;-
2710597;Fruit flavored drink, diet;4;0,01;-;1,45;-
2710598;Fruit flavored drink, with high vitamin C, powdered, reconstituted, diet;2;-;-;0,87;-
2710599;Fruit flavored drink, powdered, reconstituted, diet;2;-;-;0,73;-
2710600;Fruit juice drink (Capri Sun);39;-;0,07;10;-
2710601;Fruit juice drink, added calcium (Sunny D);53;-;-;13,2;0,1
2710602;Horchata, made with water;88;1,09;0,13;20,4;0,5
2710603;Horchata, made with milk;91;1,42;0,63;19,6;0,4
2710604;Frescavena;45;0,25;0,15;10,6;0,2
2710605;Atole de avena;83;1,74;1,58;15,5;0,2
2710606;Sugar cane beverage;74;-;-;20,2;-
2710607;Atole;86;1,69;1,54;16,3;0,2
2710608;Atole de chocolate;103;1,8;1,78;20,3;0,6
2710609;Wine, nonalcoholic;6;0,5;-;1,1;-
2710610;Beer, nonalcoholic;37;0,21;0,12;8,05;-
2710611;Shirley Temple;56;-;-;14,2;0,1
2710612;Fruit flavored drink, with high vitamin C, powdered, not reconstituted;386;-;-;98,9;0,4
2710613;Fruit flavored drink, powdered, not reconstituted;380;-;1,01;97,9;-
2710614;Fruit flavored drink, powdered, not reconstituted, diet;218;0,45;0,04;87,4;0,1
2710615;Sports drink, dry concentrate, not reconstituted;380;-;1,01;97,9;-
2710616;Beer;43;0,46;-;3,55;-
2710617;Beer, light;29;0,24;-;1,64;-
2710618;Beer, higher alcohol;58;0,9;-;0,27;-
2710619;Alcoholic malt beverage, sweetened;68;-;-;10,1;-
2710620;Alcoholic malt beverage;58;0,9;-;0,27;-
2710621;Hard cider;56;-;-;5,92;-
2710622;Hard seltzer;24;0,07;-;0,55;-
2710623;Liqueur;279;-;0,11;33,2;-
2710624;Liqueur, cream;296;0,15;2,74;33,5;-
2710625;Liqueur, coffee flavored;336;0,1;0,3;46,8;-
2710626;Cocktail, NFS;89;-;0,19;7,8;-
2710627;Brandy Alexander;238;1,05;3,83;18,9;-
2710628;Bloody Mary;73;0,67;0,23;3,8;0,4
2710629;Cape Cod;98;-;0,08;10,2;-
2710630;Daiquiri;119;0,09;0,1;15,6;0,1
2710631;Gelatin shot, alcoholic;102;0,24;-;2,8;-
2710632;Gimlet;188;0,1;0,03;5,08;0,1
2710633;Gin and tonic;84;-;-;6,57;-
2710634;Greyhound;87;0,42;0,36;6,28;0,2
2710635;Jagerbomb;102;0,34;0,03;16;-
2710636;Kamikaze;187;0,06;0,07;6,93;0,1
2710637;Manhattan;222;0,03;-;1,82;-
2710638;Margarita;122;0,08;0,08;16,1;-
2710639;Martini;201;0,07;-;0,15;-
2710640;Martini, flavored;187;0,09;0,03;6,36;0,1
2710641;Michelada;33;0,66;0,15;4,05;0,2
2710642;Mimosa;64;0,43;0,18;6,49;0,2
2710643;Mint julep;187;-;0,01;5,75;-
2710644;Mojito;61;0,09;0,03;2,45;0,2
2710645;Moscow mule;91;-;0,01;8,6;-
2710646;Old fashioned;164;0,16;0,04;6,11;0,5
2710647;Orange Blossom;98;0,57;0,26;9,32;0,2
2710648;Rob Roy;212;0,05;-;3,6;-
2710649;Rusty Nail;244;-;0,03;8,74;-
2710650;Screwdriver;92;0,58;0,26;7,66;0,2
2710651;Seabreeze;92;0,21;0,22;8,23;0,1
2710652;Seven and Seven;87;0,04;0,02;7,63;-
2710653;Tom Collins;123;0,08;0,08;16,1;-
2710654;Whiskey sour;123;0,08;0,08;16,1;-
2710655;Whiskey and soda;59;-;-;-;-
2710656;Whiskey and water;59;-;-;-;-
2710657;Whiskey and cola;89;-;0,19;7,8;-
2710658;Whiskey and diet cola;60;0,08;0,02;0,22;-
2710659;Whiskey and ginger ale;83;-;-;6,59;-
2710660;Rum and cola;89;-;0,19;7,8;-
2710661;Rum and diet cola;60;0,08;0,02;0,22;-
2710662;Pina Colada;151;0,36;2,14;19,5;0,1
2710663;Brandy and cola;89;-;0,19;7,8;-
2710664;Vodka and soda;59;-;-;-;-
2710665;Vodka and lemonade;93;-;-;9,02;-
2710666;Vodka and cola;89;-;0,19;7,8;-
2710667;Vodka and diet cola;60;0,08;0,02;0,22;-
2710668;Vodka and energy drink;90;0,35;-;7,7;-
2710669;Vodka and water;59;-;-;-;-
2710670;Vodka and tonic;84;-;-;6,57;-
2710671;Sloe gin fizz;66;0,03;0,01;2,22;-
2710672;Black Russian;279;0,04;0,14;21,2;-
2710673;White Russian;181;2,15;7,9;11,2;-
2710674;Fruit punch, alcoholic;90;0,14;0,04;8,14;0,1
2710675;Champagne punch;120;0,16;0,06;11,5;0,1
2710676;Singapore Sling;93;0,12;0,04;7,25;0,2
2710677;Mai Tai;149;0,18;0,07;16,5;0,1
2710678;Tequila Sunrise;111;0,52;0,23;12,6;0,2
2710679;Long Island iced tea;107;0,01;0,15;8,66;-
2710680;Fuzzy Navel;107;0,57;0,28;16,2;0,2
2710681;Alcoholic coffee drink;88;0,21;2,38;2,1;-
2710682;Frozen daiquiri;127;0,07;0,08;17,6;-
2710683;Frozen margarita;122;0,08;0,08;16,1;-
2710684;Eggnog, alcoholic;113;3,74;3,45;6,62;-
2710685;Gin fizz;66;0,03;0,01;2,22;-
2710686;Rum, hot buttered;160;0,08;4,47;4,95;0,1
2710687;Wine, sparkling;75;0,07;-;2,31;-
2710688;Wine, red;85;0,07;-;2,61;-
2710689;Wine, white;82;0,07;-;2,6;-
2710690;Wine, rose;83;0,36;-;3,8;-
2710691;Wine, rice;134;0,5;-;5;-
2710692;Wine, dessert, sweet;160;0,2;-;13,7;-
2710693;Wine, light;49;0,07;-;1,17;-
2710694;Wine cooler;68;-;-;10,1;-
2710695;Sangria, red;85;0,04;0,02;7,23;-
2710696;Sangria, white;83;0,04;0,02;7,22;-
2710697;Wine spritzer;49;0,04;-;1,62;-
2710698;Glug;96;0,1;0,14;6,24;0,1
2710699;Brandy;231;-;-;-;-
2710700;Whiskey;231;-;-;-;-
2710701;Scotch;231;-;-;-;-
2710702;Gin;231;-;-;-;-
2710703;Rum;231;-;-;-;-
2710704;Vodka;231;-;-;-;-
2710705;Tequila;231;-;-;-;-
2710706;Water, NFS;-;-;-;-;-
2710707;Water, tap;-;-;-;-;-
2710708;Water, bottled, plain;-;-;-;-;-
2710709;Water, non-carbonated, flavored;1;-;-;0,13;-
2710710;Water beverage, fruit flavored;18;-;-;4,5;-
2710711;Water, enhanced, regular;22;-;-;5,49;-
2710712;Water, enhanced, diet;-;-;-;-;-
2710713;Water, baby;-;-;-;-;-
2710714;Nutritional drink or shake, ready-to-drink (Boost);101;4,22;1,69;17,3;1,3
2710715;Nutritional drink or shake, ready-to-drink (Boost Plus);138;5,38;5,38;17,3;1,2
2710716;Nutritional drink or shake, ready-to-drink (Carnation Instant Breakfast);92;5,51;2,04;12,9;0,1
2710717;Nutritional drink or shake, ready-to-drink (Ensure);105;3,8;2,53;16,9;-
2710718;Nutritional drink or shake, ready-to-drink (Ensure Plus);141;5,16;4,52;19,9;-
2710719;Nutritional drink or shake, ready-to-drink, sugar free (Glucerna);88;4,4;3,08;11,9;2,2
2710720;Nutritional drink or shake, ready-to-drink (Muscle Milk);52;5,87;2,17;2,28;0,2
2710721;Nutritional drink or shake, ready-to-drink, light (Muscle Milk);38;4,78;1,15;2,1;0,2
2710722;Nutritional drink or shake, ready-to-drink (Slim Fast);57;3,32;1,93;7,74;1,6
2710723;Nutritional drink or shake, ready-to-drink, sugar free (Slim Fast);57;3,32;1,93;7,74;1,6
2710724;Nutritional drink or shake, high protein, ready-to-drink (Slim Fast);61;6,59;3,38;0,85;0,4
2710725;Nutritional drink or shake, ready-to-drink, NFS;105;3,8;2,53;16,9;-
2710726;Nutritional drink or shake, high protein, ready-to-drink, NFS;61;6,59;3,38;0,85;0,4
2710727;Nutritional drink or shake, high protein, light, ready-to-drink, NFS;138;5,38;5,38;17,3;1,2
2710728;Nutritional drink or shake, liquid, soy-based;138;5,38;5,38;17,3;1,2
2710729;Nutritional powder mix (Carnation Instant Breakfast);353;19,9;1,4;66,2;0,4
2710730;Nutritional powder mix, sugar free (Carnation Instant Breakfast);358;35,8;5,1;41;2
2710731;Nutritional powder mix (EAS Whey Protein Powder);385;66,7;5,13;18;-
2710732;Nutritional powder mix (EAS Soy Protein Powder);405;47,6;3,57;43,9;-
2710733;Nutritional powder mix, high protein (Herbalife);392;53,6;10,7;20,4;-
2710734;Nutritional powder mix (Isopure);359;58,1;1,16;29,1;-
2710735;Nutritional powder mix (Muscle Milk);411;45,7;17,1;18,5;7,1
2710736;Nutritional powder mix, light (Muscle Milk);396;50;12;22;2
2710737;Nutritional powder mix (Slim Fast);448;8,13;13,3;73,9;18,1
2710738;Nutritional powder mix, sugar free (Slim Fast);448;8,13;13,3;73,9;18,1
2710739;Nutritional powder mix, high protein (Slim Fast);433;27,9;13,5;50;18,2
2710740;Nutritional powder mix, NFS;353;19,9;1,4;66,2;0,4
2710741;Nutritional powder mix, high protein, NFS;392;53,6;10,7;20,4;-
2710742;Nutritional powder mix, whey based, NFS;352;78,1;1,56;6,25;3,1
2710743;Nutritional powder mix, protein, soy based, NFS;388;55,6;5,56;28,9;6,7
2710744;Nutritional powder mix, protein, light, NFS;396;50;12;22;2
2710745;Nutritional powder mix, protein, NFS;352;78,1;1,56;6,25;3,1
2710746;Energy drink (Full Throttle);46;0,25;0,08;12,1;-
2710747;Energy drink (Monster);47;0,47;-;11,3;-
2710748;Energy drink (Mountain Dew AMP);46;0,25;0,08;12,1;-
2710749;Energy drink (No Fear);62;0,42;-;15;-
2710750;Energy drink (No Fear Motherload);62;0,42;-;15;-
2710751;Energy drink (NOS);44;-;-;11,2;-
2710752;Energy drink (Red Bull);43;0,46;-;10,2;-
2710753;Energy drink (Rockstar);58;0,34;0,22;12,7;-
2710754;Energy drink (SoBe Energize Energy Juice Drink);45;-;-;11,3;-
2710755;Energy drink (Vault);49;-;-;13;-
2710756;Energy Drink;43;0,46;-;10,2;-
2710757;Energy drink, low calorie (Monster);5;-;-;1,38;-
2710758;Energy drink, sugar free (Monster);5;-;-;1,38;-
2710759;Energy drink, sugar free (Mountain Dew AMP);2;-;-;1,03;-
2710760;Energy drink, sugar free (No Fear);4;0,42;-;0,42;-
2710761;Energy drink, sugar-free (NOS);4;-;-;1,03;-
2710762;Energy drink (Ocean Spray Cran-Energy Juice Drink);15;-;-;3,75;-
2710763;Energy drink, sugar-free (Red Bull);5;0,25;0,08;0,7;-
2710764;Energy drink, sugar free (Rockstar);4;0,25;0,08;0,7;-
2710765;Energy drink, sugar free (Vault);1;0,25;0,08;0,7;-
2710766;Energy drink (XS);5;0,25;0,08;0,7;-
2710767;Energy drink (XS Gold Plus);5;0,25;0,08;0,7;-
2710768;Energy drink, sugar free;4;0,25;0,08;0,7;-
2710769;Sports drink (Gatorade G);26;-;-;6,43;-
2710770;Sports drink (Powerade);32;-;0,05;7,84;-
2710771;Sports drink, NFS;26;-;-;6,43;-
2710772;Sports drink, low calorie (Gatorade G2);8;0,05;0,01;1,94;-
2710773;Sports drink, low calorie (Powerade Zero);-;-;-;0,14;-
2710774;Sports drink, low calorie;8;0,05;0,01;1,94;-
2710775;Fluid replacement, electrolyte solution;10;-;-;2,45;-
2710776;Fluid replacement, 5% glucose in water;-;-;-;0,12;-
2710777;Fruit juice, acai blend;62;0,83;0,83;12,8;1,2
2710778;Cheese as ingredient in sandwiches;358;20,4;28,4;5,04;-
2710779;Cheese and Queso as ingredient;362;21,9;29,3;2,4;-
2710780;Beef as ingredient in recipes;261;26,4;16,5;-;-
2710781;Breakfast meat as ingredient in omelet;252;20,8;17,9;1,61;-
2710782;Chicken as ingredient in recipes;182;28,1;7,34;-;-
2710783;Fish, cooked, as ingredient;82;19,4;0,56;-;-
2710784;Fish fillet, fried as ingredient in sandwiches;195;18,2;10,1;8,27;0,3
2710785;Breading or batter as ingredient in food;201;6,56;1,63;40,1;1,6
2710786;Wheat bread as ingredient in sandwiches;264;11,4;3,98;45,4;5,4
2710787;Wheat bun as ingredient in sandwiches;264;11,4;3,98;45,4;5,4
2710788;Rice, white, cooked, as ingredient;130;2,54;0,37;29;-
2710789;Rice, brown, cooked, as ingredient;124;2,45;1,12;25,9;1
2710790;Potato, cooked, as ingredient;81;2,13;0,3;17,4;2,2
2710791;Spinach, cooked, as ingredient;33;3,42;0,71;3,11;1,9
2710792;Broccoli, cooked, as ingredient;41;2,68;0,35;6,53;2,5
2710793;Carrots, cooked, as ingredient;50;0,98;0,36;10,7;3,2
2710794;Sweet potato, cooked, as ingredient;82;1,65;0,4;18;3,1
2710795;Tomatoes, cooked, as ingredient;22;1,1;0,25;4,86;1,5
2710796;Onions, cooked, as ingredient;47;1,29;0,12;11;2
2710797;Mushrooms, cooked, as ingredient;39;3,62;0,43;5,16;2,2
2710798;Green pepper, cooked, as ingredient;25;0,77;0,12;5,14;1
2710799;Red pepper, cooked, as ingredient;33;0,97;0,14;7,15;1,3
2710800;Cabbage, cooked, as ingredient;32;1;0,24;6,65;2,6
2710801;Cauliflower, cooked, as ingredient;26;2;0,29;5,18;2,1
2710802;Eggplant, cooked, as ingredient;27;1,05;0,19;6,32;3,2
2710803;Green beans, cooked, as ingredient;42;2,05;0,29;7,72;3,1
2710804;Summer squash, cooked, as ingredient;21;1,31;0,35;4,11;1,2
2710805;Celery, cooked, as ingredient;18;0,53;0,17;3,57;1,7
2710806;Dark green vegetables as ingredient in omelet;35;2,97;0,56;4,51;1,9
2710807;Tomatoes as ingredient in omelet;25;1,1;0,23;5,49;1,5
2710808;Other vegetables as ingredient in omelet;39;3,24;0,39;5,74;2,1
2710809;Mirepoix, cooked, as ingredient;41;1,02;0,19;9,06;2,2
2710810;Vegetables as ingredient in curry;53;1,81;0,2;11,7;2,2
2710811;Vegetables as ingredient in soups;50;1,87;0,33;10,6;2
2710812;Vegetables as ingredient in stews;59;1,77;0,3;12,7;2,6
2710813;Sauce as ingredient in hamburgers;272;1,34;22,8;17,1;0,6
2710814;Industrial oil as ingredient in food;892;-;100;-;-